SET @email_ambisis = "seuemail@ambisis.com.br";
drop database if exists ambisistest;
CREATE DATABASE ambisistest CHARACTER SET utf8 COLLATE utf8_general_ci;
use ambisistest;

-- MySQL dump 10.13  Distrib 5.5.62, for Win64 (AMD64)
--
-- Host: localhost    Database: ambisistest
-- ------------------------------------------------------
-- Server version	5.5.5-10.1.38-MariaDB

/*!40101 SET @OLD_CHARACTER_SET_CLIENT=@@CHARACTER_SET_CLIENT */;
/*!40101 SET @OLD_CHARACTER_SET_RESULTS=@@CHARACTER_SET_RESULTS */;
/*!40101 SET @OLD_COLLATION_CONNECTION=@@COLLATION_CONNECTION */;
/*!40101 SET NAMES utf8 */;
/*!40103 SET @OLD_TIME_ZONE=@@TIME_ZONE */;
/*!40103 SET TIME_ZONE='+00:00' */;
/*!40014 SET @OLD_UNIQUE_CHECKS=@@UNIQUE_CHECKS, UNIQUE_CHECKS=0 */;
/*!40014 SET @OLD_FOREIGN_KEY_CHECKS=@@FOREIGN_KEY_CHECKS, FOREIGN_KEY_CHECKS=0 */;
/*!40101 SET @OLD_SQL_MODE=@@SQL_MODE, SQL_MODE='NO_AUTO_VALUE_ON_ZERO' */;
/*!40111 SET @OLD_SQL_NOTES=@@SQL_NOTES, SQL_NOTES=0 */;

--
-- Table structure for table `arquivo`
--

DROP TABLE IF EXISTS `arquivo`;
/*!40101 SET @saved_cs_client     = @@character_set_client */;
/*!40101 SET character_set_client = utf8 */;
CREATE TABLE `arquivo` (
  `id` int(10) NOT NULL AUTO_INCREMENT,
  `module` int(10) NOT NULL,
  `moduleId` int(10) NOT NULL,
  `keyS3` varchar(255) NOT NULL,
  `name` varchar(255) DEFAULT NULL,
  PRIMARY KEY (`id`)
) ENGINE=InnoDB DEFAULT CHARSET=utf8;
/*!40101 SET character_set_client = @saved_cs_client */;

--
-- Dumping data for table `arquivo`
--

LOCK TABLES `arquivo` WRITE;
/*!40000 ALTER TABLE `arquivo` DISABLE KEYS */;
/*!40000 ALTER TABLE `arquivo` ENABLE KEYS */;
UNLOCK TABLES;

--
-- Table structure for table `auditoria`
--

DROP TABLE IF EXISTS `auditoria`;
/*!40101 SET @saved_cs_client     = @@character_set_client */;
/*!40101 SET character_set_client = utf8 */;
CREATE TABLE `auditoria` (
  `id` int(10) NOT NULL AUTO_INCREMENT,
  `usuarioId` int(10) NOT NULL,
  `data` timestamp NOT NULL DEFAULT CURRENT_TIMESTAMP ON UPDATE CURRENT_TIMESTAMP,
  `tabela` varchar(50) NOT NULL,
  `conteudoAtual` text NOT NULL,
  `idModificado` int(10) NOT NULL,
  `acao` char(1) NOT NULL,
  PRIMARY KEY (`id`)
) ENGINE=InnoDB DEFAULT CHARSET=utf8;
/*!40101 SET character_set_client = @saved_cs_client */;

--
-- Dumping data for table `auditoria`
--

LOCK TABLES `auditoria` WRITE;
/*!40000 ALTER TABLE `auditoria` DISABLE KEYS */;
/*!40000 ALTER TABLE `auditoria` ENABLE KEYS */;
UNLOCK TABLES;

--
-- Table structure for table `auth_funcao`
--

DROP TABLE IF EXISTS `auth_funcao`;
/*!40101 SET @saved_cs_client     = @@character_set_client */;
/*!40101 SET character_set_client = utf8 */;
CREATE TABLE `auth_funcao` (
  `id` int(10) unsigned NOT NULL AUTO_INCREMENT,
  `funcaoNome` varchar(100) NOT NULL,
  `status` enum('1','0') NOT NULL DEFAULT '1',
  PRIMARY KEY (`id`)
) ENGINE=InnoDB AUTO_INCREMENT=6 DEFAULT CHARSET=utf8;
/*!40101 SET character_set_client = @saved_cs_client */;

--
-- Dumping data for table `auth_funcao`
--

LOCK TABLES `auth_funcao` WRITE;
/*!40000 ALTER TABLE `auth_funcao` DISABLE KEYS */;
INSERT INTO `auth_funcao` VALUES (1,'Administrador','1'),(2,'Operador','1'),(3,'Financeiro','1'),(4,'Gestor de resíduos','1'),(5,'Gestor de projetos','1');
/*!40000 ALTER TABLE `auth_funcao` ENABLE KEYS */;
UNLOCK TABLES;

--
-- Table structure for table `auth_funcaopermissao`
--

DROP TABLE IF EXISTS `auth_funcaopermissao`;
/*!40101 SET @saved_cs_client     = @@character_set_client */;
/*!40101 SET character_set_client = utf8 */;
CREATE TABLE `auth_funcaopermissao` (
  `id` int(10) unsigned NOT NULL AUTO_INCREMENT,
  `auth_funcaoId` int(10) unsigned NOT NULL,
  `auth_permissaoId` int(10) unsigned NOT NULL,
  PRIMARY KEY (`id`)
) ENGINE=InnoDB AUTO_INCREMENT=72 DEFAULT CHARSET=latin1;
/*!40101 SET character_set_client = @saved_cs_client */;

--
-- Dumping data for table `auth_funcaopermissao`
--

LOCK TABLES `auth_funcaopermissao` WRITE;
/*!40000 ALTER TABLE `auth_funcaopermissao` DISABLE KEYS */;
INSERT INTO `auth_funcaopermissao` VALUES (1,1,1),(2,1,2),(3,1,3),(4,1,4),(5,1,5),(6,1,6),(7,1,7),(8,1,8),(9,1,9),(10,1,10),(11,1,11),(12,1,12),(13,1,13),(14,2,1),(15,2,3),(16,2,4),(17,2,6),(18,2,7),(19,2,8),(20,3,2),(21,3,5),(22,2,2),(23,3,2),(24,3,1),(25,1,14),(26,2,14),(27,1,15),(28,2,15),(29,3,15),(30,1,16),(31,2,16),(32,1,17),(33,2,17),(34,1,18),(35,2,18),(36,1,19),(37,2,19),(38,4,7),(39,4,17),(40,4,18),(41,4,19),(42,4,1),(43,1,20),(44,2,20),(45,1,21),(46,2,21),(47,1,22),(48,2,22),(49,2,11),(50,3,11),(51,4,11),(52,2,12),(53,3,12),(54,4,12),(55,1,24),(56,1,25),(57,2,25),(58,3,25),(59,4,25),(60,1,26),(61,2,26),(62,1,27),(63,2,27),(64,1,28),(65,2,28),(66,5,1),(67,5,2),(68,5,15),(69,5,27),(70,1,29),(71,2,29);
/*!40000 ALTER TABLE `auth_funcaopermissao` ENABLE KEYS */;
UNLOCK TABLES;

--
-- Table structure for table `auth_log`
--

DROP TABLE IF EXISTS `auth_log`;
/*!40101 SET @saved_cs_client     = @@character_set_client */;
/*!40101 SET character_set_client = utf8 */;
CREATE TABLE `auth_log` (
  `id` int(10) unsigned NOT NULL AUTO_INCREMENT,
  `auth_usuarioId` int(10) unsigned DEFAULT NULL,
  `auth_usuarioEmail` varchar(45) DEFAULT NULL,
  `ip` varchar(20) DEFAULT NULL,
  `navegador` varchar(30) DEFAULT NULL,
  `so` varchar(30) DEFAULT NULL,
  `dataHoraAcesso` timestamp NULL DEFAULT CURRENT_TIMESTAMP ON UPDATE CURRENT_TIMESTAMP,
  PRIMARY KEY (`id`)
) ENGINE=InnoDB AUTO_INCREMENT=2302 DEFAULT CHARSET=latin1;
/*!40101 SET character_set_client = @saved_cs_client */;

--
-- Dumping data for table `auth_log`
--

LOCK TABLES `auth_log` WRITE;
/*!40000 ALTER TABLE `auth_log` DISABLE KEYS */;
INSERT INTO `auth_log` VALUES (1,1,NULL,'189.45.200.162','Google Chrome','windows','2019-11-07 22:49:48'),(2,1,NULL,'189.45.200.162','Google Chrome','windows','2019-11-07 22:50:32'),(3,1,NULL,'189.45.200.162','Google Chrome','windows','2019-11-07 22:52:03'),(4,1,NULL,'189.45.200.162','Google Chrome','windows','2019-11-07 22:52:17'),(5,1,NULL,'189.45.200.162','Google Chrome','windows','2019-11-07 23:00:01'),(6,1,NULL,'189.45.200.162','Google Chrome','windows','2019-11-07 23:48:28'),(7,1,NULL,'2804:7f5:d180:4fe6:9','Google Chrome','windows','2019-11-08 02:02:07'),(8,0,'airanpossamai@gmail.com','177.101.96.129','Google Chrome','windows','2019-11-08 11:46:25'),(9,0,NULL,'177.101.96.129','Google Chrome','windows','2019-11-08 12:06:27'),(10,1,NULL,'177.101.96.129','Google Chrome','windows','2019-11-08 13:52:33'),(11,1,NULL,'177.101.96.129','Google Chrome','windows','2019-11-08 14:00:24'),(12,1,NULL,'179.183.200.203','Google Chrome','windows','2019-11-11 12:00:19'),(13,1,NULL,'179.183.200.203','Google Chrome','windows','2019-11-11 13:16:33'),(14,0,NULL,'179.183.200.203','Google Chrome','windows','2019-11-11 13:31:03'),(15,1,NULL,'179.183.200.203','Google Chrome','windows','2019-11-11 13:31:13'),(16,1,NULL,'179.183.200.203','Google Chrome','windows','2019-11-12 14:08:08'),(17,4,NULL,'179.183.200.203','Google Chrome','windows','2019-11-12 14:16:20'),(18,1,NULL,'191.245.86.80','Google Chrome','linux','2019-11-13 10:23:58'),(19,1,NULL,'2804:7f5:d180:d376:c','Google Chrome','windows','2019-11-13 19:07:33'),(20,1,NULL,'2804:7f5:d180:d376:c','Mozilla Firefox','windows','2019-11-14 11:17:27'),(21,1,NULL,'2804:7f5:d180:d376:c','Google Chrome','windows','2019-11-14 11:46:16'),(22,1,NULL,'2804:7f5:d180:d376:c','Google Chrome','windows','2019-11-14 11:51:05'),(23,1,NULL,'189.45.200.162','Google Chrome','windows','2019-11-14 22:33:51'),(24,1,NULL,'189.45.200.162','Google Chrome','windows','2019-11-14 23:20:03'),(25,1,NULL,'191.245.84.7','Google Chrome','linux','2019-11-22 18:46:06'),(26,1,NULL,'2804:7f5:d180:8dcd:8','Google Chrome','linux','2019-11-24 16:17:02'),(27,1,NULL,'179.187.200.232','Google Chrome','windows','2019-12-02 11:50:54'),(28,1,NULL,'179.187.200.232','Google Chrome','windows','2019-12-02 12:41:21'),(29,1,NULL,'189.45.200.162','Google Chrome','windows','2019-12-02 18:20:47'),(30,1,NULL,'189.45.200.162','Google Chrome','windows','2019-12-02 18:31:36'),(31,1,NULL,'179.187.200.232','Google Chrome','windows','2019-12-03 11:55:21'),(32,1,NULL,'179.187.200.232','Google Chrome','windows','2019-12-03 12:10:14'),(33,0,NULL,'179.187.200.232','Google Chrome','windows','2019-12-03 12:49:40'),(34,1,NULL,'179.187.200.232','Google Chrome','windows','2019-12-03 12:49:50'),(35,1,NULL,'189.45.200.162','Google Chrome','windows','2019-12-03 17:55:14'),(36,1,NULL,'2804:7f5:d180:527e:f','Google Chrome','windows','2019-12-04 14:39:44'),(37,1,NULL,'2804:7f5:d180:527e:f','Google Chrome','windows','2019-12-04 15:24:00'),(38,1,NULL,'179.183.206.0','Google Chrome','windows','2019-12-10 14:24:41'),(39,1,NULL,'2804:7f5:d180:2e5:14','Google Chrome','windows','2019-12-10 19:15:36'),(40,1,NULL,'2804:7f5:d180:2e5:14','Google Chrome','windows','2019-12-10 20:06:25'),(41,1,NULL,'2804:7f5:d180:2e5:14','Google Chrome','windows','2019-12-11 01:16:05'),(42,1,NULL,'177.82.224.228','Google Chrome','linux','2019-12-11 11:16:08'),(43,1,NULL,'2804:7f5:d180:2e5:b0','Google Chrome','windows','2019-12-11 13:58:36'),(44,1,NULL,'2804:7f5:d180:2e5:b0','Google Chrome','windows','2019-12-11 13:59:22'),(45,1,NULL,'2804:7f5:d180:2e5:b0','Google Chrome','windows','2019-12-11 14:04:50'),(46,1,NULL,'2804:7f5:d180:2e5:b0','Google Chrome','windows','2019-12-11 14:06:38'),(47,1,NULL,'2804:7f5:d180:2e5:b0','Google Chrome','windows','2019-12-11 14:07:09'),(48,1,NULL,'2804:7f5:d180:2e5:b0','Google Chrome','windows','2019-12-11 14:08:33'),(49,1,NULL,'2804:7f5:d180:2e5:b0','Google Chrome','windows','2019-12-11 17:38:29'),(50,1,NULL,'2804:7f5:d180:2e5:b0','Google Chrome','windows','2019-12-11 18:38:30'),(51,1,NULL,'2804:7f5:d180:9b6e:c','Google Chrome','windows','2019-12-12 12:20:21'),(52,1,NULL,'2804:7f5:d180:9b6e:c','Google Chrome','windows','2019-12-12 12:26:25'),(53,1,NULL,'2804:7f5:d180:9b6e:c','Google Chrome','windows','2019-12-12 13:20:31'),(54,1,NULL,'2804:7f5:d180:9b6e:c','Google Chrome','windows','2019-12-12 13:25:20'),(55,1,NULL,'177.101.96.129','Google Chrome','windows','2019-12-13 16:14:38'),(56,1,NULL,'177.101.96.129','Google Chrome','windows','2019-12-13 16:50:18'),(57,1,NULL,'177.101.96.129','Google Chrome','windows','2019-12-13 16:53:34'),(58,1,NULL,'2804:7f5:d180:7d5d:9','Google Chrome','windows','2019-12-16 02:36:01'),(59,1,NULL,'2804:7f5:d180:7d5d:9','Google Chrome','windows','2019-12-16 14:40:45'),(60,0,'eleine@ambisis.com.br','2804:7f5:d180:7d5d:9','Google Chrome','windows','2019-12-16 14:44:08'),(61,5,NULL,'2804:7f5:d180:7d5d:9','Google Chrome','windows','2019-12-16 14:44:27'),(62,0,'airanpossamai@gmail.com','2804:7f5:d180:7d5d:9','Google Chrome','windows','2019-12-16 15:03:55'),(63,1,NULL,'2804:7f5:d180:7d5d:9','Google Chrome','windows','2019-12-16 15:04:10'),(64,1,NULL,'2804:7f5:d180:7d5d:9','Google Chrome','windows','2019-12-16 15:04:21'),(65,5,NULL,'2804:7f5:d180:7d5d:9','Google Chrome','windows','2019-12-16 15:04:52'),(66,1,NULL,'2804:7f5:d180:7d5d:4','Google Chrome','windows','2019-12-16 18:53:06'),(67,1,NULL,'2804:7f5:d180:7d5d:2','Google Chrome','windows','2019-12-16 19:59:15'),(68,1,NULL,'2804:7f5:d180:7d5d:2','Google Chrome','windows','2019-12-16 20:00:57'),(69,1,NULL,'2804:7f5:d180:13cd:3','Google Chrome','windows','2019-12-17 00:15:40'),(70,1,NULL,'2804:7f5:d180:13cd:2','Google Chrome','windows','2019-12-17 12:14:40'),(71,1,NULL,'189.114.216.242','Google Chrome','windows','2019-12-17 21:20:11'),(72,1,NULL,'189.114.216.242','Google Chrome','windows','2019-12-17 23:57:31'),(73,1,NULL,'189.114.216.242','Google Chrome','windows','2019-12-18 14:33:28'),(74,0,'airanpossamai@gmail.com','189.114.216.242','Mozilla Firefox','windows','2019-12-18 19:25:05'),(75,1,NULL,'189.114.216.242','Mozilla Firefox','windows','2019-12-18 19:25:15'),(76,1,NULL,'189.114.216.242','Google Chrome','windows','2019-12-18 19:46:05'),(77,0,'airanpossamai@gmail.com','189.114.216.242','Google Chrome','windows','2019-12-18 20:04:22'),(78,0,'airanpossamai@gmail.com','189.114.216.242','Google Chrome','windows','2019-12-18 20:04:35'),(79,1,NULL,'189.114.216.242','Google Chrome','windows','2019-12-18 20:04:48'),(80,1,NULL,'2804:7f5:d180:d5ab:6','Google Chrome','windows','2019-12-19 17:53:24'),(81,0,'airanpossamai@gmail.com','179.187.205.108','Google Chrome','windows','2019-12-19 18:57:44'),(82,1,NULL,'179.187.205.108','Google Chrome','windows','2019-12-19 18:58:22'),(83,0,'airanpossmai@gmail.com','179.187.205.108','Google Chrome','windows','2019-12-19 19:52:42'),(84,1,NULL,'179.187.205.108','Google Chrome','windows','2019-12-19 19:53:00'),(85,1,NULL,'179.187.205.108','Google Chrome','windows','2019-12-20 18:02:53'),(86,0,'airanpossamai@gmail.com','2804:14c:5f87:8354:c','Google Chrome','linux','2019-12-20 20:37:58'),(87,1,NULL,'2804:14c:5f87:8354:c','Google Chrome','linux','2019-12-20 20:38:20'),(88,1,NULL,'2804:14c:5f87:8354:c','Google Chrome','linux','2019-12-20 20:40:00'),(89,1,NULL,'2804:14c:5f87:8354:c','Google Chrome','linux','2019-12-21 10:34:07'),(90,0,'airanpossamai@gmail.com','2804:14c:5f87:8354:c','Google Chrome','linux','2019-12-21 17:03:03'),(91,1,NULL,'2804:14c:5f87:8354:c','Google Chrome','linux','2019-12-21 17:03:27'),(92,0,'airanpossamai@gmail.com','191.249.68.210','Google Chrome','windows','2020-01-07 12:58:24'),(93,1,NULL,'191.249.68.210','Google Chrome','windows','2020-01-07 12:58:36'),(94,1,NULL,'2804:7f5:d180:fe8b:4','Google Chrome','windows','2020-01-07 14:21:16'),(95,1,NULL,'2804:7f5:d180:fe8b:4','Google Chrome','windows','2020-01-07 14:49:16'),(96,1,NULL,'186.212.92.184','Google Chrome','windows','2020-01-08 12:49:51'),(97,1,NULL,'186.212.92.184','Google Chrome','windows','2020-01-08 13:15:41'),(98,0,'airanpossamai@gmail.com','186.212.92.184','Google Chrome','windows','2020-01-08 13:44:58'),(99,1,NULL,'186.212.92.184','Google Chrome','windows','2020-01-08 13:45:25'),(100,0,'airanpossamai@gmail.com','186.212.92.184','Google Chrome','windows','2020-01-08 21:36:57'),(101,0,'airanpossamai@gmail.com','186.212.92.184','Google Chrome','windows','2020-01-08 21:37:11'),(102,1,NULL,'186.212.92.184','Google Chrome','windows','2020-01-08 21:37:28'),(103,1,NULL,'2804:7f5:d180:7f18:a','Google Chrome','windows','2020-01-09 12:33:26'),(104,1,NULL,'2804:7f5:d180:7f18:a','Google Chrome','windows','2020-01-09 12:33:59'),(105,1,NULL,'2804:7f5:d180:7f18:a','Google Chrome','windows','2020-01-09 12:45:11'),(106,1,NULL,'2804:7f5:d180:fd10:e','Google Chrome','windows','2020-01-10 18:54:02'),(107,1,NULL,'2804:7f5:d180:b59c:4','Google Chrome','windows','2020-01-13 11:50:33'),(108,1,NULL,'2804:7f5:d180:d595:f','Google Chrome','windows','2020-01-13 13:45:52'),(109,1,NULL,'2804:7f5:d180:d595:f','Google Chrome','windows','2020-01-13 13:49:45'),(110,1,NULL,'2804:7f5:d180:d595:f','Google Chrome','windows','2020-01-13 14:00:52'),(111,1,NULL,'2804:7f5:d180:d595:f','Google Chrome','windows','2020-01-13 14:30:10'),(112,1,NULL,'2804:7f5:d180:d595:f','Google Chrome','windows','2020-01-13 14:31:29'),(113,5,NULL,'2804:7f5:d180:d595:f','Google Chrome','windows','2020-01-14 11:30:31'),(114,1,NULL,'2804:7f5:d180:d595:3','Google Chrome','windows','2020-01-14 14:01:26'),(115,5,NULL,'2804:7f5:d180:d595:3','Google Chrome','windows','2020-01-14 14:02:30'),(116,1,NULL,'2804:7f5:d180:d595:3','Google Chrome','windows','2020-01-14 16:52:07'),(117,1,NULL,'2804:7f5:d180:d595:3','Google Chrome','windows','2020-01-14 17:13:25'),(118,5,NULL,'168.227.132.10','Google Chrome','windows','2020-01-14 19:43:04'),(119,1,NULL,'2804:7f5:d180:6983:f','Google Chrome','windows','2020-01-15 17:50:07'),(120,1,NULL,'2804:7f5:d180:7eed:9','Google Chrome','windows','2020-01-15 20:21:49'),(121,1,NULL,'2804:7f5:d180:7eed:9','Google Chrome','windows','2020-01-15 21:10:16'),(122,1,NULL,'2804:7f5:d180:7eed:9','Google Chrome','windows','2020-01-15 21:25:14'),(123,1,NULL,'2804:30c:ba8:8600:9e','Google Chrome','windows','2020-01-16 17:04:50'),(124,1,NULL,'2804:30c:ba8:8600:9e','Google Chrome','windows','2020-01-16 17:11:21'),(125,1,NULL,'191.245.64.19','Google Chrome','linux','2020-01-17 13:03:37'),(126,1,NULL,'2804:14c:5f87:8354:a','Google Chrome','windows','2020-01-18 13:41:19'),(127,1,NULL,'2804:14c:5f87:8354:a','Google Chrome','windows','2020-01-18 14:02:19'),(128,1,NULL,'2804:14c:5f87:8354:a','Google Chrome','windows','2020-01-18 14:47:52'),(129,1,NULL,'2804:14c:5f87:8354:1','Google Chrome','windows','2020-01-20 18:50:11'),(130,1,NULL,'2804:14c:5f87:8354:1','Google Chrome','windows','2020-01-21 18:44:40'),(131,1,NULL,'2804:14c:5f87:8354:e','Google Chrome','windows','2020-01-22 11:11:04'),(132,1,NULL,'2804:14c:5f87:8354:e','Google Chrome','windows','2020-01-22 13:47:28'),(133,1,NULL,'2804:14c:5f87:8354:e','Google Chrome','windows','2020-01-22 15:24:15'),(134,1,NULL,'2804:14c:5f87:8354:e','Google Chrome','windows','2020-01-22 15:36:07'),(135,0,'airanpossamai@gmail.com','187.107.229.63','Google Chrome','windows','2020-01-22 18:27:28'),(136,0,'airanpossamai@gmail.com','2804:14c:5f87:8354:e','Google Chrome','windows','2020-01-22 18:27:40'),(137,1,NULL,'2804:14c:5f87:8354:e','Google Chrome','windows','2020-01-22 18:27:51'),(138,1,NULL,'2804:14c:5f87:8354:2','Google Chrome','windows','2020-01-23 11:50:28'),(139,1,NULL,'2804:14c:5f86:401b:a','Google Chrome','windows','2020-01-23 16:32:21'),(140,1,NULL,'2804:14c:5f86:401b:a','Google Chrome','windows','2020-01-23 16:54:53'),(141,5,NULL,'168.227.132.10','Google Chrome','windows','2020-01-24 11:23:42'),(142,0,'airanpossamai@gmail.com','2804:7f5:d180:8c08:b','Google Chrome','windows','2020-01-24 16:30:41'),(143,1,NULL,'2804:7f5:d180:8c08:b','Google Chrome','windows','2020-01-24 16:30:56'),(144,1,NULL,'191.253.108.213','Google Chrome','linux','2020-01-24 22:24:43'),(145,1,NULL,'2804:14c:5f86:401b:c','Google Chrome','windows','2020-01-27 12:50:47'),(146,1,NULL,'2804:14c:5f86:401b:9','Google Chrome','windows','2020-01-28 18:02:28'),(147,1,NULL,'2804:14c:5f86:401b:9','Google Chrome','windows','2020-01-28 18:09:33'),(148,1,NULL,'201.54.205.121','Google Chrome','windows','2020-01-29 19:49:04'),(149,5,NULL,'170.78.122.31','Google Chrome','windows','2020-01-31 13:37:12'),(150,5,NULL,'170.78.122.31','Google Chrome','windows','2020-01-31 15:31:49'),(151,1,NULL,'2804:14c:5f86:401b:e','Google Chrome','windows','2020-02-03 18:52:46'),(152,0,NULL,'201.54.205.121','Google Chrome','windows','2020-02-05 12:59:11'),(153,1,NULL,'201.54.205.121','Google Chrome','windows','2020-02-05 12:59:30'),(154,1,NULL,'2804:7f5:d180:a04f:f','Google Chrome','windows','2020-02-05 16:24:46'),(155,0,'airanpossamai@gmail.com','2804:7f5:d180:997c:f','Google Chrome','windows','2020-02-05 18:51:26'),(156,1,NULL,'2804:7f5:d180:997c:f','Google Chrome','windows','2020-02-05 18:51:37'),(157,1,NULL,'2804:7f5:d180:997c:6','Google Chrome','linux','2020-02-05 21:54:58'),(158,5,NULL,'2804:30c:b0e:df00:14','Google Chrome','windows','2020-02-07 02:23:36'),(159,1,NULL,'2804:14c:5f86:401b:c','Google Chrome','windows','2020-02-10 13:32:06'),(160,1,NULL,'2804:14c:5f86:401b:5','Google Chrome','windows','2020-02-11 12:21:05'),(161,1,NULL,'2804:14c:5f86:401b:5','Google Chrome','windows','2020-02-11 14:48:30'),(162,5,NULL,'2804:30c:b0e:df00:2c','Google Chrome','windows','2020-02-12 14:12:40'),(163,1,NULL,'2804:7f5:d180:9643:f','Google Chrome','windows','2020-02-13 17:01:37'),(164,1,NULL,'2804:7f5:d180:4219:1','Google Chrome','windows','2020-02-15 11:39:38'),(165,1,NULL,'2804:7f5:d180:4219:1','Google Chrome','windows','2020-02-15 12:24:03'),(166,1,NULL,'2804:7f5:d180:4219:1','Google Chrome','windows','2020-02-15 12:29:42'),(167,1,NULL,'2804:7f5:d180:4219:1','Google Chrome','windows','2020-02-15 13:08:23'),(168,1,NULL,'2804:7f5:d180:4219:1','Google Chrome','windows','2020-02-15 13:34:29'),(169,1,NULL,'2804:7f5:d180:4219:1','Google Chrome','windows','2020-02-15 14:32:21'),(170,1,NULL,'2804:7f5:d180:554d:b','Google Chrome','linux','2020-02-15 15:21:06'),(171,1,NULL,'2804:7f5:d180:554d:8','Google Chrome','linux','2020-02-16 09:56:15'),(172,1,NULL,'2804:7f5:d180:554d:8','Google Chrome','linux','2020-02-17 00:45:30'),(173,5,NULL,'2804:2954:f82d:ab00:','Google Chrome','windows','2020-02-17 17:46:38'),(174,5,NULL,'2804:2954:f82d:ab00:','Google Chrome','windows','2020-02-17 18:32:29'),(175,5,NULL,'2804:2954:f82d:ab00:','Google Chrome','windows','2020-02-17 19:55:50'),(176,5,NULL,'2804:30c:b0e:df00:78','Google Chrome','windows','2020-02-18 09:22:14'),(177,1,NULL,'2804:7f5:d180:f8fb:8','Google Chrome','linux','2020-02-18 09:48:55'),(178,1,NULL,'2804:7f5:d180:f8fb:8','Google Chrome','linux','2020-02-18 09:57:51'),(179,5,NULL,'2804:30c:b0e:df00:78','Google Chrome','windows','2020-02-18 15:28:23'),(180,1,NULL,'2804:7f5:d180:f8fb:d','Google Chrome','windows','2020-02-18 19:30:50'),(181,5,NULL,'191.240.223.17','Google Chrome','windows','2020-02-19 14:49:18'),(182,1,NULL,'2804:7f5:d180:b563:e','Google Chrome','windows','2020-02-19 17:16:27'),(183,1,NULL,'2804:14c:5f86:401b:d','Google Chrome','windows','2020-02-20 13:48:02'),(184,1,NULL,'2804:14c:5f86:401b:d','Google Chrome','windows','2020-02-20 17:04:46'),(185,1,NULL,'2804:14c:5f86:401b:d','Google Chrome','windows','2020-02-20 18:29:26'),(186,1,NULL,'2804:14c:5f87:8354:5','Google Chrome','linux','2020-02-23 11:59:38'),(187,1,NULL,'2804:14c:5f86:401b:a','Google Chrome','windows','2020-02-25 17:06:30'),(188,1,NULL,'2804:14c:5f87:8354:c','Google Chrome','linux','2020-02-26 02:04:24'),(189,1,NULL,'189.45.200.162','Google Chrome','linux','2020-02-26 22:39:25'),(190,1,NULL,'2804:14c:5f86:401b:d','Google Chrome','windows','2020-02-27 18:32:15'),(191,1,NULL,'191.245.92.98','Google Chrome','linux','2020-02-28 17:18:41'),(192,1,NULL,'179.187.206.190','Google Chrome','windows','2020-02-29 11:25:23'),(193,1,NULL,'2804:7f5:d180:4029:2','Google Chrome','windows','2020-02-29 12:19:31'),(194,1,NULL,'2804:14c:5f86:401b:4','Google Chrome','windows','2020-03-02 12:12:37'),(195,1,NULL,'2804:14c:5f86:401b:2','Google Chrome','windows','2020-03-02 14:16:10'),(196,1,NULL,'2804:14c:5f86:401b:e','Google Chrome','windows','2020-03-02 17:00:58'),(197,1,NULL,'2804:14c:5f86:401b:e','Google Chrome','windows','2020-03-02 17:23:22'),(198,1,NULL,'2804:14c:5f86:401b:e','Google Chrome','windows','2020-03-02 18:58:04'),(199,1,NULL,'2804:14c:5f86:401b:e','Google Chrome','windows','2020-03-03 12:14:14'),(200,1,NULL,'2804:14c:5f86:401b:b','Google Chrome','windows','2020-03-03 13:33:09'),(201,1,NULL,'179.223.197.213','Google Chrome','windows','2020-03-03 18:39:31'),(202,1,NULL,'2804:7f5:d180:121d:d','Google Chrome','windows','2020-03-04 19:30:12'),(203,1,NULL,'2804:14c:5f86:401b:e','Google Chrome','windows','2020-03-05 16:45:14'),(204,1,NULL,'186.231.57.80','Google Chrome','windows','2020-03-09 13:23:37'),(205,1,NULL,'2804:14c:5f86:401b:5','Google Chrome','windows','2020-03-09 17:29:02'),(206,1,NULL,'2804:14c:5f86:401b:5','Google Chrome','windows','2020-03-09 18:25:42'),(207,1,NULL,'2804:14c:5f86:401b:5','Google Chrome','windows','2020-03-09 19:33:29'),(208,1,NULL,'2804:7f5:d180:44e6:9','Google Chrome','windows','2020-03-11 19:21:50'),(209,0,'airanpossamai@gmail.com','2804:14c:5f86:401b:b','Google Chrome','windows','2020-03-12 12:37:37'),(210,1,NULL,'2804:14c:5f86:401b:b','Google Chrome','windows','2020-03-12 12:37:52'),(211,0,'airanpossamai@gmail.com','2804:14c:5f86:401b:4','Google Chrome','windows','2020-03-12 19:58:41'),(212,1,NULL,'2804:7f5:d180:3515:4','Google Chrome','linux','2020-03-16 12:58:59'),(213,1,NULL,'2804:7f5:d180:3515:4','Google Chrome','linux','2020-03-16 13:01:52'),(214,1,NULL,'2804:14c:5f86:401b:2','Google Chrome','windows','2020-03-17 20:59:06'),(215,0,'airanpossamai@gmail.com','2804:7f5:d180:f2ad:e','Google Chrome','windows','2020-03-18 13:03:22'),(216,1,NULL,'2804:7f5:d180:f2ad:e','Google Chrome','windows','2020-03-18 13:03:46'),(217,1,NULL,'2804:7f5:d180:b7e4:6','Google Chrome','windows','2020-03-20 18:37:13'),(218,1,NULL,'2804:7f5:d180:5536:2','Google Chrome','windows','2020-03-22 22:50:59'),(219,1,NULL,'2804:7f5:d180:5536:2','Google Chrome','windows','2020-03-23 00:56:57'),(220,0,'airanpossamai@gmail.com','2804:7f5:d180:5536:2','Google Chrome','windows','2020-03-23 01:37:33'),(221,1,NULL,'2804:7f5:d180:5536:2','Google Chrome','windows','2020-03-23 01:37:44'),(222,4,NULL,'2804:7f5:d180:5536:2','Google Chrome','windows','2020-03-23 01:38:57'),(223,1,NULL,'2804:7f5:d180:5536:2','Google Chrome','windows','2020-03-23 01:39:42'),(224,4,NULL,'2804:7f5:d180:5536:2','Google Chrome','windows','2020-03-23 01:40:06'),(225,1,NULL,'2804:7f5:d180:5536:2','Google Chrome','windows','2020-03-23 01:41:05'),(226,1,NULL,'2804:7f5:d180:5536:2','Google Chrome','windows','2020-03-23 01:53:52'),(227,0,'airanpossamai@gmail.com','2804:7f5:d180:5536:2','Google Chrome','windows','2020-03-23 02:26:56'),(228,1,NULL,'2804:7f5:d180:5536:2','Google Chrome','windows','2020-03-23 02:27:14'),(229,1,NULL,'2804:7f5:d180:5536:2','Google Chrome','windows','2020-03-23 02:30:56'),(230,1,NULL,'2804:7f5:d180:5536:2','Google Chrome','windows','2020-03-23 14:34:44'),(231,1,NULL,'179.185.211.226','Google Chrome','windows','2020-03-24 12:46:35'),(232,1,NULL,'200.146.51.252','Google Chrome','windows','2020-03-25 19:25:54'),(233,0,'airanpossamai@gmail.com','200.146.51.252','Google Chrome','windows','2020-03-25 20:30:51'),(234,1,NULL,'200.146.51.252','Google Chrome','windows','2020-03-25 20:31:57'),(235,1,NULL,'200.146.51.252','Google Chrome','windows','2020-03-26 14:50:24'),(236,1,NULL,'200.146.51.252','Google Chrome','windows','2020-03-26 18:22:43'),(237,1,NULL,'200.146.51.252','Google Chrome','windows','2020-03-26 18:30:25'),(238,1,NULL,'200.146.51.252','Google Chrome','windows','2020-03-26 21:16:05'),(239,1,NULL,'200.146.51.252','Google Chrome','linux','2020-03-26 23:00:31'),(240,1,NULL,'200.146.51.252','Google Chrome','windows','2020-03-26 23:12:14'),(241,1,NULL,'186.212.92.171','Google Chrome','windows','2020-03-27 14:00:15'),(242,1,NULL,'186.212.92.171','Google Chrome','windows','2020-03-27 17:11:13'),(243,1,NULL,'191.248.105.212','Google Chrome','windows','2020-03-30 14:08:00'),(244,1,NULL,'191.248.105.212','Google Chrome','windows','2020-03-30 16:50:53'),(245,1,NULL,'2804:7f5:d180:79a1:b','Google Chrome','linux','2020-03-30 18:10:39'),(246,1,NULL,'191.248.105.212','Google Chrome','windows','2020-03-30 20:58:00'),(247,1,NULL,'179.187.203.225','Google Chrome','windows','2020-03-31 18:17:28'),(248,1,NULL,'179.187.203.225','Google Chrome','windows','2020-03-31 20:20:37'),(249,0,'airanpossamai@gmail.com','179.187.203.225','Google Chrome','windows','2020-04-01 21:04:22'),(250,1,NULL,'179.187.203.225','Google Chrome','windows','2020-04-01 21:04:46'),(251,1,NULL,'191.249.68.229','Google Chrome','windows','2020-04-02 16:30:40'),(252,1,NULL,'191.249.68.229','Google Chrome','windows','2020-04-02 20:32:43'),(253,0,'airanpossamai@gmail.com','191.249.67.45','Google Chrome','windows','2020-04-06 20:23:03'),(254,1,NULL,'191.249.67.45','Google Chrome','windows','2020-04-06 20:23:30'),(255,1,NULL,'191.249.67.45','Google Chrome','windows','2020-04-06 20:55:17'),(256,1,NULL,'191.249.69.101','Google Chrome','windows','2020-04-07 17:41:29'),(257,1,NULL,'191.249.69.101','Mozilla Firefox','windows','2020-04-08 16:55:00'),(258,1,NULL,'191.249.69.101','Google Chrome','windows','2020-04-08 17:06:35'),(259,1,NULL,'179.185.208.5','Google Chrome','windows','2020-04-10 14:00:56'),(260,1,NULL,'189.26.182.204','Google Chrome','windows','2020-04-16 19:39:05'),(261,0,'airanpossamai@gmail.cm','189.26.191.216','Google Chrome','windows','2020-04-20 13:38:02'),(262,1,NULL,'189.26.191.216','Google Chrome','windows','2020-04-20 13:38:17'),(263,1,NULL,'189.26.191.216','Google Chrome','windows','2020-04-20 14:54:57'),(264,1,NULL,'189.58.144.126','Google Chrome','windows','2020-04-21 16:34:58'),(265,1,NULL,'186.212.54.223','Google Chrome','windows','2020-04-23 14:38:45'),(266,1,NULL,'200.146.52.207','Google Chrome','windows','2020-04-25 00:00:04'),(267,1,NULL,'200.146.52.207','Google Chrome','windows','2020-04-25 12:01:50'),(268,0,'airanpossamai@gmail.com','200.146.52.207','Google Chrome','windows','2020-04-25 13:06:40'),(269,1,NULL,'200.146.52.207','Google Chrome','windows','2020-04-25 13:06:50'),(270,1,NULL,'2804:7f5:d080:c8b9:2','Google Chrome','linux','2020-04-26 01:21:37'),(271,0,NULL,'2804:7f5:d080:c8b9:2','Google Chrome','linux','2020-04-26 01:21:39'),(272,1,NULL,'2804:7f5:d080:c8b9:2','Google Chrome','linux','2020-04-26 01:22:03'),(273,1,NULL,'200.146.52.207','Google Chrome','windows','2020-04-26 01:25:17'),(274,0,'airanpossamai@gmail.com','200.146.52.207','Google Chrome','windows','2020-04-26 09:55:54'),(275,1,NULL,'200.146.52.207','Google Chrome','windows','2020-04-26 09:56:07'),(276,1,NULL,'200.146.52.207','Google Chrome','windows','2020-04-26 11:17:23'),(277,1,NULL,'200.146.52.207','Google Chrome','windows','2020-04-26 12:59:26'),(278,1,NULL,'200.146.52.207','Google Chrome','windows','2020-04-26 13:37:02'),(279,1,NULL,'189.26.180.115','Google Chrome','windows','2020-04-27 14:24:35'),(280,1,NULL,'189.26.180.115','Google Chrome','windows','2020-04-27 14:29:08'),(281,1,NULL,'189.26.180.115','Google Chrome','windows','2020-04-27 16:45:29'),(282,1,NULL,'189.26.180.115','Google Chrome','windows','2020-04-27 16:47:58'),(283,1,NULL,'189.26.180.115','Google Chrome','windows','2020-04-27 17:06:31'),(284,1,NULL,'189.26.180.115','Google Chrome','windows','2020-04-27 18:30:08'),(285,1,NULL,'189.26.180.115','Google Chrome','windows','2020-04-28 13:19:15'),(286,1,NULL,'179.183.203.55','Google Chrome','windows','2020-04-29 20:23:59'),(287,1,NULL,'191.249.65.197','Google Chrome','windows','2020-05-03 14:22:35'),(288,1,NULL,'179.187.205.14','Google Chrome','windows','2020-05-03 22:34:36'),(289,1,NULL,'179.187.205.14','Google Chrome','windows','2020-05-03 23:40:34'),(290,1,NULL,'2804:7f5:d080:a291:1','Google Chrome','linux','2020-05-04 07:07:48'),(291,1,NULL,'189.114.216.21','Google Chrome','windows','2020-05-04 14:54:43'),(292,1,NULL,'189.114.216.21','Google Chrome','windows','2020-05-04 15:07:21'),(293,1,NULL,'189.114.216.21','Google Chrome','windows','2020-05-04 20:06:10'),(294,1,NULL,'189.114.216.21','Google Chrome','windows','2020-05-05 16:19:27'),(295,1,NULL,'189.114.219.96','Google Chrome','windows','2020-05-06 13:52:29'),(296,1,NULL,'179.185.217.19','Google Chrome','windows','2020-05-06 16:39:28'),(297,1,NULL,'179.185.217.19','Google Chrome','windows','2020-05-06 19:22:31'),(298,1,NULL,'179.185.217.19','Google Chrome','windows','2020-05-06 19:30:59'),(299,1,NULL,'179.185.217.19','Google Chrome','windows','2020-05-06 20:15:11'),(300,1,NULL,'189.26.178.194','Google Chrome','windows','2020-05-09 20:26:11'),(301,1,NULL,'189.26.178.194','Google Chrome','windows','2020-05-09 21:20:20'),(302,1,NULL,'200.146.53.189','Google Chrome','windows','2020-05-10 23:07:04'),(303,1,NULL,'200.146.53.189','Google Chrome','windows','2020-05-11 11:06:33'),(304,1,NULL,'2804:7f5:d080:ca6:40','Google Chrome','linux','2020-05-11 14:31:10'),(305,1,NULL,'2804:7f5:d080:ca6:40','Google Chrome','linux','2020-05-11 14:33:46'),(306,1,NULL,'200.146.53.189','Google Chrome','windows','2020-05-11 17:47:08'),(307,1,NULL,'200.146.53.189','Google Chrome','windows','2020-05-11 18:05:42'),(308,1,NULL,'200.146.53.189','Google Chrome','windows','2020-05-11 20:25:31'),(309,1,NULL,'200.146.53.189','Google Chrome','windows','2020-05-11 20:29:25'),(310,1,NULL,'200.146.53.189','Google Chrome','windows','2020-05-11 20:59:16'),(311,1,NULL,'177.132.134.117','Google Chrome','windows','2020-05-13 13:56:37'),(312,1,NULL,'177.132.134.117','Google Chrome','windows','2020-05-13 16:57:49'),(313,0,NULL,'177.132.134.117','Google Chrome','windows','2020-05-13 17:00:38'),(314,1,NULL,'177.132.134.117','Google Chrome','windows','2020-05-13 17:00:56'),(315,1,NULL,'177.132.134.117','Google Chrome','windows','2020-05-13 19:06:19'),(316,1,NULL,'177.132.134.117','Google Chrome','windows','2020-05-13 19:24:44'),(317,1,NULL,'186.212.90.80','Google Chrome','windows','2020-05-14 11:27:29'),(318,1,NULL,'186.212.90.80','Google Chrome','windows','2020-05-14 11:51:07'),(319,1,NULL,'186.212.90.80','Google Chrome','windows','2020-05-15 00:50:48'),(320,1,NULL,'186.212.95.174','Google Chrome','windows','2020-05-17 18:36:34'),(321,1,NULL,'191.248.108.219','Google Chrome','windows','2020-05-18 14:26:54'),(322,1,NULL,'191.248.108.219','Google Chrome','windows','2020-05-19 12:01:23'),(323,1,NULL,'191.248.108.219','Google Chrome','windows','2020-05-19 20:10:05'),(324,1,NULL,'191.248.108.213','Google Chrome','windows','2020-05-20 18:43:44'),(325,1,NULL,'187.108.218.223','Google Chrome','windows','2020-05-21 11:55:41'),(326,1,NULL,'189.26.186.236','Google Chrome','windows','2020-05-21 19:59:31'),(327,1,NULL,'189.26.186.236','Google Chrome','windows','2020-05-22 20:18:51'),(328,1,NULL,'189.26.186.236','Google Chrome','windows','2020-05-22 22:25:34'),(329,1,NULL,'189.26.186.236','Google Chrome','windows','2020-05-23 14:08:10'),(330,1,NULL,'189.26.176.153','Google Chrome','windows','2020-05-24 19:27:14'),(331,1,NULL,'189.26.176.153','Google Chrome','windows','2020-05-24 19:46:58'),(332,0,'airan.possamai@edu.sc.senai.br','189.26.179.12','Google Chrome','windows','2020-05-25 16:22:07'),(333,1,NULL,'189.26.179.12','Google Chrome','windows','2020-05-25 20:03:27'),(334,1,NULL,'189.26.179.12','Google Chrome','windows','2020-05-25 20:27:59'),(335,1,NULL,'189.26.179.12','Google Chrome','windows','2020-05-25 21:05:51'),(336,1,NULL,'189.26.179.12','Mozilla Firefox','windows','2020-05-26 13:26:53'),(337,1,NULL,'189.26.179.12','Google Chrome','windows','2020-05-26 17:04:50'),(338,1,NULL,'189.26.179.12','Google Chrome','windows','2020-05-26 18:11:44'),(339,1,NULL,'189.26.179.12','Google Chrome','windows','2020-05-26 18:44:46'),(340,1,NULL,'189.26.179.12','Google Chrome','windows','2020-05-26 19:01:44'),(341,1,NULL,'177.132.135.218','Google Chrome','windows','2020-05-28 20:02:49'),(342,1,NULL,'177.132.135.218','Google Chrome','windows','2020-05-28 20:13:06'),(343,1,NULL,'177.132.135.218','Google Chrome','windows','2020-05-28 22:46:28'),(344,1,NULL,'179.185.218.117','Google Chrome','windows','2020-05-30 20:22:42'),(345,1,NULL,'179.185.218.117','Google Chrome','windows','2020-05-30 20:57:34'),(346,1,NULL,'179.185.218.117','Google Chrome','windows','2020-05-30 21:27:54'),(347,1,NULL,'179.185.218.117','Google Chrome','windows','2020-05-30 21:28:54'),(348,0,'airanpossamai@gmail.com','2804:7f5:d080:ab38:9','Google Chrome','linux','2020-05-30 21:33:17'),(349,1,NULL,'2804:7f5:d080:ab38:9','Google Chrome','linux','2020-05-30 21:33:36'),(350,1,NULL,'2804:7f5:d080:ab38:9','Google Chrome','linux','2020-05-31 12:42:22'),(351,1,NULL,'179.185.218.117','Google Chrome','windows','2020-05-31 16:14:47'),(352,1,NULL,'179.185.218.117','Google Chrome','windows','2020-05-31 17:02:17'),(353,1,NULL,'179.185.218.117','Google Chrome','windows','2020-05-31 17:23:59'),(354,1,NULL,'179.185.218.117','Google Chrome','windows','2020-05-31 17:32:44'),(355,1,NULL,'179.185.218.117','Google Chrome','windows','2020-05-31 18:08:53'),(356,1,NULL,'179.185.218.117','Google Chrome','windows','2020-05-31 18:13:58'),(357,1,NULL,'179.185.218.117','Google Chrome','windows','2020-05-31 18:19:30'),(358,1,NULL,'179.185.218.117','Google Chrome','windows','2020-05-31 18:26:39'),(359,1,NULL,'2804:7f5:d080:ab38:9','Google Chrome','linux','2020-05-31 18:51:28'),(360,1,NULL,'2804:7f5:d080:fd70:9','Google Chrome','linux','2020-05-31 23:06:47'),(361,1,NULL,'189.26.187.121','Google Chrome','windows','2020-06-01 12:04:21'),(362,1,NULL,'189.26.187.121','Google Chrome','windows','2020-06-01 12:42:16'),(363,1,NULL,'189.26.187.121','Google Chrome','windows','2020-06-01 13:18:41'),(364,1,NULL,'189.26.187.121','Google Chrome','windows','2020-06-01 13:23:25'),(365,1,NULL,'189.26.187.121','Google Chrome','windows','2020-06-01 13:28:20'),(366,0,'airanpossamai@gmail.com','189.26.187.121','Google Chrome','windows','2020-06-01 13:35:34'),(367,0,'airanpossamai@gmail.com','189.26.187.121','Google Chrome','windows','2020-06-01 13:40:41'),(368,1,NULL,'189.26.187.121','Google Chrome','windows','2020-06-01 13:43:23'),(369,1,NULL,'189.26.187.121','Google Chrome','windows','2020-06-01 13:43:55'),(370,1,NULL,'189.26.187.121','Google Chrome','windows','2020-06-01 13:57:34'),(371,1,NULL,'189.26.187.121','Google Chrome','windows','2020-06-01 14:01:08'),(372,1,NULL,'189.26.187.121','Google Chrome','windows','2020-06-01 14:01:51'),(373,1,NULL,'189.26.187.121','Google Chrome','windows','2020-06-01 14:03:50'),(374,1,NULL,'189.26.187.121','Google Chrome','windows','2020-06-01 14:11:32'),(375,1,NULL,'189.26.187.121','Google Chrome','windows','2020-06-01 14:29:36'),(376,1,NULL,'189.26.187.121','Google Chrome','windows','2020-06-01 17:02:06'),(377,1,NULL,'189.26.187.121','Google Chrome','windows','2020-06-01 21:27:15'),(378,1,NULL,'179.223.197.13','Google Chrome','windows','2020-06-02 14:40:00'),(379,0,'airanpossamai@gmail.com','189.26.187.121','Google Chrome','windows','2020-06-02 19:19:24'),(380,0,'airanpossamai@gmail.com','189.26.180.34','Google Chrome','windows','2020-06-03 17:44:29'),(381,0,'airanpossamai@gmail.com','189.26.180.34','Google Chrome','windows','2020-06-03 17:44:43'),(382,1,NULL,'189.26.180.34','Google Chrome','windows','2020-06-03 17:46:30'),(383,0,'airanpossamai@gmail.com','189.26.180.34','Google Chrome','windows','2020-06-03 17:47:33'),(384,0,'airanpossamai@gmail.com','189.26.180.34','Google Chrome','windows','2020-06-03 17:48:27'),(385,1,NULL,'189.26.180.34','Google Chrome','windows','2020-06-03 17:48:38'),(386,1,NULL,'189.26.180.34','Google Chrome','windows','2020-06-04 17:30:25'),(387,1,NULL,'200.146.48.254','Google Chrome','windows','2020-06-06 02:44:32'),(388,1,NULL,'200.146.48.254','Google Chrome','windows','2020-06-06 02:50:03'),(389,1,NULL,'200.146.48.254','Google Chrome','windows','2020-06-06 02:50:42'),(390,1,NULL,'200.146.48.254','Google Chrome','windows','2020-06-06 02:52:13'),(391,1,NULL,'200.146.48.254','Google Chrome','windows','2020-06-06 02:53:24'),(392,1,NULL,'200.146.48.254','Google Chrome','windows','2020-06-06 02:55:41'),(393,1,NULL,'200.146.48.254','Google Chrome','windows','2020-06-06 02:59:42'),(394,1,NULL,'200.146.48.254','Google Chrome','windows','2020-06-06 03:09:02'),(395,1,NULL,'200.146.48.254','Google Chrome','windows','2020-06-06 03:17:23'),(396,1,NULL,'200.146.48.254','Google Chrome','windows','2020-06-06 03:25:18'),(397,1,NULL,'200.146.48.254','Google Chrome','windows','2020-06-06 03:44:44'),(398,1,NULL,'200.146.48.254','Google Chrome','windows','2020-06-06 03:54:53'),(399,1,NULL,'200.146.48.254','Google Chrome','windows','2020-06-06 03:59:19'),(400,1,NULL,'200.146.48.254','Google Chrome','windows','2020-06-06 03:59:51'),(401,1,NULL,'200.146.48.254','Google Chrome','windows','2020-06-06 04:10:15'),(402,1,NULL,'200.146.48.254','Google Chrome','windows','2020-06-06 04:22:07'),(403,1,NULL,'200.146.48.254','Google Chrome','windows','2020-06-06 04:45:17'),(404,1,NULL,'200.146.48.254','Google Chrome','windows','2020-06-06 04:55:29'),(405,1,NULL,'2804:7f5:d080:e7cb:a','Google Chrome','linux','2020-06-06 21:18:34'),(406,1,NULL,'2804:7f5:d080:e7cb:a','Google Chrome','linux','2020-06-07 02:49:17'),(407,1,NULL,'200.146.48.254','Google Chrome','windows','2020-06-07 19:43:58'),(408,1,NULL,'186.212.90.28','Google Chrome','windows','2020-06-08 11:48:46'),(409,1,NULL,'186.212.90.28','Google Chrome','windows','2020-06-08 23:45:27'),(410,1,NULL,'186.212.90.28','Google Chrome','windows','2020-06-08 23:47:22'),(411,0,NULL,'186.212.90.28','Google Chrome','windows','2020-06-08 23:47:33'),(412,1,NULL,'186.212.90.28','Google Chrome','windows','2020-06-08 23:47:47'),(413,1,NULL,'186.212.90.28','Mozilla Firefox','windows','2020-06-08 23:49:05'),(414,1,NULL,'179.223.197.82','Mozilla Firefox','windows','2020-06-09 11:32:48'),(415,1,NULL,'179.223.197.82','Google Chrome','windows','2020-06-09 12:38:28'),(416,1,NULL,'179.223.197.197','Google Chrome','windows','2020-06-09 17:40:53'),(417,1,NULL,'2804:7f5:d080:b540:6','Google Chrome','windows','2020-06-11 11:10:19'),(418,5,NULL,'2804:7f5:d080:b540:6','Google Chrome','windows','2020-06-11 11:43:59'),(419,1,NULL,'179.185.221.207','Google Chrome','windows','2020-06-11 12:33:06'),(420,1,NULL,'179.185.221.207','Google Chrome','windows','2020-06-11 18:04:00'),(421,1,NULL,'179.185.212.117','Google Chrome','windows','2020-06-16 14:22:43'),(422,1,NULL,'179.223.197.82','Google Chrome','windows','2020-06-16 17:04:28'),(423,1,NULL,'179.223.197.82','Google Chrome','windows','2020-06-16 19:23:22'),(424,1,NULL,'179.223.197.82','Google Chrome','windows','2020-06-16 19:38:10'),(425,1,NULL,'179.223.197.82','Google Chrome','windows','2020-06-16 19:40:06'),(426,1,NULL,'179.223.197.82','Google Chrome','windows','2020-06-16 19:41:15'),(427,1,NULL,'179.223.197.82','Google Chrome','windows','2020-06-16 20:05:36'),(428,1,NULL,'179.185.212.117','Google Chrome','windows','2020-06-16 23:53:28'),(429,1,NULL,'179.185.212.117','Google Chrome','windows','2020-06-17 00:20:12'),(430,5,NULL,'2804:7f5:d080:dee4:5','Google Chrome','windows','2020-06-17 12:16:56'),(431,1,NULL,'179.185.212.117','Google Chrome','windows','2020-06-17 18:20:36'),(432,1,NULL,'179.223.197.238','Google Chrome','windows','2020-06-18 12:28:43'),(433,1,NULL,'179.223.197.238','Google Chrome','windows','2020-06-18 18:51:24'),(434,1,NULL,'179.223.197.238','Google Chrome','windows','2020-06-18 19:30:57'),(435,1,NULL,'179.223.197.238','Google Chrome','windows','2020-06-18 20:06:09'),(436,1,NULL,'177.101.96.129','Google Chrome','windows','2020-06-19 18:54:20'),(437,1,NULL,'2804:7f5:d080:962f:1','Google Chrome','linux','2020-06-20 11:40:31'),(438,1,NULL,'2804:7f5:d080:962f:1','Google Chrome','linux','2020-06-21 00:52:43'),(439,1,NULL,'186.212.92.25','Google Chrome','windows','2020-06-22 13:59:45'),(440,1,NULL,'186.212.92.25','Google Chrome','windows','2020-06-22 15:04:56'),(441,1,NULL,'186.212.92.25','Google Chrome','windows','2020-06-22 15:09:36'),(442,1,NULL,'186.212.92.25','Google Chrome','windows','2020-06-22 15:17:07'),(443,1,NULL,'186.212.92.25','Google Chrome','windows','2020-06-22 15:19:52'),(444,1,NULL,'186.212.92.25','Google Chrome','windows','2020-06-22 18:00:28'),(445,1,NULL,'186.212.92.25','Google Chrome','windows','2020-06-22 18:05:57'),(446,1,NULL,'186.212.92.25','Google Chrome','windows','2020-06-22 18:34:53'),(447,1,NULL,'186.212.92.25','Google Chrome','windows','2020-06-22 19:49:31'),(448,1,NULL,'186.212.92.25','Google Chrome','windows','2020-06-22 20:10:14'),(449,1,NULL,'186.212.92.25','Google Chrome','windows','2020-06-22 22:49:21'),(450,1,NULL,'186.212.92.25','Google Chrome','windows','2020-06-23 11:52:12'),(451,1,NULL,'179.187.203.233','Google Chrome','windows','2020-06-24 13:36:19'),(452,1,NULL,'179.187.203.233','Google Chrome','windows','2020-06-24 16:39:42'),(453,1,NULL,'179.187.203.233','Google Chrome','windows','2020-06-25 12:55:27'),(454,1,NULL,'179.187.203.233','Google Chrome','windows','2020-06-25 13:21:47'),(455,1,NULL,'179.187.203.233','Google Chrome','windows','2020-06-25 13:28:10'),(456,1,NULL,'179.223.197.54','Mozilla Firefox','windows','2020-06-25 19:58:06'),(457,1,NULL,'179.223.197.54','Mozilla Firefox','windows','2020-06-25 20:04:46'),(458,1,NULL,'186.212.55.54','Google Chrome','windows','2020-06-26 12:38:32'),(459,0,'airanpossamai@gmail.com','186.212.55.54','Google Chrome','windows','2020-06-26 13:49:28'),(460,1,NULL,'186.212.55.54','Google Chrome','windows','2020-06-26 13:49:43'),(461,1,NULL,'186.212.55.54','Google Chrome','windows','2020-06-26 14:40:52'),(462,1,NULL,'186.212.55.54','Google Chrome','windows','2020-06-26 16:34:11'),(463,1,NULL,'186.212.55.54','Google Chrome','windows','2020-06-26 16:53:11'),(464,1,NULL,'2804:7f5:d080:85:fc2','Google Chrome','linux','2020-06-29 15:00:02'),(465,1,NULL,'189.45.200.162','Google Chrome','windows','2020-06-29 16:52:50'),(466,1,NULL,'189.45.200.162','Google Chrome','windows','2020-06-29 17:31:45'),(467,1,NULL,'189.45.200.162','Google Chrome','windows','2020-06-29 18:33:28'),(468,1,NULL,'177.132.129.170','Google Chrome','windows','2020-07-01 18:29:39'),(469,1,NULL,'177.132.129.170','Google Chrome','windows','2020-07-01 18:42:51'),(470,1,NULL,'177.132.129.170','Google Chrome','windows','2020-07-01 22:51:59'),(471,1,NULL,'177.132.129.170','Google Chrome','windows','2020-07-02 11:09:17'),(472,1,NULL,'177.132.129.170','Google Chrome','windows','2020-07-02 11:24:36'),(473,1,NULL,'177.132.129.170','Google Chrome','windows','2020-07-02 11:44:06'),(474,5,NULL,'2804:7f5:d080:67c4:8','Google Chrome','windows','2020-07-02 11:44:42'),(475,5,NULL,'2804:7f5:d080:f07d:8','Google Chrome','windows','2020-07-03 12:22:19'),(476,5,NULL,'2804:7f5:d080:56e9:1','Google Chrome','windows','2020-07-06 12:52:58'),(477,0,'airanpossamai@gmail.com','177.96.43.152','Google Chrome','windows','2020-07-06 14:03:30'),(478,1,NULL,'177.96.43.152','Google Chrome','windows','2020-07-06 14:03:43'),(479,1,NULL,'177.96.43.152','Google Chrome','windows','2020-07-06 16:56:32'),(480,1,NULL,'200.146.50.74','Google Chrome','windows','2020-07-06 20:42:06'),(481,1,NULL,'179.223.197.238','Google Chrome','windows','2020-07-09 12:23:08'),(482,1,NULL,'191.249.67.34','Google Chrome','windows','2020-07-09 17:15:26'),(483,1,NULL,'191.249.67.34','Google Chrome','windows','2020-07-09 20:34:28'),(484,1,NULL,'189.26.179.59','Google Chrome','windows','2020-07-10 14:31:37'),(485,1,NULL,'189.26.179.59','Google Chrome','windows','2020-07-10 20:20:18'),(486,1,NULL,'189.26.179.59','Google Chrome','windows','2020-07-11 10:22:29'),(487,1,NULL,'189.26.179.59','Google Chrome','windows','2020-07-11 10:35:02'),(488,1,NULL,'189.26.179.59','Google Chrome','windows','2020-07-11 10:41:19'),(489,1,NULL,'189.26.179.59','Google Chrome','windows','2020-07-11 11:51:37'),(490,1,NULL,'189.26.179.59','Google Chrome','windows','2020-07-11 12:12:29'),(491,1,NULL,'186.212.95.41','Google Chrome','windows','2020-07-11 13:41:42'),(492,1,NULL,'186.212.95.41','Google Chrome','windows','2020-07-11 13:51:49'),(493,1,NULL,'189.114.216.114','Google Chrome','windows','2020-07-11 15:14:54'),(494,1,NULL,'2804:14c:5f87:8675:9','Google Chrome','linux','2020-07-12 01:15:26'),(495,1,NULL,'2804:14c:5f87:8675:9','Google Chrome','linux','2020-07-12 15:25:12'),(496,1,NULL,'2804:14c:5f87:8675:9','Google Chrome','linux','2020-07-12 15:44:25'),(497,1,NULL,'189.114.216.114','Google Chrome','windows','2020-07-12 18:30:45'),(498,1,NULL,'189.114.216.114','Google Chrome','windows','2020-07-12 18:52:15'),(499,1,NULL,'189.114.216.114','Google Chrome','windows','2020-07-12 22:45:52'),(500,1,NULL,'189.114.216.114','Google Chrome','windows','2020-07-13 12:57:23'),(501,1,NULL,'189.114.216.131','Google Chrome','windows','2020-07-13 16:38:12'),(502,1,NULL,'189.114.216.131','Google Chrome','windows','2020-07-13 19:46:10'),(503,1,NULL,'189.114.216.131','Google Chrome','windows','2020-07-13 20:25:17'),(504,1,NULL,'189.114.216.131','Google Chrome','windows','2020-07-14 17:47:47'),(505,1,NULL,'189.114.216.131','Google Chrome','windows','2020-07-14 17:56:33'),(506,1,NULL,'189.114.216.131','Google Chrome','windows','2020-07-14 18:37:18'),(507,1,NULL,'189.114.216.131','Google Chrome','windows','2020-07-14 19:06:37'),(508,1,NULL,'189.114.216.131','Google Chrome','windows','2020-07-14 19:29:41'),(509,1,NULL,'189.114.216.131','Google Chrome','windows','2020-07-15 01:09:27'),(510,1,NULL,'189.114.216.131','Google Chrome','windows','2020-07-15 11:22:22'),(511,7,NULL,'189.114.216.131','Google Chrome','windows','2020-07-15 11:27:57'),(512,7,NULL,'2804:14c:5989:9821:f','Google Chrome','windows','2020-07-15 12:19:06'),(513,1,NULL,'189.114.216.131','Google Chrome','windows','2020-07-15 13:34:57'),(514,0,NULL,'189.114.216.131','Google Chrome','windows','2020-07-15 13:37:34'),(515,1,NULL,'189.114.216.131','Google Chrome','windows','2020-07-15 13:37:48'),(516,1,NULL,'200.146.51.46','Google Chrome','windows','2020-07-15 18:11:00'),(517,1,NULL,'200.146.51.46','Google Chrome','windows','2020-07-15 19:15:35'),(518,1,NULL,'177.96.45.36','Google Chrome','windows','2020-07-20 18:58:02'),(519,1,NULL,'179.223.197.13','Google Chrome','windows','2020-07-21 19:30:50'),(520,1,NULL,'177.132.129.219','Google Chrome','windows','2020-07-22 12:08:15'),(521,1,NULL,'179.223.197.220','Google Chrome','windows','2020-07-22 18:04:30'),(522,1,NULL,'177.132.129.219','Google Chrome','windows','2020-07-23 12:10:49'),(523,0,'airanpossamai@gmail.com','177.132.129.219','Google Chrome','windows','2020-07-23 12:24:12'),(524,1,NULL,'177.132.129.219','Google Chrome','windows','2020-07-23 12:24:26'),(525,1,NULL,'189.26.187.32','Google Chrome','windows','2020-07-23 14:15:13'),(526,1,NULL,'179.223.197.128','Google Chrome','windows','2020-07-23 17:10:42'),(527,1,NULL,'179.223.197.128','Google Chrome','windows','2020-07-23 17:53:40'),(528,1,NULL,'179.223.197.128','Google Chrome','windows','2020-07-23 18:55:23'),(529,1,NULL,'189.26.187.32','Google Chrome','windows','2020-07-24 13:07:07'),(530,1,NULL,'189.26.187.32','Google Chrome','windows','2020-07-24 17:59:49'),(531,1,NULL,'2804:7f5:d080:bd74:2','Google Chrome','linux','2020-07-24 19:38:54'),(532,1,NULL,'177.96.41.222','Google Chrome','windows','2020-07-25 15:56:57'),(533,1,NULL,'2804:14c:5f87:8675:2','Google Chrome','linux','2020-07-26 19:21:51'),(534,1,NULL,'2804:14c:5f87:8675:2','Google Chrome','linux','2020-07-26 22:36:53'),(535,1,NULL,'179.223.197.220','Google Chrome','windows','2020-07-28 17:05:52'),(536,1,NULL,'179.223.197.220','Google Chrome','windows','2020-07-28 18:24:36'),(537,1,NULL,'191.248.106.98','Google Chrome','windows','2020-07-29 12:28:38'),(538,1,NULL,'191.248.106.98','Google Chrome','windows','2020-07-29 19:19:48'),(539,1,NULL,'191.248.110.175','Google Chrome','windows','2020-07-30 12:03:18'),(540,1,NULL,'191.248.110.175','Google Chrome','windows','2020-07-30 12:05:22'),(541,1,NULL,'191.248.110.175','Google Chrome','windows','2020-07-30 13:41:00'),(542,1,NULL,'191.248.110.175','Google Chrome','windows','2020-07-30 14:23:02'),(543,1,NULL,'191.248.110.175','Google Chrome','windows','2020-07-30 16:03:10'),(544,1,NULL,'191.245.89.142','Google Chrome','linux','2020-07-31 14:36:29'),(545,1,NULL,'200.146.51.81','Google Chrome','windows','2020-08-04 13:18:48'),(546,1,NULL,'179.185.221.85','Google Chrome','windows','2020-08-06 09:33:12'),(547,1,NULL,'179.185.221.85','Google Chrome','windows','2020-08-06 10:02:47'),(548,1,NULL,'179.185.221.85','Google Chrome','windows','2020-08-06 11:06:18'),(549,8,NULL,'2804:30c:943:1200:85','Google Chrome','windows','2020-08-06 11:08:30'),(550,1,NULL,'191.248.107.24','Google Chrome','windows','2020-08-07 14:36:24'),(551,1,NULL,'191.248.107.24','Google Chrome','windows','2020-08-07 18:17:37'),(552,1,NULL,'191.248.107.24','Google Chrome','windows','2020-08-07 20:09:47'),(553,1,NULL,'186.212.52.44','Google Chrome','windows','2020-08-10 10:08:16'),(554,1,NULL,'186.212.52.44','Google Chrome','windows','2020-08-10 11:47:12'),(555,1,NULL,'179.187.206.164','Google Chrome','windows','2020-08-11 11:45:23'),(556,1,NULL,'179.187.206.164','Google Chrome','windows','2020-08-11 15:45:03'),(557,1,NULL,'189.26.183.60','Google Chrome','windows','2020-08-13 12:59:14'),(558,1,NULL,'2804:7f5:d080:8d33:4','Google Chrome','linux','2020-08-13 13:28:44'),(559,0,NULL,'189.26.183.60','Google Chrome','windows','2020-08-13 13:46:28'),(560,1,NULL,'189.26.183.60','Google Chrome','windows','2020-08-13 13:46:40'),(561,5,NULL,'2804:7f5:d080:8d33:d','Google Chrome','windows','2020-08-13 13:54:00'),(562,1,NULL,'189.26.183.60','Google Chrome','windows','2020-08-13 16:35:44'),(563,1,NULL,'191.245.77.29','Google Chrome','linux','2020-08-14 16:12:39'),(564,1,NULL,'189.26.183.60','Google Chrome','windows','2020-08-14 23:06:40'),(565,1,NULL,'189.26.183.60','Google Chrome','windows','2020-08-14 23:31:03'),(566,1,NULL,'179.185.213.155','Google Chrome','windows','2020-08-15 10:01:10'),(567,1,NULL,'179.185.213.155','Google Chrome','windows','2020-08-15 10:05:32'),(568,1,NULL,'179.185.213.155','Google Chrome','windows','2020-08-15 10:57:28'),(569,1,NULL,'179.185.213.155','Google Chrome','windows','2020-08-15 11:30:17'),(570,1,NULL,'179.185.213.155','Google Chrome','windows','2020-08-15 11:34:53'),(571,1,NULL,'179.185.213.155','Google Chrome','windows','2020-08-15 12:34:49'),(572,1,NULL,'187.108.223.73','Google Chrome','linux','2020-08-15 21:31:13'),(573,1,NULL,'189.58.144.243','Google Chrome','windows','2020-08-17 00:01:35'),(574,1,NULL,'179.223.197.169','Google Chrome','windows','2020-08-17 17:24:52'),(575,1,NULL,'189.58.144.243','Google Chrome','windows','2020-08-18 12:51:33'),(576,1,NULL,'189.58.144.243','Google Chrome','windows','2020-08-18 13:56:04'),(577,1,NULL,'189.58.144.243','Google Chrome','windows','2020-08-18 15:02:14'),(578,1,NULL,'179.223.197.100','Google Chrome','windows','2020-08-18 16:39:03'),(579,1,NULL,'179.223.197.100','Google Chrome','windows','2020-08-18 18:30:28'),(580,1,NULL,'186.212.49.129','Google Chrome','windows','2020-08-19 13:25:13'),(581,1,NULL,'186.212.49.129','Google Chrome','windows','2020-08-19 13:55:50'),(582,1,NULL,'186.212.49.129','Google Chrome','windows','2020-08-20 18:16:29'),(583,1,NULL,'191.248.108.128','Google Chrome','windows','2020-08-20 20:41:25'),(584,1,NULL,'191.248.108.128','Google Chrome','windows','2020-08-21 19:24:30'),(585,1,NULL,'45.230.18.36','Google Chrome','linux','2020-08-22 04:24:42'),(586,1,NULL,'45.230.18.36','Google Chrome','linux','2020-08-22 13:39:10'),(587,1,NULL,'45.230.18.36','Google Chrome','linux','2020-08-22 22:12:05'),(588,1,NULL,'189.26.185.126','Google Chrome','windows','2020-08-24 13:00:44'),(589,1,NULL,'189.26.185.126','Google Chrome','windows','2020-08-24 14:46:19'),(590,1,NULL,'179.223.197.100','Google Chrome','windows','2020-08-24 16:31:34'),(591,0,NULL,'179.223.197.100','Google Chrome','windows','2020-08-24 18:21:12'),(592,1,NULL,'179.223.197.100','Google Chrome','windows','2020-08-24 18:21:34'),(593,1,NULL,'189.26.185.126','Google Chrome','windows','2020-08-25 10:41:08'),(594,1,NULL,'189.26.185.126','Google Chrome','windows','2020-08-25 12:57:14'),(595,1,NULL,'189.26.185.126','Google Chrome','windows','2020-08-25 14:04:23'),(596,1,NULL,'179.223.197.123','Google Chrome','windows','2020-08-25 18:11:14'),(597,1,NULL,'179.223.197.123','Google Chrome','windows','2020-08-25 18:16:49'),(598,1,NULL,'179.223.197.123','Google Chrome','windows','2020-08-25 18:34:45'),(599,0,NULL,'179.223.197.123','Google Chrome','windows','2020-08-25 19:30:44'),(600,1,NULL,'179.223.197.123','Google Chrome','windows','2020-08-25 19:31:03'),(601,1,NULL,'191.249.67.149','Google Chrome','windows','2020-08-26 13:09:05'),(602,1,NULL,'191.249.67.149','Google Chrome','windows','2020-08-26 14:17:13'),(603,1,NULL,'179.223.197.82','Google Chrome','windows','2020-08-26 16:43:20'),(604,1,NULL,'179.223.197.82','Google Chrome','windows','2020-08-26 18:12:03'),(605,1,NULL,'179.223.197.82','Google Chrome','windows','2020-08-26 20:06:47'),(606,1,NULL,'191.249.67.149','Google Chrome','windows','2020-08-27 10:38:49'),(607,1,NULL,'191.249.67.149','Google Chrome','windows','2020-08-27 12:49:31'),(608,1,NULL,'191.249.67.149','Google Chrome','windows','2020-08-27 13:07:42'),(609,1,NULL,'191.249.67.149','Google Chrome','windows','2020-08-27 13:41:20'),(610,1,NULL,'179.223.197.123','Google Chrome','windows','2020-08-27 17:12:23'),(611,1,NULL,'179.223.197.123','Google Chrome','windows','2020-08-27 18:35:17'),(612,1,NULL,'179.223.197.123','Google Chrome','windows','2020-08-27 19:25:35'),(613,1,NULL,'187.112.247.87','Google Chrome','windows','2020-08-28 00:16:40'),(614,1,NULL,'179.183.206.48','Google Chrome','windows','2020-08-31 13:41:00'),(615,1,NULL,'179.183.206.48','Google Chrome','windows','2020-08-31 13:56:47'),(616,1,NULL,'179.223.197.54','Google Chrome','windows','2020-08-31 18:53:17'),(617,1,NULL,'179.223.197.54','Google Chrome','windows','2020-08-31 18:55:53'),(618,1,NULL,'186.212.55.134','Google Chrome','windows','2020-08-31 20:46:10'),(619,1,NULL,'186.212.55.134','Google Chrome','windows','2020-08-31 23:27:06'),(620,1,NULL,'2804:7f5:d080:88f:f4','Google Chrome','linux','2020-09-01 02:05:35'),(621,1,NULL,'186.212.55.134','Google Chrome','windows','2020-09-01 11:53:26'),(622,1,NULL,'186.212.55.134','Google Chrome','windows','2020-09-01 13:43:44'),(623,1,NULL,'186.212.55.134','Google Chrome','windows','2020-09-01 16:14:13'),(624,1,NULL,'186.212.55.134','Google Chrome','windows','2020-09-01 17:03:35'),(625,1,NULL,'186.212.55.134','Google Chrome','windows','2020-09-01 17:04:26'),(626,1,NULL,'186.212.55.134','Google Chrome','windows','2020-09-01 17:22:23'),(627,0,'julia@ambisis.com.br','2804:7f5:d080:88f:81','Google Chrome','windows','2020-09-01 18:21:20'),(628,0,'julia@ambisis.com.br','2804:7f5:d080:88f:81','Google Chrome','windows','2020-09-01 18:22:01'),(629,0,'julia@ambisis.com.br','2804:7f5:d080:88f:81','Google Chrome','windows','2020-09-01 18:22:23'),(630,1,NULL,'186.212.55.134','Google Chrome','windows','2020-09-01 18:22:33'),(631,0,'julia@ambisis.com.br','2804:7f5:d080:88f:81','Google Chrome','windows','2020-09-01 18:22:54'),(632,0,'julia@ambisis.com.br','2804:7f5:d080:88f:81','Google Chrome','windows','2020-09-01 18:23:16'),(633,0,'julia@ambisis.com.br','2804:7f5:d080:88f:81','Google Chrome','windows','2020-09-01 18:23:56'),(634,5,NULL,'2804:7f5:d080:88f:81','Google Chrome','windows','2020-09-01 18:24:16'),(635,1,NULL,'186.212.55.134','Google Chrome','windows','2020-09-01 18:25:26'),(636,1,NULL,'186.212.55.134','Google Chrome','windows','2020-09-01 19:09:18'),(637,1,NULL,'186.212.55.134','Google Chrome','windows','2020-09-01 19:48:12'),(638,1,NULL,'186.212.55.134','Google Chrome','windows','2020-09-02 12:04:58'),(639,1,NULL,'177.96.47.226','Google Chrome','windows','2020-09-02 16:43:41'),(640,0,'airanpossamai@gmai.com','177.96.47.226','Google Chrome','windows','2020-09-02 20:09:34'),(641,1,NULL,'177.96.47.226','Google Chrome','windows','2020-09-02 20:09:46'),(642,1,NULL,'177.96.47.226','Google Chrome','windows','2020-09-02 21:12:30'),(643,1,NULL,'177.96.47.226','Google Chrome','windows','2020-09-03 11:22:21'),(644,1,NULL,'177.96.47.226','Google Chrome','windows','2020-09-03 12:32:21'),(645,0,'airanpossamai@gmai.com','177.96.47.226','Google Chrome','windows','2020-09-03 13:05:37'),(646,1,NULL,'177.96.47.226','Google Chrome','windows','2020-09-03 13:05:53'),(647,1,NULL,'179.223.197.197','Google Chrome','windows','2020-09-03 17:21:06'),(648,0,NULL,'179.223.197.197','Google Chrome','windows','2020-09-03 17:35:25'),(649,1,NULL,'179.223.197.197','Google Chrome','windows','2020-09-03 17:35:39'),(650,1,NULL,'191.248.107.26','Google Chrome','windows','2020-09-08 11:38:37'),(651,1,NULL,'191.248.107.26','Google Chrome','windows','2020-09-08 13:41:48'),(652,1,NULL,'179.183.204.6','Google Chrome','windows','2020-09-08 16:53:59'),(653,1,NULL,'179.183.204.6','Google Chrome','windows','2020-09-08 17:51:21'),(654,1,NULL,'179.183.204.6','Google Chrome','windows','2020-09-09 10:16:16'),(655,1,NULL,'179.183.204.6','Google Chrome','windows','2020-09-09 17:18:44'),(656,1,NULL,'179.183.204.6','Google Chrome','windows','2020-09-09 19:15:31'),(657,1,NULL,'179.183.204.6','Google Chrome','windows','2020-09-09 20:25:41'),(658,8,NULL,'2804:30c:92d:b100:50','Google Chrome','windows','2020-09-10 11:02:07'),(659,1,NULL,'179.223.197.220','Google Chrome','windows','2020-09-10 16:47:48'),(660,1,NULL,'179.223.197.220','Google Chrome','windows','2020-09-10 19:44:36'),(661,1,NULL,'186.212.51.60','Google Chrome','windows','2020-09-10 21:56:47'),(662,1,NULL,'186.212.51.60','Google Chrome','windows','2020-09-10 21:58:23'),(663,1,NULL,'2804:7f5:d080:1572:d','Google Chrome','linux','2020-09-10 23:15:53'),(664,1,NULL,'2804:7f5:d080:1572:d','Google Chrome','linux','2020-09-10 23:20:53'),(665,1,NULL,'186.212.51.60','Google Chrome','windows','2020-09-11 12:54:36'),(666,5,NULL,'2804:7f5:d080:1572:e','Google Chrome','windows','2020-09-11 14:15:16'),(667,1,NULL,'186.212.51.60','Google Chrome','windows','2020-09-11 17:53:35'),(668,1,NULL,'177.96.41.179','Google Chrome','windows','2020-09-14 11:04:15'),(669,1,NULL,'177.96.41.179','Google Chrome','windows','2020-09-14 12:53:20'),(670,1,NULL,'177.96.41.179','Google Chrome','windows','2020-09-14 13:39:03'),(671,1,NULL,'177.96.41.179','Google Chrome','windows','2020-09-14 13:55:21'),(672,1,NULL,'179.223.197.151','Google Chrome','windows','2020-09-14 17:03:11'),(673,1,NULL,'179.223.197.151','Google Chrome','windows','2020-09-14 17:15:39'),(674,1,NULL,'179.223.197.151','Google Chrome','windows','2020-09-14 18:31:23'),(675,1,NULL,'177.132.135.23','Google Chrome','windows','2020-09-15 11:57:45'),(676,1,NULL,'177.132.135.23','Google Chrome','windows','2020-09-15 14:49:38'),(677,0,'airanpossamai@gmai.com','177.132.135.23','Google Chrome','windows','2020-09-15 16:16:18'),(678,1,NULL,'177.132.135.23','Google Chrome','windows','2020-09-15 16:16:30'),(679,1,NULL,'177.132.135.23','Google Chrome','windows','2020-09-15 17:31:14'),(680,1,NULL,'191.248.108.67','Google Chrome','windows','2020-09-16 19:20:15'),(681,1,NULL,'191.248.108.67','Google Chrome','windows','2020-09-17 12:29:26'),(682,8,NULL,'191.240.220.25','Google Chrome','windows','2020-09-17 14:03:17'),(683,1,NULL,'191.248.108.67','Google Chrome','windows','2020-09-17 17:43:57'),(684,1,NULL,'191.248.108.67','Google Chrome','windows','2020-09-17 19:24:32'),(685,1,NULL,'191.248.108.67','Google Chrome','windows','2020-09-17 19:58:54'),(686,1,NULL,'191.248.108.67','Google Chrome','windows','2020-09-18 13:51:13'),(687,1,NULL,'179.185.220.93','Google Chrome','windows','2020-09-18 14:57:17'),(688,1,NULL,'179.185.220.93','Google Chrome','windows','2020-09-18 15:10:25'),(689,1,NULL,'179.185.220.93','Google Chrome','windows','2020-09-18 17:09:11'),(690,1,NULL,'179.185.220.93','Google Chrome','windows','2020-09-18 17:41:15'),(691,1,NULL,'179.185.220.93','Google Chrome','windows','2020-09-19 11:18:14'),(692,1,NULL,'179.185.220.93','Google Chrome','windows','2020-09-19 11:26:07'),(693,1,NULL,'179.185.220.93','Google Chrome','windows','2020-09-19 12:56:19'),(694,1,NULL,'179.185.220.93','Google Chrome','windows','2020-09-19 13:12:53'),(695,1,NULL,'2804:7f5:d080:85f3:4','Google Chrome','linux','2020-09-19 16:53:42'),(696,1,NULL,'2804:7f5:d080:85f3:4','Google Chrome','linux','2020-09-20 00:34:56'),(697,1,NULL,'2804:14c:5f87:8675:4','Google Chrome','linux','2020-09-20 14:55:38'),(698,1,NULL,'177.96.47.169','Google Chrome','windows','2020-09-20 23:06:09'),(699,1,NULL,'177.96.47.169','Google Chrome','windows','2020-09-21 11:03:15'),(700,1,NULL,'177.96.47.169','Google Chrome','windows','2020-09-21 13:11:47'),(701,1,NULL,'2804:7f5:d080:de31:4','Google Chrome','linux','2020-09-21 16:08:04'),(702,1,NULL,'179.223.197.100','Google Chrome','windows','2020-09-21 17:55:17'),(703,1,NULL,'179.223.197.100','Google Chrome','windows','2020-09-21 18:53:59'),(704,1,NULL,'179.223.197.100','Google Chrome','windows','2020-09-21 18:54:40'),(705,1,NULL,'177.96.47.169','Google Chrome','windows','2020-09-22 10:36:46'),(706,1,NULL,'2804:14c:5f82:435d:d','Google Chrome','windows','2020-09-22 14:15:05'),(707,1,NULL,'2804:14c:5f82:435d:d','Google Chrome','windows','2020-09-22 14:48:45'),(708,1,NULL,'200.146.48.18','Google Chrome','windows','2020-09-22 16:45:16'),(709,1,NULL,'200.146.48.18','Google Chrome','windows','2020-09-22 22:18:50'),(710,1,NULL,'200.146.48.18','Google Chrome','windows','2020-09-24 11:08:25'),(711,1,NULL,'200.146.48.18','Google Chrome','windows','2020-09-24 14:31:39'),(712,1,NULL,'179.223.197.100','Google Chrome','windows','2020-09-24 17:14:49'),(713,1,NULL,'179.223.197.100','Google Chrome','windows','2020-09-24 19:18:10'),(714,1,NULL,'179.223.197.100','Google Chrome','windows','2020-09-24 19:22:18'),(715,1,NULL,'179.223.197.100','Google Chrome','windows','2020-09-24 20:00:03'),(716,1,NULL,'177.96.42.72','Google Chrome','windows','2020-09-28 14:03:03'),(717,1,NULL,'177.96.42.72','Google Chrome','windows','2020-09-28 20:04:26'),(718,1,NULL,'177.96.42.72','Google Chrome','windows','2020-09-28 20:17:38'),(719,1,NULL,'177.96.42.72','Google Chrome','windows','2020-09-28 23:47:13'),(720,1,NULL,'177.96.42.72','Google Chrome','windows','2020-09-29 12:39:53'),(721,1,NULL,'177.96.42.72','Google Chrome','windows','2020-09-29 13:02:17'),(722,1,NULL,'177.96.42.72','Google Chrome','windows','2020-09-29 13:26:54'),(723,1,NULL,'177.96.42.72','Google Chrome','windows','2020-09-29 20:28:36'),(724,1,NULL,'177.96.42.72','Google Chrome','windows','2020-09-30 12:14:55'),(725,1,NULL,'179.223.197.123','Google Chrome','windows','2020-10-01 19:35:03'),(726,1,NULL,'189.26.179.230','Google Chrome','windows','2020-10-02 11:40:46'),(727,1,NULL,'189.26.179.230','Google Chrome','windows','2020-10-02 13:59:06'),(728,1,NULL,'189.26.179.230','Google Chrome','windows','2020-10-02 18:38:16'),(729,1,NULL,'189.26.179.230','Google Chrome','windows','2020-10-05 14:41:02'),(730,1,NULL,'189.26.179.230','Google Chrome','windows','2020-10-05 14:49:47'),(731,1,NULL,'179.223.197.54','Google Chrome','windows','2020-10-05 17:57:08'),(732,1,NULL,'179.223.197.54','Google Chrome','windows','2020-10-05 18:59:03'),(733,1,NULL,'189.26.179.230','Google Chrome','windows','2020-10-06 12:38:41'),(734,1,NULL,'189.26.179.230','Google Chrome','windows','2020-10-06 13:32:16'),(735,8,NULL,'177.130.227.184','Google Chrome','windows','2020-10-06 14:53:52'),(736,0,NULL,'189.26.179.230','Google Chrome','windows','2020-10-06 18:40:53'),(737,1,NULL,'189.26.179.230','Google Chrome','windows','2020-10-06 18:41:07'),(738,1,NULL,'189.26.179.230','Google Chrome','windows','2020-10-06 20:27:52'),(739,1,NULL,'189.26.179.230','Google Chrome','windows','2020-10-07 00:56:45'),(740,1,NULL,'189.26.179.230','Google Chrome','windows','2020-10-07 12:31:05'),(741,1,NULL,'179.223.197.151','Google Chrome','windows','2020-10-07 18:09:43'),(742,1,NULL,'179.223.197.151','Google Chrome','windows','2020-10-08 11:20:34'),(743,1,NULL,'189.26.179.230','Google Chrome','windows','2020-10-08 23:47:34'),(744,1,NULL,'179.185.221.215','Google Chrome','windows','2020-10-09 12:41:35'),(745,1,NULL,'179.185.220.206','Google Chrome','windows','2020-10-09 17:55:29'),(746,1,NULL,'179.185.220.206','Google Chrome','windows','2020-10-09 18:01:22'),(747,8,NULL,'2804:30c:b6e:fe00:6d','Google Chrome','linux','2020-10-13 04:07:53'),(748,1,NULL,'45.230.18.36','Google Chrome','windows','2020-10-13 13:54:29'),(749,0,'airanpossamai@gmail.com','45.230.18.36','Google Chrome','windows','2020-10-13 16:57:28'),(750,1,NULL,'45.230.18.36','Google Chrome','windows','2020-10-13 16:57:56'),(751,1,NULL,'45.230.18.36','Google Chrome','windows','2020-10-13 17:56:20'),(752,1,NULL,'179.185.220.206','Google Chrome','windows','2020-10-14 14:04:48'),(753,1,NULL,'179.223.197.169','Google Chrome','windows','2020-10-14 17:16:59'),(754,1,NULL,'179.185.220.206','Google Chrome','windows','2020-10-15 12:41:21'),(755,1,NULL,'179.185.220.206','Google Chrome','windows','2020-10-16 12:19:48'),(756,5,NULL,'2804:7f5:d080:a0ab:6','Google Chrome','windows','2020-10-16 13:56:12'),(757,1,NULL,'179.185.220.206','Google Chrome','windows','2020-10-16 16:58:06'),(758,1,NULL,'179.185.220.206','Google Chrome','windows','2020-10-16 17:15:29'),(759,1,NULL,'179.185.220.206','Google Chrome','windows','2020-10-16 18:43:05'),(760,1,NULL,'2804:7f5:d080:e092:c','Google Chrome','linux','2020-10-17 16:46:40'),(761,1,NULL,'189.26.190.85','Google Chrome','windows','2020-10-17 18:08:42'),(762,1,NULL,'179.185.219.227','Google Chrome','windows','2020-10-19 12:23:27'),(763,1,NULL,'179.185.219.227','Google Chrome','windows','2020-10-19 13:32:29'),(764,1,NULL,'179.185.219.227','Google Chrome','windows','2020-10-19 19:45:55'),(765,1,NULL,'179.185.219.227','Google Chrome','windows','2020-10-19 23:47:13'),(766,1,NULL,'179.185.219.227','Google Chrome','windows','2020-10-20 14:09:31'),(767,1,NULL,'179.223.197.169','Google Chrome','windows','2020-10-20 17:58:57'),(768,1,NULL,'179.223.197.169','Google Chrome','windows','2020-10-20 18:40:03'),(769,1,NULL,'179.185.219.227','Google Chrome','windows','2020-10-21 14:10:51'),(770,1,NULL,'179.223.197.220','Google Chrome','windows','2020-10-21 16:52:04'),(771,1,NULL,'179.223.197.220','Google Chrome','windows','2020-10-21 16:54:57'),(772,1,NULL,'179.223.197.220','Google Chrome','windows','2020-10-21 18:18:26'),(773,8,NULL,'2804:30c:b6e:fe00:39','Google Chrome','linux','2020-10-22 00:26:04'),(774,1,NULL,'179.185.219.227','Google Chrome','windows','2020-10-22 12:43:50'),(775,1,NULL,'179.185.219.227','Google Chrome','windows','2020-10-22 13:04:51'),(776,0,NULL,'179.185.219.227','Google Chrome','windows','2020-10-22 14:34:58'),(777,1,NULL,'179.185.219.227','Google Chrome','windows','2020-10-22 14:35:26'),(778,8,NULL,'2804:30c:b6e:fe00:25','Google Chrome','linux','2020-10-22 14:55:29'),(779,1,NULL,'179.185.219.227','Google Chrome','windows','2020-10-22 15:35:15'),(780,1,NULL,'179.185.219.227','Google Chrome','windows','2020-10-22 16:04:29'),(781,1,NULL,'179.223.197.238','Google Chrome','windows','2020-10-22 17:35:48'),(782,0,NULL,'179.223.197.238','Google Chrome','windows','2020-10-22 17:48:56'),(783,1,NULL,'179.223.197.238','Google Chrome','windows','2020-10-22 17:50:56'),(784,1,NULL,'179.223.197.238','Google Chrome','windows','2020-10-22 18:02:45'),(785,1,NULL,'179.223.197.238','Google Chrome','windows','2020-10-22 18:12:20'),(786,1,NULL,'179.223.197.238','Google Chrome','windows','2020-10-22 18:40:25'),(787,1,NULL,'179.185.219.227','Google Chrome','windows','2020-10-22 20:54:59'),(788,1,NULL,'179.185.219.227','Google Chrome','windows','2020-10-22 21:39:23'),(789,1,NULL,'179.185.219.227','Google Chrome','linux','2020-10-23 01:47:40'),(790,1,NULL,'179.185.219.227','Google Chrome','linux','2020-10-23 02:25:38'),(791,1,NULL,'179.185.219.227','Google Chrome','linux','2020-10-23 08:22:01'),(792,1,NULL,'179.185.219.227','Google Chrome','windows','2020-10-23 11:11:49'),(793,1,NULL,'179.185.219.227','Google Chrome','windows','2020-10-23 12:41:06'),(794,1,NULL,'179.185.219.227','Google Chrome','windows','2020-10-23 20:30:29'),(795,1,NULL,'179.185.219.227','Google Chrome','windows','2020-10-23 20:41:33'),(796,1,NULL,'179.185.219.227','Google Chrome','windows','2020-10-23 21:03:17'),(797,1,NULL,'179.185.219.227','Google Chrome','windows','2020-10-23 21:30:46'),(798,1,NULL,'179.185.219.227','Google Chrome','windows','2020-10-24 10:00:23'),(799,1,NULL,'179.185.219.227','Google Chrome','windows','2020-10-24 10:02:48'),(800,1,NULL,'179.185.219.227','Google Chrome','windows','2020-10-24 10:28:18'),(801,1,NULL,'179.183.203.136','Google Chrome','linux','2020-10-24 14:29:51'),(802,1,NULL,'179.183.203.136','Google Chrome','windows','2020-10-25 11:58:52'),(803,1,NULL,'179.183.203.136','Google Chrome','windows','2020-10-25 15:17:58'),(804,1,NULL,'179.223.197.13','Google Chrome','windows','2020-10-26 17:20:46'),(805,1,NULL,'179.223.197.13','Google Chrome','windows','2020-10-26 19:50:25'),(806,1,NULL,'179.183.203.136','Google Chrome','windows','2020-10-26 22:31:03'),(807,1,NULL,'179.183.203.136','Google Chrome','windows','2020-10-26 23:03:17'),(808,1,NULL,'179.183.203.136','Google Chrome','windows','2020-10-26 23:11:36'),(809,1,NULL,'179.183.203.136','Google Chrome','windows','2020-10-26 23:12:32'),(810,1,NULL,'179.183.203.136','Google Chrome','windows','2020-10-26 23:13:38'),(811,1,NULL,'179.183.203.136','Google Chrome','windows','2020-10-26 23:16:23'),(812,1,NULL,'179.183.203.136','Google Chrome','windows','2020-10-26 23:53:11'),(813,1,NULL,'179.183.203.136','Google Chrome','windows','2020-10-27 00:01:25'),(814,1,NULL,'179.183.203.136','Google Chrome','windows','2020-10-27 12:08:06'),(815,1,NULL,'179.183.203.136','Google Chrome','windows','2020-10-27 13:01:37'),(816,1,NULL,'179.187.205.125','Google Chrome','windows','2020-10-27 15:10:43'),(817,1,NULL,'179.223.197.100','Google Chrome','windows','2020-10-27 17:05:20'),(818,0,NULL,'179.223.197.100','Google Chrome','windows','2020-10-27 18:03:11'),(819,1,NULL,'179.223.197.100','Google Chrome','windows','2020-10-27 18:03:25'),(820,1,NULL,'179.223.197.100','Google Chrome','windows','2020-10-27 19:58:55'),(821,1,NULL,'179.223.197.100','Google Chrome','windows','2020-10-27 20:20:05'),(822,1,NULL,'179.223.197.100','Google Chrome','windows','2020-10-27 20:22:27'),(823,1,NULL,'179.223.197.100','Google Chrome','windows','2020-10-27 20:32:19'),(824,1,NULL,'179.223.197.100','Google Chrome','windows','2020-10-27 20:33:14'),(825,1,NULL,'191.248.109.9','Google Chrome','windows','2020-10-28 12:24:15'),(826,1,NULL,'191.248.109.9','Google Chrome','windows','2020-10-28 12:51:53'),(827,1,NULL,'191.248.109.9','Google Chrome','windows','2020-10-28 12:59:22'),(828,1,NULL,'2804:7f5:d080:6d49:f','Google Chrome','windows','2020-10-28 16:07:57'),(829,1,NULL,'179.223.197.82','Google Chrome','windows','2020-10-28 16:58:14'),(830,1,NULL,'179.223.197.82','Google Chrome','windows','2020-10-28 17:54:19'),(831,1,NULL,'179.223.197.82','Google Chrome','windows','2020-10-28 18:25:21'),(832,1,NULL,'179.223.197.82','Google Chrome','windows','2020-10-28 19:16:57'),(833,1,NULL,'179.223.197.128','Google Chrome','windows','2020-10-29 17:30:10'),(834,1,NULL,'186.212.89.1','Google Chrome','windows','2020-10-30 16:41:06'),(835,1,NULL,'179.223.197.169','Google Chrome','windows','2020-11-03 19:16:24'),(836,1,NULL,'191.245.76.151','Google Chrome','linux','2020-11-04 13:26:08'),(837,1,NULL,'177.130.229.25','Google Chrome','windows','2020-11-04 13:41:34'),(838,1,NULL,'186.212.89.1','Google Chrome','windows','2020-11-04 16:48:41'),(839,1,NULL,'186.212.89.1','Google Chrome','linux','2020-11-04 18:16:55'),(840,1,NULL,'186.212.89.1','Google Chrome','windows','2020-11-04 18:29:48'),(841,0,'luanpedroengel@gmail.com','189.26.191.3','Google Chrome','windows','2020-11-05 12:49:24'),(842,0,NULL,'189.26.191.3','Google Chrome','windows','2020-11-05 12:57:53'),(843,1,NULL,'189.26.191.3','Google Chrome','windows','2020-11-05 12:58:09'),(844,1,NULL,'189.26.191.3','Google Chrome','windows','2020-11-05 14:21:18'),(845,1,NULL,'189.26.191.3','Google Chrome','windows','2020-11-05 14:22:07'),(846,1,NULL,'179.223.197.220','Google Chrome','windows','2020-11-05 19:45:49'),(847,1,NULL,'189.26.191.3','Google Chrome','windows','2020-11-06 12:08:58'),(848,1,NULL,'189.26.191.3','Google Chrome','windows','2020-11-06 14:16:03'),(849,1,NULL,'189.26.191.3','Google Chrome','windows','2020-11-06 16:36:57'),(850,1,NULL,'189.26.191.3','Google Chrome','windows','2020-11-06 17:03:07'),(851,1,NULL,'189.26.191.3','Google Chrome','windows','2020-11-06 20:24:16'),(852,1,NULL,'189.26.191.3','Google Chrome','windows','2020-11-06 21:04:18'),(853,1,NULL,'189.26.191.3','Google Chrome','windows','2020-11-06 21:05:20'),(854,1,NULL,'189.26.191.3','Google Chrome','linux','2020-11-07 02:03:05'),(855,1,NULL,'189.26.191.3','Google Chrome','linux','2020-11-07 12:33:30'),(856,1,NULL,'189.26.191.3','Google Chrome','windows','2020-11-08 16:34:01'),(857,1,NULL,'191.249.70.97','Google Chrome','windows','2020-11-09 11:28:20'),(858,1,NULL,'191.249.70.97','Google Chrome','windows','2020-11-09 12:25:51'),(859,1,NULL,'179.223.197.220','Google Chrome','windows','2020-11-09 19:27:44'),(860,1,NULL,'179.223.197.220','Google Chrome','windows','2020-11-09 19:46:22'),(861,1,NULL,'186.212.95.248','Google Chrome','windows','2020-11-10 11:13:56'),(862,1,NULL,'186.212.95.248','Google Chrome','windows','2020-11-10 13:14:16'),(863,1,NULL,'179.223.197.128','Google Chrome','windows','2020-11-10 19:11:19'),(864,1,NULL,'186.212.95.248','Google Chrome','windows','2020-11-11 12:37:32'),(865,1,NULL,'186.212.95.248','Google Chrome','windows','2020-11-11 13:01:28'),(866,1,NULL,'186.212.95.248','Google Chrome','windows','2020-11-12 12:26:39'),(867,0,NULL,'186.212.95.248','Google Chrome','windows','2020-11-14 12:53:44'),(868,1,NULL,'186.212.95.248','Google Chrome','windows','2020-11-14 12:54:14'),(869,1,NULL,'186.212.95.248','Google Chrome','windows','2020-11-14 14:43:45'),(870,0,'airanpossamai@gmail.com','186.212.95.248','Google Chrome','windows','2020-11-14 15:09:18'),(871,1,NULL,'186.212.95.248','Google Chrome','windows','2020-11-14 15:09:30'),(872,1,NULL,'186.212.95.248','Google Chrome','windows','2020-11-14 21:10:51'),(873,1,NULL,'179.187.203.183','Google Chrome','windows','2020-11-16 14:03:50'),(874,1,NULL,'179.187.203.183','Google Chrome','windows','2020-11-16 14:47:14'),(875,1,NULL,'179.185.222.205','Google Chrome','windows','2020-11-20 11:08:27'),(876,1,NULL,'200.146.51.13','Google Chrome','windows','2020-12-03 19:12:56'),(877,1,NULL,'191.248.109.224','Google Chrome','linux','2020-12-04 02:35:25'),(878,1,NULL,'179.185.208.103','Google Chrome','windows','2020-12-08 14:59:11'),(879,1,NULL,'179.185.208.103','Google Chrome','windows','2020-12-08 17:52:03'),(880,1,NULL,'179.185.208.103','Google Chrome','windows','2020-12-08 19:39:55'),(881,1,NULL,'179.185.208.103','Google Chrome','windows','2020-12-08 19:55:09'),(882,1,NULL,'179.185.208.103','Google Chrome','windows','2020-12-08 20:50:41'),(883,1,NULL,'179.185.208.103','Google Chrome','windows','2020-12-08 23:16:26'),(884,1,NULL,'179.185.208.103','Google Chrome','windows','2020-12-09 01:54:34'),(885,1,NULL,'179.185.208.103','Google Chrome','windows','2020-12-09 02:19:54'),(886,0,NULL,'179.185.208.103','Google Chrome','windows','2020-12-09 02:34:54'),(887,1,NULL,'179.185.208.103','Google Chrome','windows','2020-12-09 02:41:24'),(888,0,NULL,'179.185.208.103','Google Chrome','windows','2020-12-09 02:48:49'),(889,1,NULL,'179.185.208.103','Google Chrome','windows','2020-12-09 02:49:13'),(890,1,NULL,'179.185.208.103','Apple Safari','mac','2020-12-09 02:56:28'),(891,1,NULL,'179.185.208.103','Google Chrome','windows','2020-12-09 03:03:30'),(892,0,NULL,'179.185.208.103','Google Chrome','windows','2020-12-09 03:06:13'),(893,1,NULL,'179.185.208.103','Google Chrome','windows','2020-12-09 03:06:30'),(894,1,NULL,'179.185.208.103','Google Chrome','windows','2020-12-09 03:08:35'),(895,1,NULL,'179.185.208.103','Google Chrome','windows','2020-12-09 03:11:32'),(896,1,NULL,'179.185.208.103','Google Chrome','windows','2020-12-09 03:13:00'),(897,1,NULL,'191.245.68.202','Apple Safari','mac','2020-12-09 03:17:40'),(898,1,NULL,'179.185.208.103','Apple Safari','mac','2020-12-09 03:19:08'),(899,1,NULL,'187.112.247.70','Google Chrome','windows','2020-12-09 03:26:53'),(900,1,NULL,'187.112.247.70','Google Chrome','windows','2020-12-09 03:27:28'),(901,1,NULL,'187.112.247.70','Google Chrome','windows','2020-12-09 03:29:12'),(902,1,NULL,'187.112.247.70','Google Chrome','windows','2020-12-09 03:30:11'),(903,1,NULL,'187.112.247.70','Google Chrome','windows','2020-12-09 03:32:22'),(904,5,NULL,'187.112.247.70','Google Chrome','windows','2020-12-09 03:33:41'),(905,1,NULL,'187.112.247.70','Google Chrome','linux','2020-12-09 03:43:02'),(906,1,NULL,'187.112.247.70','Google Chrome','windows','2020-12-09 03:44:48'),(907,1,NULL,'187.112.247.70','Google Chrome','windows','2020-12-09 04:09:37'),(908,1,NULL,'187.112.247.70','Google Chrome','windows','2020-12-09 09:39:14'),(909,1,NULL,'177.193.72.6','Google Chrome','windows','2020-12-09 11:59:59'),(910,1,NULL,'177.193.72.6','Google Chrome','linux','2020-12-09 12:28:12'),(911,1,NULL,'177.193.72.6','Google Chrome','windows','2020-12-09 12:38:37'),(912,1,NULL,'177.193.72.6','Google Chrome','windows','2020-12-09 13:23:56'),(913,1,NULL,'177.193.72.6','Google Chrome','windows','2020-12-09 14:47:59'),(914,1,NULL,'177.193.72.6','Mozilla Firefox','windows','2020-12-09 16:51:19'),(915,1,NULL,'177.193.72.6','Google Chrome','windows','2020-12-09 18:52:06'),(916,1,NULL,'179.185.222.79','Google Chrome','windows','2020-12-10 00:37:26'),(917,1,NULL,'179.185.222.79','Google Chrome','windows','2020-12-10 11:31:18'),(918,1,NULL,'179.185.222.79','Google Chrome','windows','2020-12-10 12:39:38'),(919,1,NULL,'179.185.222.79','Google Chrome','windows','2020-12-10 12:43:40'),(920,1,NULL,'179.185.222.79','Google Chrome','windows','2020-12-10 13:28:16'),(921,1,NULL,'179.185.222.79','Google Chrome','windows','2020-12-10 13:53:56'),(922,1,NULL,'179.185.222.79','Google Chrome','windows','2020-12-10 14:41:18'),(923,1,NULL,'179.185.222.79','Google Chrome','windows','2020-12-10 16:23:15'),(924,1,NULL,'179.185.222.79','Google Chrome','windows','2020-12-10 16:42:10'),(925,1,NULL,'179.185.222.79','Google Chrome','windows','2020-12-10 16:42:38'),(926,1,NULL,'179.185.222.79','Google Chrome','windows','2020-12-10 16:43:22'),(927,1,NULL,'179.185.222.79','Google Chrome','windows','2020-12-10 16:44:18'),(928,1,NULL,'179.185.222.79','Mozilla Firefox','windows','2020-12-10 16:45:02'),(929,1,NULL,'179.185.222.79','Mozilla Firefox','windows','2020-12-10 16:46:10'),(930,1,NULL,'179.185.222.79','Google Chrome','windows','2020-12-10 16:47:06'),(931,1,NULL,'179.185.222.79','Google Chrome','windows','2020-12-10 16:47:50'),(932,1,NULL,'179.185.222.79','Google Chrome','windows','2020-12-10 16:48:19'),(933,1,NULL,'179.185.222.79','Google Chrome','windows','2020-12-10 17:53:21'),(934,1,NULL,'179.185.222.79','Google Chrome','linux','2020-12-11 01:47:09'),(935,1,NULL,'179.185.222.79','Google Chrome','windows','2020-12-11 10:54:47'),(936,1,NULL,'186.212.53.123','Google Chrome','windows','2020-12-11 12:39:46'),(937,1,NULL,'186.212.53.123','Google Chrome','windows','2020-12-11 16:32:18'),(938,1,NULL,'186.212.53.123','Google Chrome','windows','2020-12-11 17:51:18'),(939,5,NULL,'189.114.217.223','Google Chrome','windows','2020-12-14 12:21:35'),(940,0,NULL,'189.114.217.223','Google Chrome','windows','2020-12-14 13:05:00'),(941,5,NULL,'189.114.217.223','Google Chrome','windows','2020-12-14 13:05:06'),(942,0,NULL,'189.114.217.223','Google Chrome','windows','2020-12-14 13:17:34'),(943,5,NULL,'189.114.217.223','Google Chrome','windows','2020-12-14 13:17:38'),(944,0,NULL,'189.114.217.223','Google Chrome','windows','2020-12-14 13:17:54'),(945,1,NULL,'189.114.217.223','Google Chrome','windows','2020-12-14 13:18:04'),(946,1,NULL,'189.114.217.223','Google Chrome','windows','2020-12-14 13:26:48'),(947,1,NULL,'189.114.217.223','Google Chrome','windows','2020-12-14 13:28:28'),(948,5,NULL,'189.114.217.223','Google Chrome','windows','2020-12-14 13:29:10'),(949,1,NULL,'186.212.94.178','Google Chrome','windows','2020-12-14 16:47:34'),(950,1,NULL,'186.212.94.178','Google Chrome','windows','2020-12-14 17:04:04'),(951,1,NULL,'186.212.94.178','Google Chrome','windows','2020-12-15 11:11:01'),(952,1,NULL,'186.212.94.178','Google Chrome','windows','2020-12-15 14:24:58'),(953,1,NULL,'186.212.94.178','Google Chrome','windows','2020-12-15 15:51:59'),(954,1,NULL,'186.212.94.178','Google Chrome','windows','2020-12-15 16:57:53'),(955,1,NULL,'186.212.94.178','Google Chrome','windows','2020-12-15 18:09:35'),(956,1,NULL,'191.248.111.246','Google Chrome','linux','2020-12-17 02:04:32'),(957,1,NULL,'191.248.111.246','Google Chrome','windows','2020-12-17 11:18:41'),(958,1,NULL,'191.248.111.246','Google Chrome','windows','2020-12-17 18:41:22'),(959,1,NULL,'191.248.111.246','Google Chrome','windows','2020-12-18 11:56:25'),(960,1,NULL,'191.248.111.246','Google Chrome','windows','2020-12-18 12:08:36'),(961,1,NULL,'191.248.111.246','Google Chrome','windows','2020-12-18 12:16:29'),(962,1,NULL,'191.248.111.246','Google Chrome','windows','2020-12-18 12:24:59'),(963,1,NULL,'191.248.111.246','Google Chrome','windows','2020-12-18 12:44:48'),(964,1,NULL,'191.248.111.246','Google Chrome','windows','2020-12-18 12:53:23'),(965,1,NULL,'191.248.111.246','Google Chrome','windows','2020-12-18 17:01:56'),(966,1,NULL,'191.248.111.246','Google Chrome','linux','2020-12-20 22:10:23'),(967,8,NULL,'177.130.239.234','Google Chrome','windows','2020-12-21 14:08:06'),(968,1,NULL,'45.230.18.36','Google Chrome','windows','2021-01-02 19:13:30'),(969,1,NULL,'189.114.216.187','Google Chrome','windows','2021-01-06 16:32:18'),(970,1,NULL,'189.114.216.187','Google Chrome','windows','2021-01-06 19:01:05'),(971,1,NULL,'189.114.216.187','Google Chrome','windows','2021-01-06 20:35:13'),(972,1,NULL,'177.200.194.138','Google Chrome','windows','2021-01-07 13:14:16'),(973,1,NULL,'177.200.194.138','Google Chrome','windows','2021-01-08 17:23:40'),(974,1,NULL,'189.114.216.187','Google Chrome','windows','2021-01-10 08:32:14'),(975,1,NULL,'189.114.216.187','Google Chrome','windows','2021-01-10 08:52:09'),(976,1,NULL,'189.114.216.187','Google Chrome','windows','2021-01-10 08:55:09'),(977,1,NULL,'189.114.216.187','Google Chrome','windows','2021-01-10 09:09:32'),(978,1,NULL,'177.200.194.138','Google Chrome','windows','2021-01-11 17:32:13'),(979,1,NULL,'177.132.132.91','Google Chrome','windows','2021-01-11 21:03:27'),(980,1,NULL,'177.132.132.91','Google Chrome','windows','2021-01-11 23:15:46'),(981,1,NULL,'177.132.132.91','Mozilla Firefox','windows','2021-01-11 23:51:20'),(982,0,NULL,'177.132.132.91','Google Chrome','windows','2021-01-11 23:52:51'),(983,1,NULL,'177.132.132.91','Google Chrome','windows','2021-01-11 23:53:15'),(984,1,NULL,'177.132.132.91','Google Chrome','windows','2021-01-11 23:56:44'),(985,1,NULL,'177.132.132.91','Google Chrome','windows','2021-01-12 00:09:06'),(986,1,NULL,'177.132.132.91','Google Chrome','windows','2021-01-12 00:20:00'),(987,1,NULL,'177.132.132.91','Google Chrome','windows','2021-01-12 18:02:28'),(988,5,NULL,'177.132.132.91','Google Chrome','windows','2021-01-12 18:14:09'),(989,1,NULL,'177.132.132.91','Google Chrome','windows','2021-01-12 20:33:24'),(990,1,NULL,'177.132.132.91','Google Chrome','windows','2021-01-12 21:11:06'),(991,1,NULL,'177.132.132.91','Google Chrome','windows','2021-01-12 21:31:18'),(992,1,NULL,'187.112.246.94','Google Chrome','windows','2021-01-12 21:58:04'),(993,1,NULL,'187.112.246.94','Google Chrome','windows','2021-01-12 21:59:32'),(994,1,NULL,'187.112.246.94','Google Chrome','windows','2021-01-12 22:01:17'),(995,1,NULL,'187.112.246.94','Google Chrome','windows','2021-01-12 22:06:48'),(996,1,NULL,'187.112.246.94','Google Chrome','windows','2021-01-12 22:16:18'),(997,1,NULL,'187.112.246.94','Google Chrome','windows','2021-01-12 22:21:45'),(998,0,'mazzucoambiental@gmail.com','187.112.246.94','Google Chrome','windows','2021-01-12 22:49:51'),(999,0,'atendimento@euroambiental.eco.br','187.112.246.94','Google Chrome','windows','2021-01-12 23:58:02'),(1000,1,NULL,'187.112.246.94','Google Chrome','windows','2021-01-13 00:15:36'),(1001,1,NULL,'187.112.246.94','Google Chrome','windows','2021-01-13 00:18:51'),(1002,1,NULL,'187.112.246.94','Google Chrome','windows','2021-01-13 00:41:29'),(1003,1,NULL,'187.112.246.94','Google Chrome','linux','2021-01-13 01:59:10'),(1004,1,NULL,'187.112.246.94','Google Chrome','linux','2021-01-13 09:13:08'),(1005,1,NULL,'187.112.246.94','Google Chrome','windows','2021-01-13 11:48:53'),(1006,5,NULL,'189.26.177.188','Google Chrome','windows','2021-01-13 13:14:09'),(1007,5,NULL,'189.26.177.188','Google Chrome','windows','2021-01-13 13:21:00'),(1008,1,NULL,'189.26.177.188','Google Chrome','windows','2021-01-13 13:28:50'),(1009,1,NULL,'189.26.177.188','Google Chrome','windows','2021-01-13 13:39:57'),(1010,1,NULL,'189.26.177.188','Google Chrome','windows','2021-01-13 17:08:08'),(1011,1,NULL,'189.26.177.188','Google Chrome','windows','2021-01-13 17:54:27'),(1012,1,NULL,'189.26.177.188','Google Chrome','windows','2021-01-13 18:29:21'),(1013,1,NULL,'189.26.177.188','Google Chrome','windows','2021-01-13 18:37:50'),(1014,1,NULL,'189.26.177.188','Google Chrome','windows','2021-01-13 18:39:29'),(1015,1,NULL,'189.26.177.188','Google Chrome','windows','2021-01-13 18:44:06'),(1016,1,NULL,'189.26.177.188','Google Chrome','windows','2021-01-13 18:49:54'),(1017,1,NULL,'189.26.177.188','Google Chrome','windows','2021-01-13 18:53:25'),(1018,1,NULL,'177.193.72.6','Google Chrome','windows','2021-01-14 12:45:48'),(1019,1,NULL,'177.193.72.6','Google Chrome','windows','2021-01-14 18:15:29'),(1020,1,NULL,'177.200.194.138','Google Chrome','windows','2021-01-15 10:43:33'),(1021,1,NULL,'177.200.194.138','Google Chrome','windows','2021-01-15 14:51:41'),(1022,1,NULL,'177.193.72.6','Google Chrome','windows','2021-01-15 19:40:28'),(1023,1,NULL,'177.193.72.6','Google Chrome','linux','2021-01-15 21:26:47'),(1024,0,'airanpossamai@gmail.com','189.75.42.11','Google Chrome','linux','2021-01-17 01:59:48'),(1025,1,NULL,'189.75.42.11','Google Chrome','linux','2021-01-17 02:00:07'),(1026,1,NULL,'189.26.177.188','Google Chrome','windows','2021-01-17 23:50:39'),(1027,1,NULL,'177.200.194.138','Google Chrome','windows','2021-01-18 12:09:57'),(1028,1,NULL,'177.200.194.138','Google Chrome','windows','2021-01-18 12:33:29'),(1029,1,NULL,'179.187.206.173','Google Chrome','windows','2021-01-19 17:08:19'),(1030,1,NULL,'179.187.206.173','Google Chrome','windows','2021-01-19 22:49:13'),(1031,0,'airanpossamai@gmail.com','189.26.188.225','Google Chrome','linux','2021-01-20 10:55:25'),(1032,1,NULL,'189.26.188.225','Google Chrome','linux','2021-01-20 10:55:51'),(1033,1,NULL,'189.26.188.225','Google Chrome','windows','2021-01-20 11:06:45'),(1034,1,NULL,'189.26.188.225','Google Chrome','windows','2021-01-20 11:08:50'),(1035,1,NULL,'189.26.188.225','Google Chrome','windows','2021-01-20 11:10:54'),(1036,1,NULL,'189.26.188.225','Google Chrome','windows','2021-01-20 11:13:37'),(1037,1,NULL,'189.26.188.225','Google Chrome','windows','2021-01-20 11:23:55'),(1038,1,NULL,'189.26.188.225','Google Chrome','windows','2021-01-21 16:25:04'),(1039,1,NULL,'179.185.211.124','Google Chrome','windows','2021-01-21 17:40:36'),(1040,1,NULL,'179.185.211.124','Google Chrome','windows','2021-01-21 18:03:16'),(1041,1,NULL,'177.200.194.138','Google Chrome','windows','2021-01-22 12:23:05'),(1042,1,NULL,'177.200.194.138','Google Chrome','windows','2021-01-22 13:57:21'),(1043,1,NULL,'177.74.222.171','Google Chrome','windows','2021-01-22 17:21:32'),(1044,5,NULL,'191.253.102.48','Google Chrome','windows','2021-01-25 17:27:01'),(1045,5,NULL,'191.253.102.48','Google Chrome','windows','2021-01-25 18:16:24'),(1046,1,NULL,'179.185.211.124','Google Chrome','windows','2021-01-26 16:54:14'),(1047,1,NULL,'191.253.102.48','Google Chrome','windows','2021-01-26 18:13:10'),(1048,1,NULL,'191.253.102.48','Google Chrome','windows','2021-01-26 19:15:05'),(1049,1,NULL,'191.253.102.48','Google Chrome','windows','2021-01-27 11:11:50'),(1050,5,NULL,'191.253.102.48','Google Chrome','windows','2021-01-27 12:22:41'),(1051,1,NULL,'191.253.102.48','Google Chrome','windows','2021-01-27 17:56:37'),(1052,1,NULL,'191.253.102.48','Google Chrome','windows','2021-01-27 19:09:21'),(1053,1,NULL,'191.253.102.48','Google Chrome','windows','2021-01-27 20:18:57'),(1054,1,NULL,'191.253.102.48','Google Chrome','windows','2021-01-28 12:49:01'),(1055,1,NULL,'191.253.102.48','Google Chrome','windows','2021-01-28 14:42:53'),(1056,1,NULL,'191.253.102.48','Google Chrome','windows','2021-01-29 14:51:09'),(1057,5,NULL,'179.185.211.124','Google Chrome','windows','2021-01-29 17:22:24'),(1058,1,NULL,'191.253.102.48','Google Chrome','windows','2021-01-29 19:20:03'),(1059,1,NULL,'191.253.102.48','Google Chrome','windows','2021-01-29 20:53:09'),(1060,8,NULL,'191.253.124.192','Google Chrome','windows','2021-02-01 12:39:08'),(1061,5,NULL,'191.253.102.48','Google Chrome','windows','2021-02-01 19:28:24'),(1062,1,NULL,'191.253.102.48','Google Chrome','windows','2021-02-01 19:31:00'),(1063,1,NULL,'191.253.102.48','Google Chrome','windows','2021-02-02 11:27:11'),(1064,1,NULL,'191.253.102.48','Google Chrome','windows','2021-02-02 11:34:02'),(1065,1,NULL,'191.253.102.48','Google Chrome','windows','2021-02-02 11:59:33'),(1066,1,NULL,'191.253.102.48','Google Chrome','windows','2021-02-02 13:29:13'),(1067,1,NULL,'177.104.4.85','Google Chrome','windows','2021-02-02 19:52:38'),(1068,5,NULL,'177.104.4.85','Google Chrome','windows','2021-02-03 11:48:11'),(1069,1,NULL,'177.104.4.85','Google Chrome','windows','2021-02-03 13:05:19'),(1070,1,NULL,'177.104.4.85','Google Chrome','windows','2021-02-03 13:09:39'),(1071,5,NULL,'177.104.4.85','Google Chrome','windows','2021-02-03 13:09:44'),(1072,1,NULL,'177.104.4.85','Google Chrome','windows','2021-02-03 13:17:05'),(1073,1,NULL,'177.104.4.85','Google Chrome','windows','2021-02-03 13:17:28'),(1074,1,NULL,'191.253.108.251','Google Chrome','windows','2021-02-03 17:48:26'),(1075,1,NULL,'191.253.108.251','Google Chrome','windows','2021-02-03 19:44:18'),(1076,1,NULL,'191.253.108.251','Google Chrome','windows','2021-02-04 17:12:08'),(1077,5,NULL,'191.253.108.251','Google Chrome','windows','2021-02-05 16:55:57'),(1078,1,NULL,'191.253.108.251','Google Chrome','windows','2021-02-05 16:58:52'),(1079,1,NULL,'191.253.108.251','Google Chrome','windows','2021-02-05 20:06:10'),(1080,1,NULL,'177.125.235.193','Google Chrome','windows','2021-02-08 10:55:26'),(1081,1,NULL,'177.125.235.193','Google Chrome','windows','2021-02-08 13:21:44'),(1082,1,NULL,'177.125.235.193','Google Chrome','windows','2021-02-08 13:31:13'),(1083,1,NULL,'177.125.235.193','Google Chrome','windows','2021-02-08 13:32:55'),(1084,1,NULL,'177.125.235.193','Google Chrome','windows','2021-02-08 13:47:09'),(1085,1,NULL,'177.125.235.193','Google Chrome','windows','2021-02-08 13:55:59'),(1086,1,NULL,'177.125.235.193','Google Chrome','windows','2021-02-08 14:05:45'),(1087,1,NULL,'177.125.235.193','Google Chrome','windows','2021-02-08 19:18:31'),(1088,1,NULL,'177.125.235.193','Google Chrome','windows','2021-02-09 12:34:43'),(1089,1,NULL,'177.125.235.193','Google Chrome','windows','2021-02-09 13:15:31'),(1090,1,NULL,'177.125.235.193','Google Chrome','windows','2021-02-09 14:50:35'),(1091,0,'maike@ambisis.com.br','191.240.219.23','Google Chrome','windows','2021-02-09 15:16:13'),(1092,1,NULL,'177.125.235.193','Google Chrome','windows','2021-02-09 17:04:57'),(1093,5,NULL,'177.125.235.193','Google Chrome','windows','2021-02-09 18:22:33'),(1094,1,NULL,'177.125.235.193','Google Chrome','windows','2021-02-10 13:18:23'),(1095,1,NULL,'177.125.235.193','Google Chrome','windows','2021-02-10 14:00:22'),(1096,1,NULL,'177.125.235.193','Google Chrome','windows','2021-02-10 17:08:52'),(1097,1,NULL,'177.125.235.193','Google Chrome','windows','2021-02-10 17:23:15'),(1098,1,NULL,'177.125.235.193','Google Chrome','windows','2021-02-10 17:36:14'),(1099,1,NULL,'177.125.235.193','Google Chrome','windows','2021-02-10 17:57:38'),(1100,1,NULL,'177.125.235.193','Google Chrome','windows','2021-02-10 18:39:29'),(1101,5,NULL,'177.125.235.193','Google Chrome','windows','2021-02-11 16:55:30'),(1102,1,NULL,'177.125.235.193','Google Chrome','windows','2021-02-11 18:32:14'),(1103,1,NULL,'177.125.235.193','Google Chrome','windows','2021-02-12 19:02:35'),(1104,1,NULL,'177.125.235.193','Google Chrome','windows','2021-02-12 20:16:48'),(1105,1,NULL,'45.230.18.36','Google Chrome','linux','2021-02-13 20:17:24'),(1106,1,NULL,'45.230.18.36','Google Chrome','windows','2021-02-15 17:56:34'),(1107,1,NULL,'138.118.151.158','Google Chrome','windows','2021-02-16 16:58:56'),(1108,1,NULL,'191.253.117.127','Google Chrome','windows','2021-02-17 13:00:42'),(1109,1,NULL,'138.118.149.221','Google Chrome','windows','2021-02-18 12:21:51'),(1110,0,NULL,'138.118.149.221','Google Chrome','windows','2021-02-18 13:02:14'),(1111,1,NULL,'138.118.149.221','Google Chrome','windows','2021-02-18 13:02:26'),(1112,1,NULL,'138.118.149.221','Google Chrome','windows','2021-02-18 14:02:20'),(1113,5,NULL,'191.253.102.48','Google Chrome','windows','2021-02-18 16:31:14'),(1114,0,NULL,'191.253.102.48','Google Chrome','windows','2021-02-18 16:31:35'),(1115,5,NULL,'191.253.102.48','Google Chrome','windows','2021-02-18 16:32:00'),(1116,1,NULL,'138.118.149.221','Google Chrome','windows','2021-02-18 20:27:56'),(1117,1,NULL,'138.118.149.221','Google Chrome','windows','2021-02-18 20:32:22'),(1118,1,NULL,'138.118.149.221','Google Chrome','windows','2021-02-18 20:32:57'),(1119,1,NULL,'138.118.150.62','Google Chrome','windows','2021-02-19 11:45:24'),(1120,1,NULL,'138.118.150.62','Google Chrome','windows','2021-02-19 16:53:12'),(1121,1,NULL,'138.118.150.62','Google Chrome','windows','2021-02-19 17:02:07'),(1122,1,NULL,'138.118.150.62','Google Chrome','windows','2021-02-19 17:09:37'),(1123,1,NULL,'138.118.150.62','Google Chrome','windows','2021-02-19 19:16:59'),(1124,5,NULL,'177.74.218.39','Google Chrome','windows','2021-02-22 14:49:52'),(1125,1,NULL,'177.74.218.39','Google Chrome','windows','2021-02-22 17:19:54'),(1126,1,NULL,'177.74.218.39','Google Chrome','windows','2021-02-22 19:16:13'),(1127,1,NULL,'179.187.206.253','Google Chrome','windows','2021-02-22 22:26:10'),(1128,1,NULL,'191.253.119.221','Google Chrome','windows','2021-02-23 17:29:57'),(1129,1,NULL,'177.200.194.138','Google Chrome','windows','2021-02-25 11:23:15'),(1130,1,NULL,'179.185.219.21','Google Chrome','linux','2021-02-25 15:39:50'),(1131,1,NULL,'191.253.98.216','Google Chrome','windows','2021-02-25 19:30:24'),(1132,1,NULL,'191.253.98.216','Google Chrome','windows','2021-02-25 19:58:13'),(1133,1,NULL,'191.253.98.216','Google Chrome','windows','2021-02-25 20:32:41'),(1134,0,NULL,'138.36.207.139','Google Chrome','windows','2021-02-26 19:21:06'),(1135,1,NULL,'138.36.207.139','Google Chrome','windows','2021-02-26 19:21:18'),(1136,1,NULL,'177.193.72.6','Google Chrome','windows','2021-02-28 19:31:17'),(1137,1,NULL,'179.185.219.21','Google Chrome','linux','2021-03-01 16:05:49'),(1138,1,NULL,'138.118.151.69','Google Chrome','windows','2021-03-01 18:19:26'),(1139,1,NULL,'191.253.117.177','Google Chrome','windows','2021-03-02 12:25:29'),(1140,1,NULL,'191.253.117.177','Google Chrome','windows','2021-03-02 13:50:16'),(1141,1,NULL,'191.253.117.177','Google Chrome','windows','2021-03-02 17:17:58'),(1142,1,NULL,'191.253.117.177','Google Chrome','windows','2021-03-02 18:01:47'),(1143,1,NULL,'191.253.117.177','Google Chrome','windows','2021-03-02 19:21:03'),(1144,1,NULL,'191.253.117.177','Google Chrome','windows','2021-03-02 20:28:48'),(1145,1,NULL,'191.253.117.177','Google Chrome','windows','2021-03-02 20:29:57'),(1146,1,NULL,'177.104.0.159','Google Chrome','windows','2021-03-03 14:38:48'),(1147,1,NULL,'177.125.238.244','Google Chrome','windows','2021-03-03 16:48:45'),(1148,1,NULL,'177.125.238.244','Google Chrome','windows','2021-03-03 17:26:24'),(1149,1,NULL,'177.104.4.103','Google Chrome','windows','2021-03-04 14:33:35'),(1150,0,NULL,'177.104.4.103','Google Chrome','windows','2021-03-04 19:00:12'),(1151,1,NULL,'177.104.4.103','Google Chrome','windows','2021-03-04 19:00:21'),(1152,1,NULL,'177.104.4.103','Google Chrome','windows','2021-03-04 19:14:11'),(1153,1,NULL,'189.58.146.97','Google Chrome','windows','2021-03-05 00:45:32'),(1154,1,NULL,'138.118.149.96','Google Chrome','windows','2021-03-05 13:48:35'),(1155,1,NULL,'138.118.149.96','Google Chrome','windows','2021-03-05 19:56:47'),(1156,1,NULL,'177.200.194.138','Google Chrome','windows','2021-03-08 11:30:08'),(1157,5,NULL,'138.118.149.179','Google Chrome','windows','2021-03-08 13:37:34'),(1158,1,NULL,'138.118.149.179','Google Chrome','windows','2021-03-08 14:47:46'),(1159,5,NULL,'138.118.149.179','Google Chrome','windows','2021-03-08 14:54:59'),(1160,1,NULL,'191.248.109.236','Google Chrome','windows','2021-03-09 00:11:55'),(1161,1,NULL,'138.118.150.122','Google Chrome','windows','2021-03-09 11:31:29'),(1162,1,NULL,'138.118.150.122','Google Chrome','windows','2021-03-09 13:19:10'),(1163,1,NULL,'138.118.150.122','Google Chrome','windows','2021-03-09 16:37:04'),(1164,1,NULL,'138.118.150.122','Google Chrome','windows','2021-03-09 19:01:40'),(1165,1,NULL,'138.118.150.94','Google Chrome','windows','2021-03-10 11:01:18'),(1166,1,NULL,'138.118.150.94','Google Chrome','windows','2021-03-10 13:55:54'),(1167,1,NULL,'138.118.150.94','Google Chrome','windows','2021-03-10 18:52:51'),(1168,1,NULL,'138.118.148.92','Google Chrome','windows','2021-03-11 12:56:00'),(1169,1,NULL,'138.118.148.92','Google Chrome','windows','2021-03-11 16:55:19'),(1170,0,NULL,'138.118.148.92','Google Chrome','windows','2021-03-11 17:13:24'),(1171,1,NULL,'138.118.148.92','Google Chrome','windows','2021-03-11 17:13:34'),(1172,1,NULL,'138.118.148.92','Google Chrome','windows','2021-03-11 19:07:37'),(1173,1,NULL,'138.118.148.92','Google Chrome','windows','2021-03-11 20:04:02'),(1174,1,NULL,'191.253.116.151','Google Chrome','windows','2021-03-12 14:39:22'),(1175,1,NULL,'191.253.116.151','Google Chrome','windows','2021-03-12 18:12:40'),(1176,1,NULL,'177.125.238.244','Google Chrome','windows','2021-03-15 12:26:29'),(1177,1,NULL,'177.125.238.244','Google Chrome','windows','2021-03-15 13:11:34'),(1178,1,NULL,'177.125.238.244','Google Chrome','windows','2021-03-15 13:44:50'),(1179,1,NULL,'177.125.238.244','Google Chrome','windows','2021-03-15 14:13:55'),(1180,1,NULL,'177.200.194.138','Google Chrome','windows','2021-03-15 16:37:09'),(1181,1,NULL,'191.253.117.109','Google Chrome','windows','2021-03-15 18:38:03'),(1182,1,NULL,'191.253.117.109','Google Chrome','windows','2021-03-15 18:46:56'),(1183,1,NULL,'191.253.117.109','Google Chrome','windows','2021-03-15 20:40:33'),(1184,1,NULL,'138.118.151.14','Google Chrome','windows','2021-03-16 13:05:11'),(1185,1,NULL,'189.35.198.251','Google Chrome','windows','2021-03-16 17:15:18'),(1186,1,NULL,'138.118.151.14','Google Chrome','windows','2021-03-16 20:38:10'),(1187,1,NULL,'177.200.194.138','Google Chrome','windows','2021-03-17 12:46:21'),(1188,1,NULL,'177.200.194.138','Google Chrome','windows','2021-03-17 13:23:02'),(1189,1,NULL,'177.125.237.87','Google Chrome','windows','2021-03-17 16:40:30'),(1190,1,NULL,'177.125.237.87','Google Chrome','windows','2021-03-17 17:49:03'),(1191,1,NULL,'177.125.237.87','Google Chrome','windows','2021-03-17 18:14:08'),(1192,1,NULL,'187.85.169.26','Google Chrome','windows','2021-03-18 18:37:59'),(1193,1,NULL,'187.85.169.26','Google Chrome','windows','2021-03-18 19:58:29'),(1194,1,NULL,'177.104.3.198','Google Chrome','windows','2021-03-19 18:19:19'),(1195,1,NULL,'177.104.3.198','Google Chrome','windows','2021-03-19 19:28:43'),(1196,1,NULL,'177.104.3.198','Google Chrome','windows','2021-03-19 20:12:52'),(1197,1,NULL,'177.104.3.198','Google Chrome','windows','2021-03-19 20:42:55'),(1198,1,NULL,'138.118.151.159','Google Chrome','windows','2021-03-22 12:55:29'),(1199,1,NULL,'138.118.151.159','Google Chrome','windows','2021-03-22 16:58:25'),(1200,1,NULL,'138.118.151.159','Google Chrome','windows','2021-03-22 18:22:30'),(1201,1,NULL,'177.200.194.138','Google Chrome','windows','2021-03-23 16:07:32'),(1202,1,NULL,'138.118.151.249','Google Chrome','windows','2021-03-23 18:35:10'),(1203,1,NULL,'138.118.151.249','Google Chrome','windows','2021-03-23 19:03:02'),(1204,1,NULL,'138.118.151.249','Google Chrome','windows','2021-03-23 19:28:38'),(1205,1,NULL,'191.253.111.154','Google Chrome','windows','2021-03-24 11:30:34'),(1206,1,NULL,'191.253.111.154','Google Chrome','windows','2021-03-24 13:08:38'),(1207,1,NULL,'191.253.111.154','Google Chrome','windows','2021-03-24 17:05:04'),(1208,1,NULL,'191.253.111.154','Google Chrome','windows','2021-03-24 19:02:34'),(1209,1,NULL,'191.253.111.154','Google Chrome','windows','2021-03-24 20:16:54'),(1210,1,NULL,'191.253.117.255','Google Chrome','windows','2021-03-25 17:58:04'),(1211,1,NULL,'191.253.117.255','Google Chrome','windows','2021-03-25 19:31:34'),(1212,1,NULL,'187.85.173.49','Google Chrome','windows','2021-03-26 11:28:11'),(1213,1,NULL,'187.85.173.49','Google Chrome','windows','2021-03-26 14:18:21'),(1214,1,NULL,'187.85.173.49','Google Chrome','windows','2021-03-26 14:43:25'),(1215,1,NULL,'187.85.173.49','Google Chrome','windows','2021-03-26 16:17:41'),(1216,5,NULL,'191.253.114.11','Google Chrome','windows','2021-03-29 13:07:26'),(1217,1,NULL,'177.200.194.138','Google Chrome','windows','2021-03-29 13:28:07'),(1218,1,NULL,'191.253.114.11','Google Chrome','windows','2021-03-29 17:13:14'),(1219,1,NULL,'191.253.114.11','Google Chrome','windows','2021-03-29 18:27:15'),(1220,1,NULL,'138.118.151.44','Google Chrome','windows','2021-03-30 19:13:18'),(1221,1,NULL,'177.200.194.138','Google Chrome','windows','2021-03-31 13:08:47'),(1222,1,NULL,'177.200.194.138','Google Chrome','windows','2021-03-31 13:31:40'),(1223,1,NULL,'138.118.151.15','Google Chrome','windows','2021-03-31 14:13:21'),(1224,1,NULL,'177.200.194.138','Google Chrome','windows','2021-03-31 17:27:41'),(1225,1,NULL,'177.200.194.138','Google Chrome','windows','2021-03-31 19:19:00'),(1226,5,NULL,'138.118.149.68','Google Chrome','windows','2021-04-01 13:29:07'),(1227,1,NULL,'177.200.194.138','Google Chrome','windows','2021-04-01 16:40:37'),(1228,1,NULL,'45.230.18.36','Google Chrome','windows','2021-04-02 17:09:15'),(1229,1,NULL,'191.253.118.18','Google Chrome','windows','2021-04-05 11:11:50'),(1230,1,NULL,'177.200.194.138','Google Chrome','windows','2021-04-05 12:53:50'),(1231,5,NULL,'191.253.118.18','Google Chrome','windows','2021-04-05 16:51:06'),(1232,1,NULL,'191.253.118.18','Google Chrome','windows','2021-04-05 18:08:49'),(1233,1,NULL,'191.253.118.18','Google Chrome','windows','2021-04-05 19:10:24'),(1234,5,NULL,'138.118.148.231','Google Chrome','windows','2021-04-06 11:04:48'),(1235,1,NULL,'138.118.148.231','Google Chrome','windows','2021-04-06 11:47:27'),(1236,1,NULL,'177.200.194.138','Google Chrome','windows','2021-04-06 12:02:26'),(1237,1,NULL,'138.118.148.231','Google Chrome','windows','2021-04-06 14:08:40'),(1238,1,NULL,'177.200.194.138','Google Chrome','windows','2021-04-06 17:03:30'),(1239,1,NULL,'177.200.194.138','Google Chrome','windows','2021-04-06 19:09:44'),(1240,1,NULL,'138.118.148.231','Google Chrome','windows','2021-04-06 20:34:25'),(1241,1,NULL,'177.74.218.0','Google Chrome','windows','2021-04-07 11:51:08'),(1242,0,'airanpossamai@gmail.com','177.74.218.0','Google Chrome','windows','2021-04-07 13:14:41'),(1243,1,NULL,'177.74.218.0','Google Chrome','windows','2021-04-07 13:14:52'),(1244,1,NULL,'191.253.112.186','Google Chrome','windows','2021-04-08 11:46:47'),(1245,1,NULL,'191.253.112.186','Google Chrome','windows','2021-04-08 12:02:01'),(1246,5,NULL,'191.253.112.186','Google Chrome','windows','2021-04-08 12:03:26'),(1247,1,NULL,'177.200.194.138','Google Chrome','windows','2021-04-08 17:22:43'),(1248,1,NULL,'191.253.112.186','Google Chrome','windows','2021-04-08 18:31:05'),(1249,1,NULL,'191.253.112.186','Google Chrome','windows','2021-04-08 20:44:32'),(1250,0,NULL,'191.253.112.186','Google Chrome','windows','2021-04-08 21:00:48'),(1251,1,NULL,'191.253.112.186','Google Chrome','windows','2021-04-08 21:00:58'),(1252,1,NULL,'191.253.112.186','Google Chrome','windows','2021-04-09 12:32:59'),(1253,5,NULL,'191.253.112.186','Google Chrome','windows','2021-04-09 12:43:13'),(1254,0,NULL,'191.253.112.186','Google Chrome','windows','2021-04-09 13:04:43'),(1255,5,NULL,'191.253.112.186','Google Chrome','windows','2021-04-09 13:05:19'),(1256,1,NULL,'191.253.112.186','Google Chrome','windows','2021-04-09 13:57:03'),(1257,1,NULL,'191.253.112.186','Google Chrome','windows','2021-04-09 15:55:56'),(1258,1,NULL,'191.253.112.186','Google Chrome','windows','2021-04-09 19:38:29'),(1259,1,NULL,'191.253.112.186','Google Chrome','windows','2021-04-09 20:16:02'),(1260,1,NULL,'177.132.133.61','Google Chrome','windows','2021-04-09 22:04:09'),(1261,1,NULL,'191.253.116.143','Google Chrome','windows','2021-04-12 16:59:57'),(1262,1,NULL,'191.253.116.143','Google Chrome','windows','2021-04-12 17:26:05'),(1263,1,NULL,'191.253.116.143','Google Chrome','windows','2021-04-12 18:07:21'),(1264,0,NULL,'191.253.116.143','Google Chrome','windows','2021-04-12 19:19:45'),(1265,1,NULL,'191.253.116.143','Google Chrome','windows','2021-04-12 19:19:57'),(1266,1,NULL,'191.253.116.143','Google Chrome','windows','2021-04-12 19:48:40'),(1267,1,NULL,'177.132.133.61','Google Chrome','windows','2021-04-12 21:04:10'),(1268,1,NULL,'138.118.149.252','Google Chrome','windows','2021-04-13 11:33:26'),(1269,1,NULL,'138.118.149.252','Google Chrome','windows','2021-04-13 16:54:02'),(1270,1,NULL,'138.118.149.252','Google Chrome','windows','2021-04-13 19:18:25'),(1271,1,NULL,'138.118.149.252','Google Chrome','windows','2021-04-13 19:26:48'),(1272,1,NULL,'138.118.148.184','Google Chrome','windows','2021-04-14 11:37:34'),(1273,1,NULL,'138.118.148.184','Google Chrome','windows','2021-04-14 13:08:37'),(1274,1,NULL,'138.118.148.184','Google Chrome','windows','2021-04-14 17:17:50'),(1275,1,NULL,'138.118.148.184','Google Chrome','windows','2021-04-14 19:16:07'),(1276,1,NULL,'191.253.107.128','Google Chrome','windows','2021-04-15 14:40:19'),(1277,1,NULL,'191.253.107.128','Google Chrome','windows','2021-04-15 17:39:16'),(1278,1,NULL,'191.253.107.128','Google Chrome','windows','2021-04-15 17:58:19'),(1279,1,NULL,'191.253.107.128','Google Chrome','windows','2021-04-15 18:56:03'),(1280,1,NULL,'200.10.4.74','Google Chrome','windows','2021-04-16 13:33:22'),(1281,0,NULL,'200.10.4.74','Google Chrome','windows','2021-04-16 14:13:59'),(1282,1,NULL,'200.10.4.74','Google Chrome','windows','2021-04-16 14:14:09'),(1283,0,NULL,'200.10.4.74','Google Chrome','windows','2021-04-16 17:17:50'),(1284,1,NULL,'200.10.4.74','Google Chrome','windows','2021-04-16 17:18:01'),(1285,0,NULL,'200.10.4.74','Google Chrome','windows','2021-04-16 18:04:50'),(1286,1,NULL,'200.10.4.74','Google Chrome','windows','2021-04-16 18:05:09'),(1287,1,NULL,'200.10.4.74','Google Chrome','windows','2021-04-16 19:54:17'),(1288,1,NULL,'177.104.1.139','Google Chrome','windows','2021-04-19 11:21:51'),(1289,1,NULL,'177.104.1.139','Google Chrome','windows','2021-04-19 16:58:27'),(1290,0,NULL,'177.104.1.139','Google Chrome','windows','2021-04-19 20:38:31'),(1291,1,NULL,'177.104.1.139','Google Chrome','windows','2021-04-19 20:38:46'),(1292,0,NULL,'177.104.1.139','Google Chrome','windows','2021-04-19 21:09:44'),(1293,1,NULL,'177.104.1.139','Google Chrome','windows','2021-04-19 21:09:53'),(1294,1,NULL,'177.101.100.153','Google Chrome','windows','2021-04-20 12:53:42'),(1295,1,NULL,'177.101.100.153','Google Chrome','windows','2021-04-20 14:42:56'),(1296,1,NULL,'177.200.194.138','Google Chrome','windows','2021-04-20 18:18:01'),(1297,1,NULL,'177.101.100.153','Google Chrome','windows','2021-04-20 20:11:40'),(1298,1,NULL,'191.253.100.94','Google Chrome','windows','2021-04-22 12:09:52'),(1299,1,NULL,'191.253.100.94','Google Chrome','windows','2021-04-22 17:16:23'),(1300,1,NULL,'177.125.234.188','Google Chrome','windows','2021-04-26 10:59:18'),(1301,1,NULL,'177.125.234.188','Google Chrome','windows','2021-04-26 17:13:49'),(1302,5,NULL,'177.101.103.160','Google Chrome','windows','2021-04-27 17:39:40'),(1303,0,NULL,'177.101.103.160','Google Chrome','windows','2021-04-27 18:03:21'),(1304,5,NULL,'177.101.103.160','Google Chrome','windows','2021-04-27 18:03:45'),(1305,1,NULL,'177.101.103.160','Google Chrome','windows','2021-04-27 20:21:32'),(1306,1,NULL,'191.253.105.32','Google Chrome','windows','2021-04-28 12:00:22'),(1307,1,NULL,'191.253.105.32','Google Chrome','windows','2021-04-28 14:22:20'),(1308,1,NULL,'191.253.105.32','Google Chrome','windows','2021-04-28 14:44:28'),(1309,1,NULL,'191.253.105.32','Google Chrome','windows','2021-04-28 16:49:27'),(1310,5,NULL,'191.253.105.32','Google Chrome','windows','2021-04-28 18:52:35'),(1311,0,NULL,'191.253.105.32','Google Chrome','windows','2021-04-28 18:55:37'),(1312,5,NULL,'191.253.105.32','Google Chrome','windows','2021-04-28 18:55:46'),(1313,1,NULL,'191.253.105.32','Google Chrome','windows','2021-04-28 19:04:09'),(1314,1,NULL,'191.253.105.32','Google Chrome','windows','2021-04-28 20:08:53'),(1315,1,NULL,'177.74.221.211','Google Chrome','windows','2021-04-29 12:57:52'),(1316,5,NULL,'191.253.105.173','Google Chrome','windows','2021-04-30 17:38:21'),(1317,1,NULL,'191.253.105.173','Google Chrome','windows','2021-04-30 19:45:56'),(1318,1,NULL,'191.253.96.132','Google Chrome','windows','2021-05-03 11:53:31'),(1319,1,NULL,'191.253.96.132','Google Chrome','windows','2021-05-03 13:55:29'),(1320,1,NULL,'191.253.96.132','Google Chrome','windows','2021-05-03 14:33:13'),(1321,1,NULL,'191.253.96.132','Google Chrome','windows','2021-05-03 17:51:47'),(1322,0,'roberta@ribasambiental.com.br','191.253.97.143','Google Chrome','windows','2021-05-04 12:17:29'),(1323,1,NULL,'191.253.97.143','Google Chrome','windows','2021-05-04 12:34:37'),(1324,1,NULL,'191.253.97.143','Google Chrome','windows','2021-05-04 16:43:30'),(1325,5,NULL,'191.253.97.143','Google Chrome','windows','2021-05-04 16:48:20'),(1326,1,NULL,'191.253.97.143','Google Chrome','windows','2021-05-04 17:01:08'),(1327,1,NULL,'191.253.97.143','Google Chrome','windows','2021-05-04 17:32:25'),(1328,1,NULL,'191.253.97.143','Google Chrome','windows','2021-05-04 19:37:23'),(1329,0,NULL,'191.253.97.143','Google Chrome','windows','2021-05-04 20:06:26'),(1330,1,NULL,'191.253.97.143','Google Chrome','windows','2021-05-04 20:06:34'),(1331,1,NULL,'177.104.1.190','Google Chrome','windows','2021-05-05 12:39:02'),(1332,1,NULL,'177.104.1.190','Google Chrome','windows','2021-05-05 12:40:08'),(1333,1,NULL,'177.104.1.190','Google Chrome','windows','2021-05-05 12:52:13'),(1334,1,NULL,'177.104.1.190','Google Chrome','windows','2021-05-05 13:02:06'),(1335,1,NULL,'177.104.1.190','Google Chrome','windows','2021-05-05 18:49:38'),(1336,1,NULL,'200.10.5.217','Google Chrome','windows','2021-05-06 17:46:29'),(1337,1,NULL,'200.10.5.217','Google Chrome','windows','2021-05-06 19:17:27'),(1338,1,NULL,'200.10.5.217','Google Chrome','windows','2021-05-06 23:11:11'),(1339,1,NULL,'138.118.151.152','Google Chrome','windows','2021-05-07 13:22:18'),(1340,1,NULL,'138.118.151.152','Google Chrome','windows','2021-05-07 17:30:18'),(1341,1,NULL,'138.118.151.152','Google Chrome','windows','2021-05-07 18:31:27'),(1342,1,NULL,'177.74.220.51','Google Chrome','windows','2021-05-10 17:07:26'),(1343,1,NULL,'177.74.220.51','Google Chrome','windows','2021-05-10 19:48:46'),(1344,1,NULL,'177.132.130.91','Google Chrome','windows','2021-05-11 00:21:29'),(1345,1,NULL,'138.118.150.163','Google Chrome','windows','2021-05-11 12:28:09'),(1346,1,NULL,'138.118.150.163','Google Chrome','windows','2021-05-11 17:47:19'),(1347,1,NULL,'200.10.6.199','Google Chrome','windows','2021-05-12 12:37:27'),(1348,1,NULL,'200.10.6.199','Google Chrome','windows','2021-05-12 13:33:17'),(1349,1,NULL,'200.10.6.199','Google Chrome','windows','2021-05-12 17:57:00'),(1350,1,NULL,'200.10.6.199','Google Chrome','windows','2021-05-12 18:34:33'),(1351,1,NULL,'138.118.148.152','Google Chrome','windows','2021-05-13 12:21:56'),(1352,1,NULL,'138.118.148.152','Google Chrome','windows','2021-05-13 12:51:26'),(1353,1,NULL,'138.118.148.152','Google Chrome','windows','2021-05-13 14:03:11'),(1354,5,NULL,'138.118.148.152','Google Chrome','windows','2021-05-13 17:26:06'),(1355,5,NULL,'138.118.148.152','Google Chrome','windows','2021-05-13 18:11:25'),(1356,1,NULL,'138.118.149.159','Google Chrome','windows','2021-05-14 12:25:11'),(1357,1,NULL,'138.118.149.159','Google Chrome','windows','2021-05-14 13:51:08'),(1358,1,NULL,'138.118.151.242','Google Chrome','windows','2021-05-17 14:16:31'),(1359,1,NULL,'138.118.151.242','Google Chrome','windows','2021-05-17 17:26:56'),(1360,1,NULL,'138.118.151.242','Google Chrome','windows','2021-05-17 18:53:44'),(1361,1,NULL,'191.253.97.70','Google Chrome','windows','2021-05-18 12:34:55'),(1362,1,NULL,'191.253.97.70','Google Chrome','windows','2021-05-18 14:06:18'),(1363,0,NULL,'191.253.97.70','Google Chrome','windows','2021-05-18 14:23:27'),(1364,1,NULL,'191.253.97.70','Google Chrome','windows','2021-05-18 14:23:54'),(1365,1,NULL,'191.253.97.70','Google Chrome','linux','2021-05-18 20:11:15'),(1366,1,NULL,'191.253.97.70','Google Chrome','linux','2021-05-18 20:15:34'),(1367,1,NULL,'191.253.97.70','Google Chrome','linux','2021-05-18 20:33:55'),(1368,1,NULL,'191.253.115.7','Google Chrome','windows','2021-05-19 12:57:26'),(1369,0,NULL,'191.253.115.7','Google Chrome','windows','2021-05-19 18:29:04'),(1370,1,NULL,'191.253.115.7','Google Chrome','windows','2021-05-19 18:29:13'),(1371,1,NULL,'177.74.220.12','Google Chrome','windows','2021-05-20 11:36:17'),(1372,1,NULL,'177.74.220.12','Google Chrome','windows','2021-05-20 11:57:30'),(1373,1,NULL,'177.74.220.12','Google Chrome','windows','2021-05-20 12:52:52'),(1374,1,NULL,'177.74.220.12','Google Chrome','windows','2021-05-20 13:12:35'),(1375,1,NULL,'177.74.220.12','Google Chrome','windows','2021-05-20 14:12:30'),(1376,1,NULL,'177.74.220.12','Google Chrome','windows','2021-05-20 17:48:10'),(1377,1,NULL,'191.253.113.110','Google Chrome','windows','2021-05-21 12:01:03'),(1378,1,NULL,'191.253.113.110','Google Chrome','windows','2021-05-21 13:28:43'),(1379,1,NULL,'177.96.41.208','Google Chrome','windows','2021-05-21 18:28:42'),(1380,1,NULL,'191.253.113.110','Google Chrome','windows','2021-05-21 19:54:13'),(1381,1,NULL,'200.10.6.226','Google Chrome','windows','2021-05-24 12:36:34'),(1382,1,NULL,'200.10.6.226','Google Chrome','windows','2021-05-24 14:03:10'),(1383,1,NULL,'200.10.6.226','Google Chrome','windows','2021-05-24 18:46:10'),(1384,1,NULL,'177.104.6.207','Google Chrome','windows','2021-05-25 14:04:49'),(1385,1,NULL,'177.104.6.207','Google Chrome','windows','2021-05-25 16:46:50'),(1386,1,NULL,'177.104.6.207','Google Chrome','windows','2021-05-25 20:06:31'),(1387,1,NULL,'187.85.168.179','Google Chrome','windows','2021-05-26 11:15:58'),(1388,1,NULL,'187.85.168.179','Google Chrome','windows','2021-05-26 13:31:06'),(1389,1,NULL,'187.85.168.179','Google Chrome','windows','2021-05-26 13:56:42'),(1390,0,NULL,'187.85.168.179','Google Chrome','windows','2021-05-26 14:11:02'),(1391,1,NULL,'187.85.168.179','Google Chrome','windows','2021-05-26 14:11:13'),(1392,1,NULL,'187.85.168.179','Google Chrome','windows','2021-05-26 18:53:51'),(1393,1,NULL,'187.85.168.179','Google Chrome','windows','2021-05-26 19:26:34'),(1394,1,NULL,'200.138.253.178','Google Chrome','linux','2021-05-27 10:22:37'),(1395,1,NULL,'138.118.149.193','Google Chrome','windows','2021-05-27 12:01:02'),(1396,1,NULL,'138.118.149.193','Google Chrome','windows','2021-05-27 12:58:57'),(1397,1,NULL,'138.118.149.193','Google Chrome','windows','2021-05-27 14:18:40'),(1398,1,NULL,'138.118.149.193','Google Chrome','windows','2021-05-27 19:15:46'),(1399,1,NULL,'200.10.4.10','Google Chrome','windows','2021-05-28 11:27:33'),(1400,1,NULL,'200.10.4.10','Google Chrome','windows','2021-05-28 13:56:20'),(1401,1,NULL,'200.10.4.10','Google Chrome','windows','2021-05-28 14:10:08'),(1402,1,NULL,'200.10.4.10','Google Chrome','windows','2021-05-28 16:48:03'),(1403,1,NULL,'200.138.253.178','Google Chrome','linux','2021-05-29 11:52:12'),(1404,1,NULL,'200.138.253.178','Google Chrome','linux','2021-05-31 10:19:01'),(1405,1,NULL,'200.10.6.206','Google Chrome','windows','2021-05-31 14:27:15'),(1406,1,NULL,'200.10.6.206','Google Chrome','windows','2021-05-31 20:19:33'),(1407,1,NULL,'200.10.6.206','Google Chrome','windows','2021-05-31 20:29:19'),(1408,1,NULL,'200.10.6.206','Google Chrome','windows','2021-06-01 11:04:14'),(1409,1,NULL,'191.253.115.181','Google Chrome','windows','2021-06-02 12:14:42'),(1410,1,NULL,'177.69.95.33','Google Chrome','windows','2021-06-02 23:54:26'),(1411,1,NULL,'177.193.72.6','Google Chrome','linux','2021-06-03 13:47:22'),(1412,1,NULL,'191.253.115.181','Google Chrome','windows','2021-06-04 11:51:41'),(1413,1,NULL,'191.253.115.181','Google Chrome','windows','2021-06-04 18:12:39'),(1414,1,NULL,'191.253.115.181','Google Chrome','windows','2021-06-04 19:15:20'),(1415,1,NULL,'191.253.115.181','Google Chrome','windows','2021-06-04 19:40:58'),(1416,1,NULL,'177.101.102.65','Google Chrome','windows','2021-06-07 13:55:25'),(1417,1,NULL,'191.253.114.64','Google Chrome','windows','2021-06-08 11:33:06'),(1418,1,NULL,'191.253.114.64','Google Chrome','windows','2021-06-08 12:07:59'),(1419,5,NULL,'191.253.114.64','Google Chrome','windows','2021-06-08 12:20:53'),(1420,0,NULL,'191.253.114.64','Google Chrome','windows','2021-06-08 12:33:21'),(1421,5,NULL,'191.253.114.64','Google Chrome','windows','2021-06-08 12:33:34'),(1422,1,NULL,'191.253.114.64','Google Chrome','windows','2021-06-08 13:37:16'),(1423,1,NULL,'191.253.114.64','Google Chrome','windows','2021-06-08 13:37:32'),(1424,5,NULL,'191.253.114.64','Google Chrome','windows','2021-06-08 13:38:11'),(1425,1,NULL,'191.253.114.64','Google Chrome','windows','2021-06-08 19:03:10'),(1426,1,NULL,'177.69.95.33','Google Chrome','windows','2021-06-08 22:59:23'),(1427,1,NULL,'138.118.151.216','Google Chrome','windows','2021-06-09 14:40:17'),(1428,1,NULL,'138.118.151.216','Google Chrome','windows','2021-06-09 17:08:08'),(1429,1,NULL,'138.118.151.216','Google Chrome','windows','2021-06-09 19:11:11'),(1430,1,NULL,'138.118.151.216','Google Chrome','windows','2021-06-10 13:02:43'),(1431,1,NULL,'138.118.151.216','Google Chrome','windows','2021-06-10 19:29:28'),(1432,1,NULL,'138.118.151.216','Google Chrome','windows','2021-06-11 12:10:14'),(1433,1,NULL,'138.118.151.216','Google Chrome','windows','2021-06-11 12:20:39'),(1434,1,NULL,'138.118.151.216','Google Chrome','windows','2021-06-11 17:16:31'),(1435,1,NULL,'138.118.151.216','Google Chrome','windows','2021-06-11 18:29:21'),(1436,1,NULL,'191.253.105.85','Google Chrome','windows','2021-06-14 12:38:26'),(1437,1,NULL,'191.253.105.85','Google Chrome','windows','2021-06-14 20:04:28'),(1438,1,NULL,'177.74.218.18','Google Chrome','windows','2021-06-15 18:01:26'),(1439,1,NULL,'177.74.218.18','Google Chrome','windows','2021-06-16 18:17:15'),(1440,1,NULL,'177.74.218.18','Google Chrome','windows','2021-06-16 19:31:08'),(1441,1,NULL,'177.74.219.87','Google Chrome','windows','2021-06-18 11:30:18'),(1442,1,NULL,'191.253.106.46','Google Chrome','windows','2021-06-21 13:58:28'),(1443,1,NULL,'191.253.106.46','Google Chrome','windows','2021-06-21 16:50:48'),(1444,1,NULL,'177.74.220.157','Google Chrome','windows','2021-06-22 12:04:19'),(1445,1,NULL,'177.74.220.157','Google Chrome','windows','2021-06-22 12:24:50'),(1446,1,NULL,'177.74.220.157','Google Chrome','windows','2021-06-22 17:05:04'),(1447,1,NULL,'191.253.107.17','Google Chrome','windows','2021-06-23 11:57:13'),(1448,1,NULL,'191.253.107.17','Google Chrome','windows','2021-06-23 14:04:52'),(1449,1,NULL,'191.253.107.17','Google Chrome','windows','2021-06-23 16:40:23'),(1450,1,NULL,'191.253.107.17','Google Chrome','windows','2021-06-23 18:43:55'),(1451,1,NULL,'200.138.253.178','Google Chrome','windows','2021-06-24 15:07:39'),(1452,1,NULL,'191.253.96.58','Google Chrome','windows','2021-06-25 14:11:43'),(1453,1,NULL,'191.253.96.58','Google Chrome','windows','2021-06-25 21:31:55'),(1454,1,NULL,'200.10.5.104','Google Chrome','windows','2021-07-01 17:04:40'),(1455,1,NULL,'177.101.105.212','Google Chrome','windows','2021-07-02 20:12:37'),(1456,1,NULL,'177.101.105.212','Google Chrome','windows','2021-07-02 20:23:21'),(1457,1,NULL,'177.101.105.212','Google Chrome','windows','2021-07-05 13:59:55'),(1458,1,NULL,'187.85.184.39','Google Chrome','windows','2021-07-06 12:44:33'),(1459,1,NULL,'187.85.184.39','Google Chrome','windows','2021-07-06 16:48:23'),(1460,0,'airanpossamai@gmail.com','187.85.184.39','Google Chrome','windows','2021-07-06 17:12:39'),(1461,1,NULL,'187.85.184.39','Google Chrome','windows','2021-07-06 17:12:53'),(1462,1,NULL,'187.85.184.39','Google Chrome','windows','2021-07-06 19:03:16'),(1463,1,NULL,'177.101.110.173','Google Chrome','windows','2021-07-07 11:30:13'),(1464,1,NULL,'177.101.110.173','Google Chrome','windows','2021-07-07 11:40:51'),(1465,1,NULL,'177.101.110.173','Google Chrome','windows','2021-07-07 11:48:35'),(1466,1,NULL,'177.101.110.173','Google Chrome','windows','2021-07-07 12:37:20'),(1467,1,NULL,'177.101.110.173','Google Chrome','windows','2021-07-07 14:04:09'),(1468,1,NULL,'177.101.110.173','Google Chrome','windows','2021-07-07 14:06:42'),(1469,1,NULL,'177.101.110.173','Google Chrome','windows','2021-07-07 14:24:41'),(1470,1,NULL,'177.101.110.173','Google Chrome','windows','2021-07-07 18:05:43'),(1471,1,NULL,'177.101.110.173','Google Chrome','windows','2021-07-08 12:04:49'),(1472,5,NULL,'177.101.110.173','Google Chrome','windows','2021-07-08 13:10:34'),(1473,1,NULL,'177.101.110.173','Google Chrome','windows','2021-07-08 14:18:30'),(1474,0,NULL,'177.101.110.173','Google Chrome','windows','2021-07-08 14:44:13'),(1475,1,NULL,'177.101.110.173','Google Chrome','windows','2021-07-08 14:44:26'),(1476,1,NULL,'177.101.105.168','Google Chrome','windows','2021-07-09 17:16:50'),(1477,5,NULL,'177.101.105.168','Google Chrome','windows','2021-07-09 19:45:39'),(1478,1,NULL,'187.85.191.27','Google Chrome','windows','2021-07-13 19:06:44'),(1479,1,NULL,'138.36.206.184','Google Chrome','windows','2021-07-14 11:14:43'),(1480,0,'sanear@sanearconsultoriaambiental.com.br','138.36.206.184','Google Chrome','windows','2021-07-14 12:36:52'),(1481,1,NULL,'138.36.206.184','Google Chrome','windows','2021-07-14 12:50:17'),(1482,1,NULL,'138.36.206.184','Google Chrome','windows','2021-07-14 14:03:03'),(1483,1,NULL,'138.36.206.184','Google Chrome','windows','2021-07-14 17:09:02'),(1484,1,NULL,'177.74.221.95','Google Chrome','windows','2021-07-15 12:33:54'),(1485,1,NULL,'177.74.221.95','Google Chrome','windows','2021-07-15 19:32:45'),(1486,1,NULL,'177.74.221.195','Google Chrome','windows','2021-07-16 13:40:49'),(1487,1,NULL,'177.74.221.195','Google Chrome','windows','2021-07-16 17:37:17'),(1488,5,NULL,'177.74.223.92','Google Chrome','windows','2021-07-20 11:40:35'),(1489,0,NULL,'177.74.223.92','Google Chrome','windows','2021-07-20 11:47:22'),(1490,5,NULL,'177.74.223.92','Google Chrome','windows','2021-07-20 11:47:32'),(1491,5,NULL,'177.74.223.92','Google Chrome','windows','2021-07-20 13:29:21'),(1492,1,NULL,'177.74.223.92','Google Chrome','windows','2021-07-20 14:06:59'),(1493,0,NULL,'177.74.223.92','Google Chrome','windows','2021-07-20 14:34:29'),(1494,5,NULL,'177.74.223.92','Google Chrome','windows','2021-07-20 14:34:35'),(1495,1,NULL,'177.74.223.92','Google Chrome','windows','2021-07-20 16:16:47'),(1496,1,NULL,'177.74.221.53','Google Chrome','windows','2021-07-21 16:56:43'),(1497,1,NULL,'177.74.221.53','Google Chrome','windows','2021-07-21 18:04:16'),(1498,0,'airanpossamai@gmail.com','191.253.101.145','Google Chrome','windows','2021-07-22 13:05:35'),(1499,1,NULL,'191.253.101.145','Google Chrome','windows','2021-07-22 13:23:46'),(1500,1,NULL,'191.253.101.145','Google Chrome','windows','2021-07-22 16:47:16'),(1501,1,NULL,'138.118.151.44','Google Chrome','windows','2021-07-23 12:19:29'),(1502,1,NULL,'138.118.151.44','Google Chrome','windows','2021-07-23 18:13:10'),(1503,1,NULL,'138.118.151.44','Google Chrome','windows','2021-07-23 20:06:14'),(1504,1,NULL,'191.253.116.22','Google Chrome','windows','2021-07-26 17:32:45'),(1505,1,NULL,'191.253.116.22','Google Chrome','windows','2021-07-26 18:40:01'),(1506,1,NULL,'191.253.116.22','Google Chrome','windows','2021-07-26 19:12:04'),(1507,0,NULL,'191.253.116.22','Google Chrome','windows','2021-07-26 19:17:20'),(1508,1,NULL,'191.253.116.22','Google Chrome','windows','2021-07-26 19:17:32'),(1509,1,NULL,'177.125.237.169','Google Chrome','windows','2021-07-28 13:56:20'),(1510,1,NULL,'191.253.114.108','Google Chrome','windows','2021-07-29 11:21:48'),(1511,1,NULL,'191.253.114.108','Google Chrome','windows','2021-07-29 11:23:04'),(1512,1,NULL,'191.253.114.108','Google Chrome','windows','2021-07-29 12:28:38'),(1513,1,NULL,'191.253.114.108','Google Chrome','windows','2021-07-29 17:00:41'),(1514,1,NULL,'177.125.237.202','Google Chrome','windows','2021-07-30 12:07:37'),(1515,1,NULL,'177.125.237.202','Google Chrome','windows','2021-07-30 17:07:54'),(1516,1,NULL,'177.125.237.202','Google Chrome','windows','2021-07-30 17:19:31'),(1517,1,NULL,'191.253.114.108','Google Chrome','windows','2021-08-02 14:07:29'),(1518,1,NULL,'191.253.114.108','Google Chrome','windows','2021-08-02 18:38:50'),(1519,1,NULL,'191.253.114.108','Google Chrome','windows','2021-08-02 19:34:13'),(1520,1,NULL,'191.253.114.108','Google Chrome','windows','2021-08-02 20:43:44'),(1521,1,NULL,'177.101.105.138','Google Chrome','windows','2021-08-03 13:24:12'),(1522,1,NULL,'177.101.105.138','Google Chrome','windows','2021-08-03 13:45:21'),(1523,1,NULL,'177.101.105.138','Google Chrome','windows','2021-08-03 13:49:05'),(1524,1,NULL,'177.101.105.138','Google Chrome','windows','2021-08-03 14:29:55'),(1525,1,NULL,'177.101.105.138','Google Chrome','windows','2021-08-03 19:21:34'),(1526,1,NULL,'191.253.108.98','Google Chrome','windows','2021-08-04 19:34:09'),(1527,5,NULL,'191.253.108.98','Google Chrome','windows','2021-08-04 19:53:00'),(1528,1,NULL,'191.253.113.226','Google Chrome','windows','2021-08-05 12:34:07'),(1529,1,NULL,'191.253.113.226','Google Chrome','windows','2021-08-05 17:03:39'),(1530,1,NULL,'170.231.25.222','Google Chrome','windows','2021-08-06 19:04:50'),(1531,1,NULL,'170.231.25.222','Google Chrome','windows','2021-08-06 19:16:28'),(1532,1,NULL,'177.104.1.98','Google Chrome','windows','2021-08-07 19:13:50'),(1533,1,NULL,'138.36.205.86','Google Chrome','windows','2021-08-09 13:37:15'),(1534,1,NULL,'189.75.59.114','Google Chrome','windows','2021-08-10 13:26:03'),(1535,1,NULL,'177.125.239.236','Google Chrome','windows','2021-08-10 17:56:37'),(1536,1,NULL,'177.125.239.236','Google Chrome','windows','2021-08-10 19:11:18'),(1537,5,NULL,'177.125.239.236','Google Chrome','windows','2021-08-10 19:32:44'),(1538,1,NULL,'170.82.176.31','Google Chrome','windows','2021-08-11 12:10:42'),(1539,1,NULL,'170.82.176.31','Google Chrome','windows','2021-08-11 18:26:14'),(1540,1,NULL,'170.82.176.31','Google Chrome','windows','2021-08-11 20:01:20'),(1541,1,NULL,'200.10.6.174','Google Chrome','windows','2021-08-12 14:12:39'),(1542,5,NULL,'200.10.6.174','Google Chrome','windows','2021-08-12 17:04:23'),(1543,1,NULL,'200.10.6.174','Google Chrome','windows','2021-08-12 17:07:18'),(1544,0,NULL,'200.10.6.174','Google Chrome','windows','2021-08-12 17:29:08'),(1545,1,NULL,'200.10.6.174','Google Chrome','windows','2021-08-12 17:29:21'),(1546,1,NULL,'191.253.106.149','Google Chrome','windows','2021-08-13 17:05:27'),(1547,1,NULL,'177.125.238.129','Google Chrome','windows','2021-08-16 11:43:35'),(1548,1,NULL,'177.125.238.129','Google Chrome','windows','2021-08-16 12:36:55'),(1549,1,NULL,'177.125.238.129','Google Chrome','windows','2021-08-16 17:01:54'),(1550,1,NULL,'177.125.238.129','Google Chrome','windows','2021-08-16 18:36:40'),(1551,1,NULL,'177.125.238.129','Google Chrome','windows','2021-08-16 18:54:07'),(1552,1,NULL,'177.125.238.129','Google Chrome','windows','2021-08-16 20:14:38'),(1553,1,NULL,'191.253.116.48','Google Chrome','windows','2021-08-17 11:28:58'),(1554,1,NULL,'191.253.116.48','Google Chrome','windows','2021-08-17 11:32:06'),(1555,0,NULL,'191.253.116.48','Google Chrome','windows','2021-08-17 11:40:55'),(1556,1,NULL,'191.253.116.48','Google Chrome','windows','2021-08-17 11:41:04'),(1557,1,NULL,'191.253.116.48','Google Chrome','windows','2021-08-17 11:56:49'),(1558,1,NULL,'191.253.116.48','Google Chrome','windows','2021-08-17 12:36:36'),(1559,1,NULL,'191.253.116.48','Google Chrome','windows','2021-08-17 13:33:21'),(1560,0,NULL,'191.253.116.48','Google Chrome','windows','2021-08-17 18:48:11'),(1561,1,NULL,'191.253.116.48','Google Chrome','windows','2021-08-17 18:48:24'),(1562,0,NULL,'191.253.116.48','Google Chrome','windows','2021-08-17 18:49:37'),(1563,1,NULL,'191.253.116.48','Google Chrome','windows','2021-08-17 18:49:46'),(1564,1,NULL,'191.253.116.48','Google Chrome','windows','2021-08-17 18:59:30'),(1565,1,NULL,'191.253.116.48','Google Chrome','windows','2021-08-18 14:43:34'),(1566,1,NULL,'191.253.116.48','Google Chrome','windows','2021-08-18 16:54:41'),(1567,1,NULL,'191.253.116.48','Google Chrome','windows','2021-08-18 18:19:18'),(1568,5,NULL,'191.240.218.7','Google Chrome','windows','2021-08-19 11:55:07'),(1569,1,NULL,'191.240.218.7','Google Chrome','windows','2021-08-19 12:09:43'),(1570,1,NULL,'191.240.218.7','Google Chrome','windows','2021-08-19 12:26:16'),(1571,5,NULL,'191.240.218.7','Google Chrome','windows','2021-08-19 14:22:29'),(1572,5,NULL,'191.240.218.7','Google Chrome','windows','2021-08-19 16:51:20'),(1573,1,NULL,'191.240.218.7','Google Chrome','windows','2021-08-19 17:04:03'),(1574,1,NULL,'191.240.218.7','Google Chrome','windows','2021-08-19 17:49:51'),(1575,1,NULL,'200.10.5.178','Google Chrome','windows','2021-08-20 11:39:45'),(1576,1,NULL,'200.10.5.178','Google Chrome','windows','2021-08-20 12:01:20'),(1577,5,NULL,'200.10.5.178','Google Chrome','windows','2021-08-20 19:29:38'),(1578,1,NULL,'191.240.218.7','Google Chrome','windows','2021-08-20 23:24:46'),(1579,5,NULL,'187.85.188.120','Google Chrome','windows','2021-08-21 14:23:42'),(1580,1,NULL,'177.104.1.126','Google Chrome','windows','2021-08-23 16:59:44'),(1581,1,NULL,'177.104.1.126','Google Chrome','windows','2021-08-23 18:02:43'),(1582,1,NULL,'200.10.4.219','Google Chrome','windows','2021-08-24 13:58:42'),(1583,1,NULL,'191.253.116.11','Google Chrome','windows','2021-08-25 14:10:26'),(1584,1,NULL,'191.253.116.11','Google Chrome','windows','2021-08-25 20:07:40'),(1585,1,NULL,'187.85.187.146','Google Chrome','windows','2021-08-26 18:12:19'),(1586,1,NULL,'170.82.177.147','Google Chrome','windows','2021-08-27 14:55:46'),(1587,1,NULL,'170.82.177.147','Google Chrome','windows','2021-08-27 15:10:30'),(1588,1,NULL,'170.82.177.147','Google Chrome','windows','2021-08-27 18:09:36'),(1589,1,NULL,'170.82.177.147','Google Chrome','windows','2021-08-27 18:35:20'),(1590,1,NULL,'191.240.219.79','Google Chrome','windows','2021-08-27 20:04:35'),(1591,1,NULL,'177.104.5.7','Google Chrome','windows','2021-08-30 13:10:22'),(1592,1,NULL,'177.104.5.7','Google Chrome','windows','2021-08-30 13:48:43'),(1593,0,NULL,'177.104.5.7','Google Chrome','windows','2021-08-30 16:57:19'),(1594,1,NULL,'177.104.5.7','Google Chrome','windows','2021-08-30 16:57:28'),(1595,1,NULL,'177.104.5.7','Google Chrome','windows','2021-08-30 17:33:39'),(1596,1,NULL,'177.104.5.7','Google Chrome','windows','2021-08-30 18:07:46'),(1597,1,NULL,'177.104.5.7','Google Chrome','windows','2021-08-30 19:35:32'),(1598,1,NULL,'191.253.102.51','Google Chrome','windows','2021-08-31 11:00:24'),(1599,1,NULL,'191.253.102.51','Google Chrome','windows','2021-08-31 13:05:37'),(1600,1,NULL,'191.253.102.51','Google Chrome','windows','2021-08-31 14:33:38'),(1601,1,NULL,'138.118.148.154','Google Chrome','windows','2021-09-01 11:52:07'),(1602,1,NULL,'138.118.148.154','Google Chrome','windows','2021-09-01 14:02:00'),(1603,1,NULL,'177.73.137.101','Google Chrome','windows','2021-09-03 12:02:10'),(1604,1,NULL,'177.73.137.101','Google Chrome','windows','2021-09-03 12:22:08'),(1605,1,NULL,'177.73.137.101','Google Chrome','windows','2021-09-03 13:05:25'),(1606,1,NULL,'177.73.137.101','Google Chrome','windows','2021-09-03 16:56:23'),(1607,5,NULL,'177.73.137.101','Google Chrome','windows','2021-09-03 18:20:03'),(1608,1,NULL,'177.73.137.101','Google Chrome','windows','2021-09-03 20:16:55'),(1609,1,NULL,'200.10.5.207','Google Chrome','windows','2021-09-06 11:45:42'),(1610,1,NULL,'200.10.5.207','Google Chrome','windows','2021-09-06 17:08:41'),(1611,1,NULL,'191.253.114.7','Google Chrome','windows','2021-09-08 11:54:23'),(1612,1,NULL,'191.253.114.7','Google Chrome','windows','2021-09-08 16:53:14'),(1613,1,NULL,'177.101.109.214','Google Chrome','windows','2021-09-10 12:12:17'),(1614,1,NULL,'177.101.109.214','Google Chrome','windows','2021-09-10 14:02:57'),(1615,0,'airanpossmai@gmail.com','177.101.109.214','Google Chrome','windows','2021-09-10 14:12:58'),(1616,1,NULL,'177.101.109.214','Google Chrome','windows','2021-09-10 14:13:15'),(1617,1,NULL,'177.101.109.214','Google Chrome','windows','2021-09-10 14:45:34'),(1618,1,NULL,'191.253.103.178','Google Chrome','windows','2021-09-10 19:04:37'),(1619,5,NULL,'191.253.103.178','Google Chrome','windows','2021-09-10 19:43:14'),(1620,1,NULL,'191.253.103.178','Google Chrome','windows','2021-09-10 20:06:02'),(1621,1,NULL,'177.73.137.99','Google Chrome','windows','2021-09-13 12:40:25'),(1622,1,NULL,'177.73.137.99','Google Chrome','windows','2021-09-13 21:01:02'),(1623,1,NULL,'177.104.0.110','Google Chrome','windows','2021-09-14 12:12:32'),(1624,1,NULL,'177.104.0.110','Google Chrome','windows','2021-09-14 13:02:02'),(1625,1,NULL,'179.190.112.152','Google Chrome','linux','2021-09-14 15:31:04'),(1626,1,NULL,'177.104.0.110','Google Chrome','windows','2021-09-14 17:02:43'),(1627,1,NULL,'177.104.0.110','Google Chrome','windows','2021-09-14 17:10:16'),(1628,1,NULL,'177.104.0.110','Google Chrome','windows','2021-09-14 17:14:02'),(1629,1,NULL,'177.104.0.110','Google Chrome','windows','2021-09-14 17:19:14'),(1630,1,NULL,'177.104.0.110','Google Chrome','windows','2021-09-14 17:35:41'),(1631,1,NULL,'177.104.0.110','Google Chrome','windows','2021-09-14 17:41:18'),(1632,1,NULL,'177.104.0.110','Google Chrome','windows','2021-09-14 18:05:15'),(1633,1,NULL,'177.104.0.110','Google Chrome','windows','2021-09-14 18:18:53'),(1634,1,NULL,'177.104.0.110','Google Chrome','windows','2021-09-14 18:32:43'),(1635,1,NULL,'177.104.0.110','Google Chrome','windows','2021-09-14 19:10:01'),(1636,1,NULL,'177.104.0.110','Google Chrome','windows','2021-09-14 19:21:19'),(1637,1,NULL,'177.104.0.110','Google Chrome','windows','2021-09-14 19:32:41'),(1638,1,NULL,'177.104.2.206','Google Chrome','windows','2021-09-15 11:57:58'),(1639,0,NULL,'177.104.2.206','Google Chrome','windows','2021-09-15 13:24:54'),(1640,1,NULL,'177.104.2.206','Google Chrome','windows','2021-09-15 13:25:04'),(1641,1,NULL,'177.104.2.206','Google Chrome','windows','2021-09-15 16:50:19'),(1642,1,NULL,'177.104.2.206','Google Chrome','windows','2021-09-15 18:39:35'),(1643,5,NULL,'177.104.2.206','Google Chrome','windows','2021-09-16 13:13:12'),(1644,5,NULL,'177.104.2.206','Google Chrome','windows','2021-09-16 14:49:24'),(1645,1,NULL,'177.104.2.206','Google Chrome','windows','2021-09-16 16:33:01'),(1646,1,NULL,'177.104.2.206','Google Chrome','windows','2021-09-16 17:14:07'),(1647,5,NULL,'177.104.2.206','Google Chrome','windows','2021-09-16 18:31:24'),(1648,1,NULL,'177.104.2.206','Google Chrome','windows','2021-09-16 18:53:13'),(1649,5,NULL,'177.104.2.206','Google Chrome','windows','2021-09-16 19:45:02'),(1650,1,NULL,'179.190.112.152','Google Chrome','linux','2021-09-17 10:25:44'),(1651,5,NULL,'177.104.5.23','Google Chrome','windows','2021-09-17 13:14:13'),(1652,5,NULL,'177.104.5.23','Google Chrome','windows','2021-09-17 13:44:45'),(1653,1,NULL,'177.104.5.23','Google Chrome','windows','2021-09-17 20:11:49'),(1654,1,NULL,'177.104.7.215','Google Chrome','windows','2021-09-20 12:31:38'),(1655,1,NULL,'191.245.79.178','Google Chrome','windows','2021-09-20 13:12:08'),(1656,5,NULL,'177.104.7.215','Google Chrome','windows','2021-09-20 17:13:09'),(1657,1,NULL,'177.104.7.215','Google Chrome','windows','2021-09-20 17:13:57'),(1658,5,NULL,'177.104.7.215','Google Chrome','windows','2021-09-20 18:36:06'),(1659,5,NULL,'177.104.7.215','Google Chrome','windows','2021-09-20 19:52:05'),(1660,1,NULL,'177.73.137.91','Google Chrome','windows','2021-09-21 12:04:32'),(1661,1,NULL,'177.73.137.91','Google Chrome','windows','2021-09-21 13:04:09'),(1662,1,NULL,'177.73.137.91','Mozilla Firefox','windows','2021-09-21 16:50:05'),(1663,1,NULL,'177.73.137.91','Google Chrome','windows','2021-09-21 17:30:37'),(1664,10,NULL,'177.73.137.91','Google Chrome','windows','2021-09-21 17:33:08'),(1665,5,NULL,'177.73.137.91','Google Chrome','windows','2021-09-21 17:35:11'),(1666,1,NULL,'177.73.137.91','Google Chrome','windows','2021-09-21 19:41:22'),(1667,1,NULL,'177.73.137.91','Google Chrome','windows','2021-09-22 12:20:02'),(1668,10,NULL,'177.73.137.91','Google Chrome','windows','2021-09-22 16:56:04'),(1669,1,NULL,'177.73.137.91','Google Chrome','windows','2021-09-22 18:33:05'),(1670,5,NULL,'177.73.137.91','Google Chrome','windows','2021-09-22 18:43:41'),(1671,1,NULL,'177.73.137.91','Google Chrome','windows','2021-09-22 19:35:41'),(1672,10,NULL,'170.82.240.251','Google Chrome','windows','2021-09-23 11:07:32'),(1673,1,NULL,'170.82.240.251','Google Chrome','windows','2021-09-23 17:04:39'),(1674,1,NULL,'170.82.240.251','Google Chrome','windows','2021-09-23 20:17:41'),(1675,1,NULL,'191.253.113.190','Google Chrome','windows','2021-09-24 11:31:23'),(1676,5,NULL,'191.253.113.190','Google Chrome','windows','2021-09-24 11:34:35'),(1677,1,NULL,'191.253.113.190','Google Chrome','windows','2021-09-24 13:14:33'),(1678,1,NULL,'191.253.113.190','Google Chrome','windows','2021-09-24 17:13:12'),(1679,1,NULL,'191.253.113.190','Google Chrome','windows','2021-09-24 17:50:56'),(1680,1,NULL,'191.253.113.190','Google Chrome','windows','2021-09-24 20:34:50'),(1681,1,NULL,'191.253.105.68','Google Chrome','windows','2021-09-27 13:15:25'),(1682,1,NULL,'191.253.105.68','Google Chrome','windows','2021-09-27 17:28:32'),(1683,1,NULL,'177.104.1.216','Google Chrome','windows','2021-09-28 17:43:39'),(1684,1,NULL,'177.104.1.216','Google Chrome','windows','2021-09-28 18:02:06'),(1685,1,NULL,'170.82.176.70','Google Chrome','windows','2021-09-29 18:38:59'),(1686,1,NULL,'170.82.176.70','Google Chrome','windows','2021-09-29 19:44:50'),(1687,5,NULL,'177.74.223.16','Google Chrome','windows','2021-09-30 11:44:48'),(1688,1,NULL,'177.74.223.16','Google Chrome','windows','2021-09-30 11:46:04'),(1689,1,NULL,'177.74.223.16','Google Chrome','windows','2021-09-30 12:15:13'),(1690,1,NULL,'177.74.223.16','Google Chrome','windows','2021-09-30 17:27:02'),(1691,1,NULL,'177.74.223.16','Google Chrome','windows','2021-09-30 18:01:04'),(1692,1,NULL,'177.74.223.16','Google Chrome','windows','2021-09-30 18:47:41'),(1693,1,NULL,'177.74.223.16','Google Chrome','windows','2021-09-30 18:54:47'),(1694,1,NULL,'177.74.223.16','Google Chrome','windows','2021-09-30 19:28:23'),(1695,1,NULL,'177.74.223.16','Google Chrome','linux','2021-09-30 20:02:19'),(1696,1,NULL,'177.125.236.106','Google Chrome','windows','2021-10-01 11:17:50'),(1697,1,NULL,'177.125.236.106','Google Chrome','windows','2021-10-01 18:39:29'),(1698,1,NULL,'177.125.236.106','Google Chrome','windows','2021-10-01 19:48:30'),(1699,1,NULL,'179.190.112.152','Google Chrome','linux','2021-10-04 09:42:11'),(1700,1,NULL,'179.190.112.152','Google Chrome','linux','2021-10-04 10:14:57'),(1701,0,'airanpossamai@gmai.com','138.118.151.87','Google Chrome','windows','2021-10-04 11:16:22'),(1702,1,NULL,'138.118.151.87','Google Chrome','windows','2021-10-04 11:16:36'),(1703,1,NULL,'138.118.151.87','Google Chrome','windows','2021-10-04 11:17:07'),(1704,1,NULL,'138.118.151.87','Google Chrome','windows','2021-10-04 12:08:24'),(1705,0,NULL,'138.118.151.87','Google Chrome','windows','2021-10-04 16:41:20'),(1706,1,NULL,'138.118.151.87','Google Chrome','windows','2021-10-04 16:41:32'),(1707,1,NULL,'138.118.151.87','Google Chrome','windows','2021-10-04 17:03:17'),(1708,1,NULL,'138.118.151.87','Google Chrome','windows','2021-10-04 18:21:59'),(1709,1,NULL,'177.73.137.144','Google Chrome','windows','2021-10-05 12:23:29'),(1710,1,NULL,'177.73.137.144','Google Chrome','windows','2021-10-05 18:20:43'),(1711,1,NULL,'177.73.137.144','Google Chrome','windows','2021-10-05 20:26:02'),(1712,1,NULL,'177.104.7.57','Google Chrome','windows','2021-10-06 13:02:09'),(1713,1,NULL,'177.104.7.57','Google Chrome','windows','2021-10-06 18:54:00'),(1714,1,NULL,'177.73.137.152','Google Chrome','windows','2021-10-07 12:36:43'),(1715,1,NULL,'177.73.137.152','Google Chrome','windows','2021-10-07 19:58:18'),(1716,1,NULL,'191.253.109.205','Google Chrome','windows','2021-10-08 11:32:48'),(1717,0,NULL,'191.253.109.205','Google Chrome','windows','2021-10-08 13:07:52'),(1718,1,NULL,'191.253.109.205','Google Chrome','windows','2021-10-08 13:08:03'),(1719,1,NULL,'191.253.109.205','Google Chrome','windows','2021-10-08 19:39:22'),(1720,1,NULL,'200.10.7.248','Google Chrome','windows','2021-10-11 11:58:35'),(1721,1,NULL,'200.10.7.248','Google Chrome','windows','2021-10-11 14:42:39'),(1722,1,NULL,'200.10.7.248','Google Chrome','windows','2021-10-11 19:42:17'),(1723,5,NULL,'200.10.7.248','Google Chrome','windows','2021-10-13 18:02:49'),(1724,5,NULL,'200.10.7.248','Google Chrome','windows','2021-10-13 18:43:07'),(1725,5,NULL,'177.104.0.235','Google Chrome','windows','2021-10-18 10:52:11'),(1726,1,NULL,'177.200.194.138','Google Chrome','windows','2021-10-18 11:03:13'),(1727,1,NULL,'177.200.194.138','Google Chrome','windows','2021-10-18 13:07:19'),(1728,1,NULL,'177.200.194.138','Google Chrome','windows','2021-10-18 14:22:31'),(1729,1,NULL,'177.200.194.138','Google Chrome','windows','2021-10-18 17:23:11'),(1730,1,NULL,'177.200.194.138','Google Chrome','windows','2021-10-18 18:45:43'),(1731,1,NULL,'179.190.122.185','Google Chrome','windows','2021-10-18 21:00:01'),(1732,1,NULL,'177.200.194.138','Google Chrome','windows','2021-10-19 11:37:08'),(1733,1,NULL,'177.200.194.138','Google Chrome','windows','2021-10-19 14:59:36'),(1734,1,NULL,'191.253.106.68','Google Chrome','windows','2021-10-19 18:12:07'),(1735,1,NULL,'177.73.137.143','Google Chrome','windows','2021-10-20 18:31:37'),(1736,1,NULL,'191.245.92.144','Google Chrome','windows','2021-10-21 12:08:12'),(1737,1,NULL,'138.204.61.63','Google Chrome','windows','2021-10-25 11:05:15'),(1738,1,NULL,'138.204.61.63','Google Chrome','windows','2021-10-25 14:47:16'),(1739,1,NULL,'138.204.61.63','Google Chrome','windows','2021-10-25 18:19:15'),(1740,1,NULL,'138.204.61.63','Google Chrome','windows','2021-10-26 18:25:12'),(1741,1,NULL,'138.204.61.63','Google Chrome','windows','2021-10-26 19:42:53'),(1742,1,NULL,'191.253.112.201','Google Chrome','windows','2021-10-27 11:51:58'),(1743,1,NULL,'191.253.112.201','Google Chrome','windows','2021-10-27 13:18:27'),(1744,1,NULL,'191.253.112.201','Google Chrome','windows','2021-10-27 14:31:23'),(1745,1,NULL,'170.82.243.115','Google Chrome','windows','2021-10-27 18:51:26'),(1746,1,NULL,'170.82.243.115','Google Chrome','windows','2021-10-27 18:57:01'),(1747,0,NULL,'170.82.243.115','Google Chrome','windows','2021-10-27 19:32:44'),(1748,1,NULL,'170.82.243.115','Google Chrome','windows','2021-10-27 19:32:56'),(1749,1,NULL,'191.253.116.245','Google Chrome','windows','2021-10-28 18:32:08'),(1750,1,NULL,'191.253.116.245','Google Chrome','windows','2021-10-28 20:01:45'),(1751,1,NULL,'177.74.221.210','Google Chrome','windows','2021-10-29 13:20:39'),(1752,1,NULL,'177.74.221.210','Google Chrome','windows','2021-10-29 16:59:24'),(1753,1,NULL,'177.74.221.210','Google Chrome','windows','2021-10-29 18:48:47'),(1754,1,NULL,'177.74.221.210','Google Chrome','windows','2021-10-29 20:22:20'),(1755,1,NULL,'45.171.78.57','Google Chrome','windows','2021-11-01 11:55:11'),(1756,1,NULL,'177.104.5.75','Google Chrome','windows','2021-11-03 17:08:34'),(1757,1,NULL,'177.104.5.75','Google Chrome','windows','2021-11-03 18:23:21'),(1758,1,NULL,'179.190.112.223','Google Chrome','windows','2021-11-04 11:56:02'),(1759,1,NULL,'177.104.0.133','Google Chrome','windows','2021-11-04 14:19:26'),(1760,1,NULL,'191.245.73.51','Google Chrome','windows','2021-11-04 17:33:44'),(1761,1,NULL,'177.104.0.133','Google Chrome','windows','2021-11-05 12:00:33'),(1762,1,NULL,'177.104.0.133','Google Chrome','windows','2021-11-05 17:53:18'),(1763,1,NULL,'177.104.0.133','Google Chrome','windows','2021-11-05 19:52:22'),(1764,1,NULL,'138.204.62.115','Google Chrome','windows','2021-11-08 14:19:01'),(1765,1,NULL,'138.204.62.115','Google Chrome','windows','2021-11-08 17:39:34'),(1766,1,NULL,'138.204.62.115','Google Chrome','windows','2021-11-08 18:20:18'),(1767,1,NULL,'138.204.62.115','Google Chrome','windows','2021-11-08 19:46:35'),(1768,1,NULL,'200.10.4.167','Google Chrome','windows','2021-11-09 12:01:54'),(1769,5,NULL,'200.10.4.167','Google Chrome','windows','2021-11-09 16:40:20'),(1770,1,NULL,'200.10.4.167','Google Chrome','windows','2021-11-09 17:58:40'),(1771,5,NULL,'200.10.4.167','Google Chrome','windows','2021-11-09 19:05:02'),(1772,1,NULL,'200.10.4.167','Google Chrome','windows','2021-11-09 19:22:51'),(1773,1,NULL,'177.101.111.24','Google Chrome','windows','2021-11-10 12:24:55'),(1774,1,NULL,'177.101.111.24','Google Chrome','windows','2021-11-10 17:37:28'),(1775,1,NULL,'177.101.111.24','Google Chrome','windows','2021-11-10 17:57:57'),(1776,0,NULL,'177.101.111.24','Google Chrome','windows','2021-11-10 19:07:20'),(1777,1,NULL,'177.101.111.24','Google Chrome','windows','2021-11-10 19:07:30'),(1778,1,NULL,'177.101.104.38','Google Chrome','windows','2021-11-11 11:44:26'),(1779,1,NULL,'177.101.104.38','Google Chrome','windows','2021-11-11 13:14:17'),(1780,1,NULL,'177.101.104.38','Google Chrome','windows','2021-11-11 16:32:04'),(1781,1,NULL,'177.101.104.38','Google Chrome','windows','2021-11-11 18:05:20'),(1782,0,'airanpossamai@gmail.com.br','177.101.104.38','Google Chrome','windows','2021-11-11 20:14:04'),(1783,1,NULL,'177.101.104.38','Google Chrome','windows','2021-11-11 20:14:16'),(1784,1,NULL,'191.253.118.16','Google Chrome','windows','2021-11-12 14:39:25'),(1785,1,NULL,'170.82.177.204','Google Chrome','windows','2021-11-16 11:52:20'),(1786,1,NULL,'170.82.177.204','Google Chrome','windows','2021-11-16 18:00:59'),(1787,1,NULL,'170.82.177.204','Google Chrome','windows','2021-11-16 19:32:05'),(1788,1,NULL,'138.36.206.55','Google Chrome','windows','2021-11-17 13:04:26'),(1789,0,NULL,'138.36.206.55','Google Chrome','windows','2021-11-17 14:04:28'),(1790,1,NULL,'138.36.206.55','Google Chrome','windows','2021-11-17 14:04:39'),(1791,1,NULL,'191.253.113.166','Google Chrome','windows','2021-11-18 12:07:06'),(1792,0,NULL,'191.253.113.166','Google Chrome','windows','2021-11-18 13:13:33'),(1793,1,NULL,'191.253.113.166','Google Chrome','windows','2021-11-18 13:13:45'),(1794,1,NULL,'138.118.149.187','Google Chrome','windows','2021-11-19 12:06:38'),(1795,0,NULL,'177.130.228.121','Google Chrome','windows','2021-11-19 13:10:48'),(1796,1,NULL,'177.130.228.121','Google Chrome','windows','2021-11-19 13:12:21'),(1797,1,NULL,'177.130.228.121','Google Chrome','windows','2021-11-19 16:00:22'),(1798,0,NULL,'138.118.149.187','Google Chrome','windows','2021-11-19 17:08:13'),(1799,1,NULL,'138.118.149.187','Google Chrome','windows','2021-11-19 17:08:24'),(1800,1,NULL,'191.253.118.72','Google Chrome','windows','2021-11-22 11:59:50'),(1801,0,NULL,'191.253.118.72','Google Chrome','windows','2021-11-22 12:58:41'),(1802,1,NULL,'191.253.118.72','Google Chrome','windows','2021-11-22 12:59:11'),(1803,1,NULL,'191.253.118.72','Google Chrome','windows','2021-11-22 14:01:05'),(1804,1,NULL,'191.253.118.72','Google Chrome','windows','2021-11-22 17:07:38'),(1805,0,'vanessa@ambisis.com.br','191.253.113.118','Google Chrome','windows','2021-11-23 17:45:37'),(1806,1,NULL,'191.253.113.118','Google Chrome','windows','2021-11-23 17:46:14'),(1807,0,'vanessa@ambisis.com.br','191.253.113.118','Google Chrome','windows','2021-11-23 17:47:21'),(1808,0,'vanessa@ambisis.com.br','191.253.113.118','Google Chrome','windows','2021-11-23 17:47:47'),(1809,11,NULL,'191.253.113.118','Google Chrome','windows','2021-11-23 17:48:47'),(1810,0,'vanessa@ambisis.com.br','191.253.113.118','Google Chrome','windows','2021-11-23 17:50:56'),(1811,1,NULL,'191.253.113.118','Google Chrome','windows','2021-11-23 18:44:56'),(1812,0,'vanessa@ambisis.com.br','191.253.113.118','Google Chrome','windows','2021-11-23 18:48:34'),(1813,11,NULL,'191.253.113.118','Google Chrome','windows','2021-11-23 18:52:47'),(1814,1,NULL,'191.253.119.144','Google Chrome','windows','2021-11-24 11:27:40'),(1815,11,NULL,'191.253.119.144','Google Chrome','windows','2021-11-24 12:31:20'),(1816,1,NULL,'191.253.119.144','Google Chrome','windows','2021-11-24 12:53:29'),(1817,0,NULL,'191.253.119.144','Google Chrome','windows','2021-11-24 14:03:42'),(1818,1,NULL,'191.253.119.144','Google Chrome','windows','2021-11-24 14:03:53'),(1819,11,NULL,'191.253.119.144','Google Chrome','windows','2021-11-24 14:25:21'),(1820,11,NULL,'191.253.119.144','Google Chrome','windows','2021-11-24 16:38:22'),(1821,1,NULL,'191.253.119.144','Google Chrome','windows','2021-11-24 18:08:01'),(1822,0,NULL,'191.253.119.144','Google Chrome','windows','2021-11-24 19:05:15'),(1823,1,NULL,'191.253.119.144','Google Chrome','windows','2021-11-24 19:05:27'),(1824,11,NULL,'191.253.119.144','Google Chrome','windows','2021-11-24 19:29:26'),(1825,1,NULL,'191.253.114.167','Google Chrome','windows','2021-11-25 11:17:48'),(1826,11,NULL,'191.253.114.167','Google Chrome','windows','2021-11-25 11:18:57'),(1827,1,NULL,'191.253.114.167','Google Chrome','windows','2021-11-25 14:23:38'),(1828,1,NULL,'191.253.114.167','Google Chrome','windows','2021-11-25 18:11:42'),(1829,0,NULL,'191.253.114.167','Google Chrome','windows','2021-11-25 19:30:19'),(1830,1,NULL,'191.253.114.167','Google Chrome','windows','2021-11-25 19:33:01'),(1831,1,NULL,'191.253.106.147','Google Chrome','windows','2021-11-26 11:46:03'),(1832,1,NULL,'191.253.106.147','Google Chrome','windows','2021-11-26 13:05:25'),(1833,11,NULL,'191.253.106.147','Google Chrome','windows','2021-11-26 13:59:55'),(1834,1,NULL,'191.253.106.147','Google Chrome','windows','2021-11-26 17:08:19'),(1835,1,NULL,'138.204.62.65','Google Chrome','windows','2021-11-29 11:10:32'),(1836,0,'caroline.lazzari@ambisis.com.br','138.204.62.65','Google Chrome','windows','2021-11-29 11:11:32'),(1837,0,'caroline.lazzari@ambisis.com.br','138.204.62.65','Google Chrome','windows','2021-11-29 11:26:44'),(1838,11,NULL,'138.204.62.65','Google Chrome','windows','2021-11-29 11:27:35'),(1839,11,NULL,'138.204.62.65','Google Chrome','windows','2021-11-29 13:56:20'),(1840,1,NULL,'177.200.194.138','Google Chrome','windows','2021-11-29 17:59:40'),(1841,11,NULL,'191.253.102.53','Google Chrome','windows','2021-11-29 18:06:23'),(1842,0,NULL,'177.101.110.55','Google Chrome','windows','2021-11-29 19:11:46'),(1843,1,NULL,'177.101.110.55','Google Chrome','windows','2021-11-29 19:11:57'),(1844,0,NULL,'177.101.110.55','Google Chrome','windows','2021-11-29 19:38:27'),(1845,1,NULL,'177.101.110.55','Google Chrome','windows','2021-11-29 19:38:40'),(1846,11,NULL,'177.104.2.53','Google Chrome','windows','2021-11-30 11:09:51'),(1847,1,NULL,'138.36.206.103','Google Chrome','windows','2021-11-30 12:04:55'),(1848,1,NULL,'138.36.206.103','Google Chrome','windows','2021-11-30 19:23:51'),(1849,1,NULL,'138.36.206.103','Google Chrome','windows','2021-11-30 20:03:23'),(1850,11,NULL,'200.10.4.147','Google Chrome','windows','2021-12-01 11:48:32'),(1851,1,NULL,'200.10.4.147','Google Chrome','windows','2021-12-01 13:57:28'),(1852,1,NULL,'200.10.4.147','Google Chrome','windows','2021-12-01 16:21:53'),(1853,1,NULL,'200.10.4.147','Google Chrome','windows','2021-12-01 16:41:44'),(1854,5,NULL,'191.253.114.251','Google Chrome','windows','2021-12-02 11:03:58'),(1855,1,NULL,'191.253.114.251','Google Chrome','windows','2021-12-02 11:35:49'),(1856,5,NULL,'191.253.114.251','Google Chrome','windows','2021-12-02 12:20:43'),(1857,0,'caroline.lazzari@ambisis.com.br','191.253.114.251','Google Chrome','windows','2021-12-02 13:17:25'),(1858,0,'caroline.lazzari@ambisis.com.br','191.253.114.251','Google Chrome','windows','2021-12-02 13:17:58'),(1859,0,'caroline.lazzari@ambisis.com.br','191.253.114.251','Google Chrome','windows','2021-12-02 13:18:26'),(1860,1,NULL,'191.253.114.251','Google Chrome','windows','2021-12-02 13:36:24'),(1861,0,NULL,'191.253.114.251','Google Chrome','windows','2021-12-02 15:05:19'),(1862,1,NULL,'191.253.114.251','Google Chrome','windows','2021-12-02 18:06:01'),(1863,11,NULL,'138.204.62.0','Google Chrome','windows','2021-12-03 11:26:01'),(1864,1,NULL,'138.204.62.0','Google Chrome','windows','2021-12-03 17:34:21'),(1865,1,NULL,'138.204.62.0','Google Chrome','windows','2021-12-03 18:11:23'),(1866,0,'airanpossamai@gmail.com','191.253.100.44','Google Chrome','windows','2021-12-06 11:30:57'),(1867,1,NULL,'191.253.100.44','Google Chrome','windows','2021-12-06 11:31:11'),(1868,1,NULL,'191.253.100.44','Google Chrome','windows','2021-12-06 13:18:00'),(1869,1,NULL,'191.253.100.44','Google Chrome','windows','2021-12-06 13:40:04'),(1870,1,NULL,'191.253.100.44','Google Chrome','windows','2021-12-06 13:45:33'),(1871,11,NULL,'191.253.100.44','Google Chrome','windows','2021-12-06 14:23:50'),(1872,1,NULL,'191.253.100.44','Google Chrome','windows','2021-12-06 16:50:12'),(1873,1,NULL,'191.253.100.44','Google Chrome','windows','2021-12-06 18:57:28'),(1874,1,NULL,'191.253.100.44','Google Chrome','windows','2021-12-07 11:07:01'),(1875,1,NULL,'191.253.100.44','Google Chrome','windows','2021-12-07 13:26:59'),(1876,1,NULL,'191.253.100.44','Google Chrome','windows','2021-12-07 16:59:56'),(1877,1,NULL,'191.253.100.44','Google Chrome','windows','2021-12-07 17:13:32'),(1878,1,NULL,'191.253.100.44','Google Chrome','windows','2021-12-07 19:06:31'),(1879,1,NULL,'177.104.2.128','Google Chrome','windows','2021-12-08 11:24:18'),(1880,1,NULL,'191.253.101.138','Google Chrome','windows','2021-12-08 12:40:18'),(1881,1,NULL,'191.253.101.138','Google Chrome','windows','2021-12-08 16:47:47'),(1882,1,NULL,'191.253.101.138','Google Chrome','windows','2021-12-08 18:03:26'),(1883,1,NULL,'191.253.101.138','Google Chrome','windows','2021-12-08 20:09:41'),(1884,11,NULL,'177.200.194.138','Google Chrome','windows','2021-12-09 11:43:26'),(1885,1,NULL,'177.74.222.196','Google Chrome','windows','2021-12-09 12:38:49'),(1886,11,NULL,'177.200.194.138','Google Chrome','windows','2021-12-09 13:53:47'),(1887,1,NULL,'177.74.222.196','Google Chrome','windows','2021-12-09 14:19:02'),(1888,11,NULL,'177.200.194.138','Google Chrome','windows','2021-12-09 17:12:53'),(1889,5,NULL,'177.74.222.196','Google Chrome','windows','2021-12-10 11:08:03'),(1890,11,NULL,'177.74.222.196','Google Chrome','windows','2021-12-10 11:25:28'),(1891,11,NULL,'177.74.222.196','Google Chrome','windows','2021-12-10 13:58:38'),(1892,11,NULL,'177.74.222.196','Google Chrome','windows','2021-12-10 17:06:56'),(1893,11,NULL,'177.74.222.196','Google Chrome','windows','2021-12-13 11:52:22'),(1894,11,NULL,'177.74.222.196','Google Chrome','windows','2021-12-13 13:37:11'),(1895,11,NULL,'177.74.222.196','Google Chrome','windows','2021-12-13 16:33:23'),(1896,11,NULL,'177.74.222.196','Google Chrome','windows','2021-12-13 17:19:11'),(1897,1,NULL,'177.74.222.196','Google Chrome','windows','2021-12-13 20:09:22'),(1898,11,NULL,'177.74.222.196','Google Chrome','windows','2021-12-14 11:24:32'),(1899,11,NULL,'177.74.222.196','Google Chrome','windows','2021-12-14 12:51:10'),(1900,1,NULL,'177.74.222.196','Google Chrome','windows','2021-12-14 14:03:24'),(1901,1,NULL,'177.74.222.196','Google Chrome','windows','2021-12-14 14:38:06'),(1902,11,NULL,'177.74.222.196','Google Chrome','windows','2021-12-14 16:33:36'),(1903,11,NULL,'177.74.222.196','Google Chrome','windows','2021-12-14 18:41:11'),(1904,1,NULL,'177.74.222.196','Google Chrome','windows','2021-12-14 20:10:39'),(1905,11,NULL,'177.74.222.196','Google Chrome','windows','2021-12-15 11:53:44'),(1906,1,NULL,'177.74.222.196','Google Chrome','windows','2021-12-15 12:17:56'),(1907,5,NULL,'177.74.222.196','Google Chrome','windows','2021-12-15 12:25:01'),(1908,1,NULL,'177.74.222.196','Google Chrome','windows','2021-12-15 12:29:27'),(1909,0,NULL,'177.74.222.196','Google Chrome','windows','2021-12-15 13:02:34'),(1910,11,NULL,'177.74.222.196','Google Chrome','windows','2021-12-15 13:13:00'),(1911,11,NULL,'177.74.222.196','Google Chrome','windows','2021-12-15 16:31:17'),(1912,11,NULL,'177.74.222.196','Google Chrome','windows','2021-12-15 17:28:24'),(1913,11,NULL,'177.74.222.196','Google Chrome','windows','2021-12-15 19:08:22'),(1914,11,NULL,'177.74.222.196','Google Chrome','windows','2021-12-15 19:55:14'),(1915,11,NULL,'177.74.222.196','Google Chrome','windows','2021-12-16 11:04:40'),(1916,1,NULL,'177.74.222.196','Google Chrome','windows','2021-12-16 12:12:53'),(1917,11,NULL,'177.74.222.196','Google Chrome','windows','2021-12-16 12:39:43'),(1918,11,NULL,'177.74.222.196','Google Chrome','windows','2021-12-16 13:53:52'),(1919,11,NULL,'177.74.222.196','Google Chrome','windows','2021-12-16 17:35:07'),(1920,11,NULL,'177.74.222.196','Google Chrome','windows','2021-12-16 18:58:37'),(1921,11,NULL,'138.36.205.39','Google Chrome','windows','2021-12-17 11:14:41'),(1922,11,NULL,'138.36.205.39','Google Chrome','windows','2021-12-17 13:39:44'),(1923,11,NULL,'138.36.205.39','Google Chrome','windows','2021-12-17 16:36:21'),(1924,11,NULL,'138.36.205.39','Google Chrome','windows','2021-12-17 18:59:03'),(1925,1,NULL,'138.36.205.39','Google Chrome','windows','2021-12-17 19:05:30'),(1926,0,NULL,'138.36.205.39','Google Chrome','windows','2021-12-17 19:51:18'),(1927,1,NULL,'138.36.205.39','Google Chrome','windows','2021-12-17 19:51:29'),(1928,11,NULL,'191.253.109.231','Google Chrome','windows','2021-12-20 11:26:40'),(1929,11,NULL,'191.253.109.231','Google Chrome','windows','2021-12-20 12:51:42'),(1930,11,NULL,'191.253.109.231','Google Chrome','windows','2021-12-20 16:48:08'),(1931,11,NULL,'191.253.109.231','Google Chrome','windows','2021-12-21 11:06:04'),(1932,11,NULL,'191.253.109.231','Google Chrome','windows','2021-12-21 16:41:47'),(1933,1,NULL,'191.253.109.231','Google Chrome','windows','2021-12-21 19:51:10'),(1934,11,NULL,'191.253.109.231','Google Chrome','windows','2021-12-22 11:12:40'),(1935,11,NULL,'191.253.109.231','Google Chrome','windows','2021-12-22 12:29:48'),(1936,1,NULL,'191.253.109.231','Google Chrome','windows','2021-12-22 13:02:50'),(1937,11,NULL,'191.253.109.231','Google Chrome','windows','2021-12-22 16:42:37'),(1938,11,NULL,'191.253.109.231','Google Chrome','windows','2021-12-23 11:52:12'),(1939,1,NULL,'191.253.109.231','Google Chrome','windows','2021-12-23 16:57:46'),(1940,11,NULL,'191.253.109.231','Google Chrome','windows','2021-12-23 17:14:22'),(1941,1,NULL,'191.253.109.231','Google Chrome','windows','2021-12-23 19:26:36'),(1942,0,'airanpossamai@gmail.com','45.230.18.164','Google Chrome','windows','2021-12-28 11:14:06'),(1943,1,NULL,'45.230.18.164','Google Chrome','windows','2021-12-28 11:14:21'),(1944,1,NULL,'45.230.18.164','Google Chrome','windows','2021-12-28 11:59:13'),(1945,0,'airanpossamai@gmail.com','45.230.18.164','Google Chrome','windows','2022-01-03 18:24:23'),(1946,1,NULL,'45.230.18.164','Google Chrome','windows','2022-01-03 18:24:44'),(1947,1,NULL,'45.230.18.164','Google Chrome','windows','2022-01-06 14:00:16'),(1948,1,NULL,'45.230.18.160','Google Chrome','windows','2022-01-07 12:27:22'),(1949,11,NULL,'191.253.109.48','Google Chrome','windows','2022-01-10 12:12:27'),(1950,0,NULL,'191.253.109.48','Google Chrome','windows','2022-01-10 12:13:13'),(1951,11,NULL,'191.253.109.48','Google Chrome','windows','2022-01-10 12:13:22'),(1952,11,NULL,'191.253.109.48','Google Chrome','windows','2022-01-10 14:34:35'),(1953,1,NULL,'191.253.109.48','Google Chrome','windows','2022-01-10 16:58:44'),(1954,1,NULL,'191.253.109.48','Google Chrome','windows','2022-01-10 18:19:56'),(1955,11,NULL,'191.253.109.48','Google Chrome','windows','2022-01-10 19:50:32'),(1956,11,NULL,'191.253.109.48','Google Chrome','windows','2022-01-11 11:08:31'),(1957,1,NULL,'191.253.109.48','Google Chrome','windows','2022-01-11 11:58:40'),(1958,1,NULL,'191.253.109.48','Google Chrome','windows','2022-01-11 13:01:12'),(1959,1,NULL,'191.253.109.48','Google Chrome','windows','2022-01-11 17:12:31'),(1960,0,NULL,'191.253.109.48','Google Chrome','windows','2022-01-11 18:03:07'),(1961,1,NULL,'191.253.109.48','Google Chrome','windows','2022-01-11 18:03:19'),(1962,11,NULL,'191.253.109.48','Google Chrome','windows','2022-01-11 18:45:30'),(1963,1,NULL,'191.253.109.48','Google Chrome','windows','2022-01-11 19:30:07'),(1964,0,NULL,'191.253.109.48','Google Chrome','windows','2022-01-11 20:20:52'),(1965,11,NULL,'191.253.109.48','Google Chrome','windows','2022-01-11 20:21:03'),(1966,11,NULL,'177.104.6.188','Google Chrome','windows','2022-01-12 11:07:01'),(1967,11,NULL,'177.104.6.188','Google Chrome','windows','2022-01-12 12:47:28'),(1968,1,NULL,'177.104.6.188','Google Chrome','windows','2022-01-12 13:12:32'),(1969,11,NULL,'177.104.6.188','Google Chrome','windows','2022-01-12 13:53:00'),(1970,1,NULL,'177.104.6.188','Google Chrome','windows','2022-01-12 14:30:58'),(1971,11,NULL,'177.104.6.188','Google Chrome','windows','2022-01-12 16:38:28'),(1972,11,NULL,'177.104.6.188','Google Chrome','windows','2022-01-12 18:51:57'),(1973,11,NULL,'177.104.6.188','Google Chrome','windows','2022-01-12 20:24:56'),(1974,11,NULL,'177.104.0.88','Google Chrome','windows','2022-01-13 11:12:24'),(1975,1,NULL,'177.104.0.88','Google Chrome','windows','2022-01-13 11:51:35'),(1976,11,NULL,'177.104.0.88','Google Chrome','windows','2022-01-13 12:00:26'),(1977,11,NULL,'177.104.0.88','Google Chrome','windows','2022-01-13 12:05:36'),(1978,11,NULL,'177.104.0.88','Google Chrome','windows','2022-01-13 12:10:42'),(1979,0,NULL,'177.104.0.88','Google Chrome','windows','2022-01-13 12:36:42'),(1980,11,NULL,'177.104.0.88','Google Chrome','windows','2022-01-13 12:43:28'),(1981,1,NULL,'177.104.0.88','Google Chrome','windows','2022-01-13 14:52:45'),(1982,11,NULL,'177.104.0.88','Google Chrome','windows','2022-01-13 16:45:40'),(1983,1,NULL,'177.104.0.88','Google Chrome','windows','2022-01-13 19:46:23'),(1984,11,NULL,'177.104.0.88','Google Chrome','windows','2022-01-13 20:00:20'),(1985,11,NULL,'177.104.0.88','Google Chrome','windows','2022-01-13 20:07:18'),(1986,5,NULL,'177.104.0.88','Google Chrome','windows','2022-01-13 20:08:55'),(1987,0,NULL,'177.104.0.88','Google Chrome','windows','2022-01-13 20:15:37'),(1988,5,NULL,'177.104.0.88','Google Chrome','windows','2022-01-13 20:15:54'),(1989,1,NULL,'177.104.0.88','Google Chrome','windows','2022-01-13 20:29:56'),(1990,11,NULL,'177.104.0.88','Google Chrome','windows','2022-01-14 11:21:18'),(1991,1,NULL,'177.104.0.88','Google Chrome','windows','2022-01-14 11:49:51'),(1992,11,NULL,'177.104.0.88','Google Chrome','windows','2022-01-14 13:00:32'),(1993,1,NULL,'177.104.0.88','Google Chrome','windows','2022-01-14 13:14:55'),(1994,11,NULL,'177.104.0.88','Google Chrome','windows','2022-01-14 17:25:12'),(1995,11,NULL,'177.104.0.88','Google Chrome','windows','2022-01-17 11:12:46'),(1996,11,NULL,'177.104.0.88','Google Chrome','windows','2022-01-17 11:41:14'),(1997,11,NULL,'177.104.0.88','Google Chrome','windows','2022-01-17 19:41:00'),(1998,5,NULL,'191.240.216.111','Google Chrome','windows','2022-01-18 14:25:08'),(1999,11,NULL,'177.104.0.88','Google Chrome','windows','2022-01-18 18:39:12'),(2000,1,NULL,'191.240.216.111','Google Chrome','windows','2022-01-18 19:35:08'),(2001,11,NULL,'138.118.151.181','Google Chrome','windows','2022-01-18 19:40:40'),(2002,11,NULL,'138.118.151.181','Google Chrome','windows','2022-01-19 11:08:55'),(2003,11,NULL,'138.118.151.181','Google Chrome','windows','2022-01-19 11:47:08'),(2004,1,NULL,'191.240.216.111','Google Chrome','windows','2022-01-19 12:07:01'),(2005,1,NULL,'191.240.216.111','Google Chrome','windows','2022-01-19 13:28:09'),(2006,1,NULL,'191.240.216.111','Google Chrome','windows','2022-01-19 13:29:49'),(2007,11,NULL,'138.118.151.181','Google Chrome','windows','2022-01-19 13:41:32'),(2008,1,NULL,'191.240.216.111','Google Chrome','windows','2022-01-19 13:45:30'),(2009,11,NULL,'138.118.151.181','Google Chrome','windows','2022-01-19 16:52:53'),(2010,11,NULL,'138.118.151.181','Google Chrome','windows','2022-01-19 18:28:24'),(2011,11,NULL,'191.253.113.125','Google Chrome','windows','2022-01-20 11:15:22'),(2012,0,NULL,'191.253.113.125','Google Chrome','windows','2022-01-20 13:30:17'),(2013,11,NULL,'191.253.113.125','Google Chrome','windows','2022-01-20 13:30:35'),(2014,0,NULL,'191.253.113.125','Google Chrome','windows','2022-01-20 14:18:44'),(2015,11,NULL,'191.253.113.125','Google Chrome','windows','2022-01-20 14:18:54'),(2016,11,NULL,'191.253.113.125','Google Chrome','windows','2022-01-21 11:07:39'),(2017,11,NULL,'191.253.113.125','Google Chrome','windows','2022-01-21 12:52:21'),(2018,11,NULL,'138.204.62.142','Google Chrome','windows','2022-01-21 17:07:38'),(2019,1,NULL,'191.240.216.111','Google Chrome','windows','2022-01-21 19:01:31'),(2020,11,NULL,'138.204.62.142','Google Chrome','windows','2022-01-21 19:38:43'),(2021,11,NULL,'187.85.172.245','Google Chrome','windows','2022-01-24 11:11:23'),(2022,11,NULL,'187.85.172.245','Google Chrome','windows','2022-01-24 11:44:18'),(2023,11,NULL,'187.85.172.245','Google Chrome','windows','2022-01-24 17:00:27'),(2024,1,NULL,'177.101.100.47','Google Chrome','windows','2022-01-24 18:18:03'),(2025,1,NULL,'187.85.190.143','Google Chrome','windows','2022-01-24 19:11:48'),(2026,11,NULL,'191.253.113.201','Google Chrome','windows','2022-01-25 11:09:31'),(2027,11,NULL,'191.253.113.201','Google Chrome','windows','2022-01-25 12:30:22'),(2028,1,NULL,'191.253.113.201','Google Chrome','windows','2022-01-25 12:41:19'),(2029,11,NULL,'191.253.113.201','Google Chrome','windows','2022-01-25 16:55:07'),(2030,11,NULL,'191.253.113.201','Google Chrome','windows','2022-01-25 20:05:17'),(2031,1,NULL,'191.253.113.201','Google Chrome','windows','2022-01-25 20:34:04'),(2032,11,NULL,'138.204.60.92','Google Chrome','windows','2022-01-26 11:03:54'),(2033,11,NULL,'138.204.60.92','Google Chrome','windows','2022-01-26 12:17:23'),(2034,1,NULL,'138.204.60.92','Google Chrome','windows','2022-01-26 13:47:56'),(2035,11,NULL,'138.204.60.92','Google Chrome','windows','2022-01-26 17:21:41'),(2036,1,NULL,'138.204.60.92','Google Chrome','windows','2022-01-26 18:42:59'),(2037,11,NULL,'138.204.60.92','Google Chrome','windows','2022-01-26 20:07:08'),(2038,1,NULL,'191.240.216.111','Google Chrome','windows','2022-01-26 21:33:48'),(2039,1,NULL,'191.240.216.111','Google Chrome','windows','2022-01-27 01:12:29'),(2040,11,NULL,'177.104.7.53','Google Chrome','windows','2022-01-27 11:45:01'),(2041,0,NULL,'177.104.7.53','Google Chrome','windows','2022-01-27 12:41:07'),(2042,1,NULL,'177.104.7.53','Google Chrome','windows','2022-01-27 13:49:31'),(2043,11,NULL,'177.104.7.53','Google Chrome','windows','2022-01-27 13:58:07'),(2044,11,NULL,'177.104.7.53','Google Chrome','windows','2022-01-27 16:50:11'),(2045,0,NULL,'177.104.7.53','Google Chrome','windows','2022-01-27 16:53:21'),(2046,11,NULL,'177.104.7.53','Google Chrome','windows','2022-01-27 16:53:44'),(2047,5,NULL,'177.104.7.53','Google Chrome','windows','2022-01-27 20:40:40'),(2048,11,NULL,'177.130.234.1','Google Chrome','windows','2022-01-27 22:35:15'),(2049,1,NULL,'187.85.172.34','Google Chrome','windows','2022-01-28 11:38:57'),(2050,11,NULL,'177.130.234.1','Google Chrome','windows','2022-01-28 12:29:45'),(2051,11,NULL,'177.130.234.1','Google Chrome','windows','2022-01-28 16:22:28'),(2052,11,NULL,'177.130.234.1','Google Chrome','windows','2022-01-28 17:40:33'),(2053,11,NULL,'179.190.126.109','Google Chrome','windows','2022-01-31 17:22:39'),(2054,1,NULL,'138.118.151.213','Google Chrome','windows','2022-01-31 17:26:05'),(2055,0,NULL,'179.190.126.109','Google Chrome','windows','2022-01-31 18:00:24'),(2056,11,NULL,'179.190.126.109','Google Chrome','windows','2022-01-31 18:00:32'),(2057,1,NULL,'138.118.151.213','Google Chrome','windows','2022-01-31 18:11:18'),(2058,11,NULL,'179.190.126.109','Google Chrome','windows','2022-02-01 12:24:50'),(2059,1,NULL,'187.85.173.35','Google Chrome','windows','2022-02-01 17:54:16'),(2060,1,NULL,'187.85.173.35','Google Chrome','windows','2022-02-01 17:54:37'),(2061,1,NULL,'187.85.173.35','Google Chrome','windows','2022-02-01 18:45:05'),(2062,0,'airanpossamai@gmail.com','187.85.173.35','Google Chrome','windows','2022-02-01 19:58:19'),(2063,1,NULL,'187.85.173.35','Google Chrome','windows','2022-02-01 19:58:33'),(2064,1,NULL,'187.85.173.35','Google Chrome','windows','2022-02-01 20:22:03'),(2065,11,NULL,'187.85.173.160','Google Chrome','windows','2022-02-02 11:12:30'),(2066,1,NULL,'187.85.173.160','Google Chrome','windows','2022-02-02 13:19:47'),(2067,11,NULL,'187.85.173.160','Google Chrome','windows','2022-02-02 14:04:19'),(2068,11,NULL,'187.85.173.160','Google Chrome','windows','2022-02-02 14:45:12'),(2069,11,NULL,'187.85.173.160','Google Chrome','windows','2022-02-02 16:40:42'),(2070,0,'airanpossamai@ambisis.com.br','187.85.173.160','Google Chrome','windows','2022-02-02 17:12:11'),(2071,1,NULL,'187.85.173.160','Google Chrome','windows','2022-02-02 17:12:27'),(2072,12,NULL,'187.85.173.160','Google Chrome','windows','2022-02-02 17:16:16'),(2073,12,NULL,'187.85.173.160','Google Chrome','windows','2022-02-02 19:35:44'),(2074,1,NULL,'187.85.173.160','Google Chrome','windows','2022-02-02 19:57:46'),(2075,11,NULL,'177.104.3.96','Google Chrome','windows','2022-02-03 11:09:12'),(2076,12,NULL,'177.104.3.96','Google Chrome','windows','2022-02-03 12:05:25'),(2077,12,NULL,'177.104.3.96','Google Chrome','windows','2022-02-03 12:19:59'),(2078,1,NULL,'177.104.3.96','Google Chrome','windows','2022-02-03 12:34:53'),(2079,1,NULL,'177.104.3.96','Mozilla Firefox','windows','2022-02-03 12:46:04'),(2080,1,NULL,'177.104.3.96','Mozilla Firefox','windows','2022-02-03 12:46:36'),(2081,11,NULL,'177.104.3.96','Google Chrome','windows','2022-02-03 13:37:23'),(2082,1,NULL,'177.104.3.96','Google Chrome','windows','2022-02-03 14:58:42'),(2083,12,NULL,'177.104.3.96','Google Chrome','windows','2022-02-03 15:28:31'),(2084,12,NULL,'177.104.3.96','Google Chrome','windows','2022-02-03 16:33:01'),(2085,12,NULL,'177.104.3.96','Google Chrome','windows','2022-02-03 17:16:31'),(2086,11,NULL,'179.190.126.109','Google Chrome','windows','2022-02-03 18:57:29'),(2087,11,NULL,'179.190.126.109','Google Chrome','windows','2022-02-04 11:22:41'),(2088,1,NULL,'187.85.173.65','Google Chrome','windows','2022-02-04 11:35:39'),(2089,12,NULL,'187.85.173.65','Google Chrome','windows','2022-02-04 11:37:17'),(2090,0,NULL,'187.85.173.65','Google Chrome','windows','2022-02-04 12:01:40'),(2091,12,NULL,'187.85.173.65','Google Chrome','windows','2022-02-04 12:01:49'),(2092,1,NULL,'187.85.173.65','Google Chrome','windows','2022-02-04 12:14:21'),(2093,1,NULL,'187.85.173.65','Google Chrome','windows','2022-02-04 12:38:05'),(2094,0,NULL,'187.85.173.65','Google Chrome','windows','2022-02-04 12:39:50'),(2095,12,NULL,'187.85.173.65','Google Chrome','windows','2022-02-04 12:40:06'),(2096,1,NULL,'187.85.173.65','Google Chrome','windows','2022-02-04 13:37:49'),(2097,11,NULL,'187.85.173.65','Google Chrome','windows','2022-02-04 16:28:42'),(2098,12,NULL,'187.85.173.65','Google Chrome','windows','2022-02-04 17:13:17'),(2099,1,NULL,'187.85.173.65','Google Chrome','windows','2022-02-04 18:20:01'),(2100,0,NULL,'187.85.173.65','Google Chrome','windows','2022-02-04 18:59:23'),(2101,1,NULL,'187.85.173.65','Google Chrome','windows','2022-02-04 18:59:35'),(2102,0,NULL,'187.85.173.65','Google Chrome','windows','2022-02-04 19:54:16'),(2103,12,NULL,'187.85.173.65','Google Chrome','windows','2022-02-04 19:54:24'),(2104,0,NULL,'170.82.241.226','Google Chrome','windows','2022-02-07 11:05:23'),(2105,1,NULL,'170.82.241.226','Google Chrome','windows','2022-02-07 11:05:34'),(2106,12,NULL,'170.82.241.226','Google Chrome','windows','2022-02-07 11:20:17'),(2107,0,NULL,'170.82.241.226','Google Chrome','windows','2022-02-07 11:24:21'),(2108,12,NULL,'170.82.241.226','Google Chrome','windows','2022-02-07 11:24:48'),(2109,11,NULL,'170.82.241.226','Google Chrome','windows','2022-02-07 11:31:54'),(2110,0,NULL,'170.82.241.226','Google Chrome','windows','2022-02-07 14:27:09'),(2111,11,NULL,'170.82.241.226','Google Chrome','windows','2022-02-07 14:27:20'),(2112,11,NULL,'170.82.241.226','Google Chrome','windows','2022-02-07 14:43:49'),(2113,0,NULL,'170.82.241.226','Google Chrome','windows','2022-02-07 16:57:41'),(2114,12,NULL,'170.82.241.226','Google Chrome','windows','2022-02-07 16:57:48'),(2115,0,NULL,'170.82.241.226','Google Chrome','windows','2022-02-07 17:21:57'),(2116,12,NULL,'170.82.241.226','Google Chrome','windows','2022-02-07 17:22:05'),(2117,0,NULL,'177.101.106.74','Google Chrome','windows','2022-02-08 11:13:29'),(2118,12,NULL,'177.101.106.74','Google Chrome','windows','2022-02-08 11:25:09'),(2119,11,NULL,'177.101.106.74','Google Chrome','windows','2022-02-08 11:28:43'),(2120,0,NULL,'177.101.106.74','Google Chrome','windows','2022-02-08 13:34:12'),(2121,12,NULL,'177.101.106.74','Google Chrome','windows','2022-02-08 15:34:00'),(2122,0,NULL,'177.101.106.74','Google Chrome','windows','2022-02-08 15:42:29'),(2123,12,NULL,'177.101.106.74','Google Chrome','windows','2022-02-08 15:42:37'),(2124,12,NULL,'177.101.106.74','Google Chrome','windows','2022-02-08 16:11:43'),(2125,13,NULL,'177.101.106.74','Google Chrome','windows','2022-02-08 16:31:22'),(2126,12,NULL,'177.101.106.74','Google Chrome','windows','2022-02-08 17:05:22'),(2127,0,NULL,'177.101.106.74','Google Chrome','windows','2022-02-08 17:07:47'),(2128,1,NULL,'177.101.106.74','Google Chrome','windows','2022-02-08 17:07:56'),(2129,0,NULL,'177.101.106.74','Google Chrome','windows','2022-02-08 18:08:43'),(2130,12,NULL,'177.101.106.74','Google Chrome','windows','2022-02-08 18:08:49'),(2131,1,NULL,'177.101.106.74','Google Chrome','windows','2022-02-08 18:09:29'),(2132,0,NULL,'177.101.106.74','Google Chrome','windows','2022-02-08 18:09:53'),(2133,1,NULL,'177.101.106.74','Google Chrome','windows','2022-02-08 18:10:44'),(2134,12,NULL,'177.101.106.74','Google Chrome','windows','2022-02-08 18:11:05'),(2135,0,NULL,'177.101.106.74','Google Chrome','windows','2022-02-08 18:11:22'),(2136,12,NULL,'177.101.106.74','Google Chrome','windows','2022-02-08 18:11:27'),(2137,0,'cunha@ambisis.com.br','177.101.106.74','Google Chrome','windows','2022-02-08 18:12:38'),(2138,11,NULL,'177.101.106.74','Google Chrome','windows','2022-02-08 18:39:02'),(2139,1,NULL,'177.101.106.74','Google Chrome','windows','2022-02-08 19:05:03'),(2140,12,NULL,'177.101.106.74','Google Chrome','windows','2022-02-08 19:11:54'),(2141,12,NULL,'177.101.106.74','Google Chrome','windows','2022-02-08 19:12:19'),(2142,0,NULL,'177.101.106.74','Google Chrome','windows','2022-02-08 19:13:36'),(2143,1,NULL,'177.101.106.74','Google Chrome','windows','2022-02-08 19:13:46'),(2144,1,NULL,'177.101.106.74','Google Chrome','windows','2022-02-08 19:30:13'),(2145,1,NULL,'177.101.106.74','Google Chrome','windows','2022-02-08 19:30:24'),(2146,1,NULL,'177.101.106.74','Mozilla Firefox','windows','2022-02-08 19:31:02'),(2147,1,NULL,'177.101.106.74','Google Chrome','windows','2022-02-08 19:36:29'),(2148,12,NULL,'177.101.106.74','Google Chrome','windows','2022-02-08 19:38:00'),(2149,1,NULL,'177.101.106.74','Google Chrome','windows','2022-02-08 20:32:07'),(2150,1,NULL,'191.245.67.92','Apple Safari','mac','2022-02-08 20:38:33'),(2151,1,NULL,'191.245.67.92','Apple Safari','mac','2022-02-08 20:53:54'),(2152,1,NULL,'191.240.216.177','Apple Safari','mac','2022-02-08 21:10:58'),(2153,1,NULL,'191.240.216.177','Apple Safari','mac','2022-02-08 21:12:11'),(2154,1,NULL,'191.245.86.66','Google Chrome','linux','2022-02-08 21:18:55'),(2155,1,NULL,'191.240.216.177','Google Chrome','windows','2022-02-08 21:19:46'),(2156,1,NULL,'191.240.216.177','Google Chrome','windows','2022-02-08 21:20:54'),(2157,1,NULL,'191.240.216.177','Google Chrome','windows','2022-02-08 21:28:46'),(2158,0,NULL,'177.101.106.74','Google Chrome','windows','2022-02-09 11:08:52'),(2159,11,NULL,'177.101.106.74','Google Chrome','windows','2022-02-09 11:09:11'),(2160,12,NULL,'177.101.106.74','Google Chrome','windows','2022-02-09 12:19:58'),(2161,1,NULL,'177.101.106.74','Google Chrome','windows','2022-02-09 12:21:56'),(2162,1,NULL,'177.101.106.74','Google Chrome','linux','2022-02-09 12:22:25'),(2163,12,NULL,'177.101.106.74','Google Chrome','windows','2022-02-09 12:23:26'),(2164,0,'cunha@ambisis.com.br','177.101.106.74','Google Chrome','windows','2022-02-09 12:23:52'),(2165,12,NULL,'177.101.106.74','Google Chrome','windows','2022-02-09 12:25:13'),(2166,0,'cunha@ambisis.com.br','177.101.106.74','Google Chrome','windows','2022-02-09 12:26:05'),(2167,12,NULL,'177.101.106.74','Google Chrome','linux','2022-02-09 12:30:55'),(2168,1,NULL,'177.101.106.74','Google Chrome','windows','2022-02-09 12:33:08'),(2169,1,NULL,'177.101.106.74','Google Chrome','windows','2022-02-09 12:36:00'),(2170,12,NULL,'177.101.106.74','Google Chrome','windows','2022-02-09 12:36:28'),(2171,14,NULL,'177.101.106.74','Apple Safari','mac','2022-02-09 12:40:50'),(2172,14,NULL,'177.101.106.74','Apple Safari','mac','2022-02-09 12:41:02'),(2173,12,NULL,'177.101.106.74','Google Chrome','windows','2022-02-09 12:42:57'),(2174,1,NULL,'177.101.106.74','Google Chrome','windows','2022-02-09 13:38:51'),(2175,1,NULL,'177.101.106.74','Google Chrome','windows','2022-02-09 13:46:41'),(2176,0,'airan@ambisis.com.br','177.101.106.74','Google Chrome','windows','2022-02-09 14:01:41'),(2177,0,'airan@ambisis.com.br','177.101.106.74','Google Chrome','windows','2022-02-09 14:01:51'),(2178,0,'airan@ambisis.com.br','177.101.106.74','Google Chrome','windows','2022-02-09 14:02:03'),(2179,0,'airanpossamai@gmail.com','177.101.106.74','Google Chrome','windows','2022-02-09 14:02:20'),(2180,12,NULL,'177.101.106.74','Google Chrome','windows','2022-02-09 14:02:36'),(2181,1,NULL,'177.101.106.74','Google Chrome','windows','2022-02-09 14:02:36'),(2182,1,NULL,'177.101.106.74','Google Chrome','windows','2022-02-09 14:03:07'),(2183,1,NULL,'177.101.106.74','Google Chrome','windows','2022-02-09 16:51:54'),(2184,13,NULL,'177.101.106.74','Google Chrome','windows','2022-02-09 17:56:08'),(2185,11,NULL,'177.101.106.74','Google Chrome','windows','2022-02-09 19:04:56'),(2186,11,NULL,'177.101.110.237','Google Chrome','windows','2022-02-10 11:18:57'),(2187,12,NULL,'177.101.110.237','Google Chrome','windows','2022-02-10 11:23:22'),(2188,12,NULL,'177.101.110.237','Google Chrome','windows','2022-02-10 11:25:28'),(2189,12,NULL,'177.101.110.237','Google Chrome','windows','2022-02-10 11:26:28'),(2190,13,NULL,'177.101.110.237','Google Chrome','windows','2022-02-10 13:21:06'),(2191,1,NULL,'177.101.110.237','Google Chrome','windows','2022-02-10 13:31:22'),(2192,0,NULL,'177.101.110.237','Google Chrome','windows','2022-02-10 13:38:03'),(2193,1,NULL,'177.101.110.237','Google Chrome','windows','2022-02-10 13:40:26'),(2194,1,NULL,'177.101.110.237','Google Chrome','windows','2022-02-10 14:29:51'),(2195,12,NULL,'177.101.110.237','Google Chrome','windows','2022-02-10 14:44:47'),(2196,12,NULL,'177.101.110.237','Google Chrome','windows','2022-02-10 14:45:23'),(2197,12,NULL,'177.101.110.237','Google Chrome','windows','2022-02-10 14:52:53'),(2198,1,NULL,'177.101.110.237','Google Chrome','windows','2022-02-10 14:53:27'),(2199,14,NULL,'177.101.110.237','Apple Safari','mac','2022-02-10 14:54:02'),(2200,0,'airanpossamai@gmail.com','177.101.110.237','Google Chrome','windows','2022-02-10 14:56:59'),(2201,12,NULL,'177.101.110.237','Google Chrome','linux','2022-02-10 14:57:43'),(2202,11,NULL,'177.101.110.237','Google Chrome','windows','2022-02-10 17:00:59'),(2203,14,NULL,'177.101.110.237','Apple Safari','mac','2022-02-10 18:53:09'),(2204,14,NULL,'177.101.110.237','Apple Safari','mac','2022-02-10 18:53:58'),(2205,12,NULL,'177.101.110.237','Apple Safari','mac','2022-02-10 18:55:44'),(2206,1,NULL,'177.130.233.197','Google Chrome','windows','2022-02-10 19:11:58'),(2207,1,NULL,'177.130.233.197','Apple Safari','mac','2022-02-10 19:17:33'),(2208,1,NULL,'177.130.233.197','Google Chrome','windows','2022-02-10 19:40:25'),(2209,1,NULL,'177.130.233.197','Google Chrome','linux','2022-02-11 03:30:17'),(2210,11,NULL,'177.104.6.54','Google Chrome','windows','2022-02-11 11:13:36'),(2211,12,NULL,'177.104.6.54','Google Chrome','windows','2022-02-11 11:15:13'),(2212,13,NULL,'177.104.6.54','Google Chrome','windows','2022-02-11 17:48:29'),(2213,1,NULL,'177.104.6.54','Google Chrome','windows','2022-02-11 19:43:29'),(2214,1,NULL,'177.130.233.197','Google Chrome','windows','2022-02-14 11:30:19'),(2215,12,NULL,'177.104.2.144','Google Chrome','windows','2022-02-14 11:34:17'),(2216,11,NULL,'177.104.2.144','Google Chrome','windows','2022-02-14 11:37:44'),(2217,12,NULL,'177.104.2.144','Google Chrome','windows','2022-02-14 20:07:16'),(2218,12,NULL,'177.104.2.144','Google Chrome','windows','2022-02-14 20:07:57'),(2219,11,NULL,'191.253.118.147','Google Chrome','windows','2022-02-15 12:21:34'),(2220,12,NULL,'191.253.118.147','Google Chrome','windows','2022-02-15 16:50:11'),(2221,1,NULL,'177.130.233.197','Google Chrome','windows','2022-02-15 17:08:17'),(2222,1,NULL,'177.130.233.197','Google Chrome','windows','2022-02-15 17:31:46'),(2223,12,NULL,'191.253.118.147','Google Chrome','windows','2022-02-15 17:49:58'),(2224,1,NULL,'177.130.233.197','Google Chrome','windows','2022-02-15 18:03:44'),(2225,11,NULL,'191.253.118.147','Google Chrome','windows','2022-02-16 11:42:55'),(2226,1,NULL,'177.130.233.197','Google Chrome','windows','2022-02-16 13:17:49'),(2227,1,NULL,'177.130.233.197','Google Chrome','windows','2022-02-16 17:32:29'),(2228,1,NULL,'177.130.233.197','Google Chrome','windows','2022-02-16 19:36:36'),(2229,1,NULL,'177.130.233.197','Google Chrome','windows','2022-02-16 20:05:37'),(2230,1,NULL,'177.130.233.197','Google Chrome','windows','2022-02-16 20:10:06'),(2231,1,NULL,'177.130.233.197','Google Chrome','windows','2022-02-16 20:14:48'),(2232,1,NULL,'177.130.233.197','Google Chrome','windows','2022-02-16 20:19:35'),(2233,11,NULL,'138.36.204.38','Google Chrome','windows','2022-02-17 11:10:22'),(2234,1,NULL,'177.130.233.197','Google Chrome','windows','2022-02-17 12:21:48'),(2235,11,NULL,'138.36.204.38','Google Chrome','windows','2022-02-18 11:10:44'),(2236,1,NULL,'177.130.233.197','Google Chrome','windows','2022-02-18 13:26:13'),(2237,11,NULL,'191.253.107.15','Google Chrome','windows','2022-02-21 11:09:43'),(2238,12,NULL,'191.253.107.15','Google Chrome','windows','2022-02-21 16:44:14'),(2239,12,NULL,'191.253.107.15','Google Chrome','windows','2022-02-21 16:53:27'),(2240,11,NULL,'170.82.241.125','Google Chrome','windows','2022-02-22 11:30:07'),(2241,12,NULL,'191.253.109.189','Google Chrome','windows','2022-02-22 13:19:15'),(2242,0,'nathan.piran@ambisis.com.br','191.253.109.189','Google Chrome','windows','2022-02-22 13:20:33'),(2243,14,NULL,'191.253.109.189','Google Chrome','windows','2022-02-22 13:22:39'),(2244,12,NULL,'170.82.240.158','Google Chrome','windows','2022-02-22 17:43:08'),(2245,12,NULL,'170.82.240.158','Google Chrome','windows','2022-02-22 18:44:32'),(2246,1,NULL,'170.82.240.158','Google Chrome','windows','2022-02-22 19:23:24'),(2247,12,NULL,'170.82.240.158','Google Chrome','windows','2022-02-22 19:23:34'),(2248,0,NULL,'170.82.240.158','Google Chrome','windows','2022-02-22 19:37:05'),(2249,1,NULL,'191.253.104.121','Google Chrome','windows','2022-02-22 20:28:51'),(2250,11,NULL,'191.253.111.6','Google Chrome','windows','2022-02-23 11:14:05'),(2251,1,NULL,'191.253.111.6','Google Chrome','windows','2022-02-23 12:51:24'),(2252,1,NULL,'191.253.111.6','Google Chrome','windows','2022-02-23 19:46:30'),(2253,11,NULL,'177.200.194.138','Google Chrome','windows','2022-02-24 11:33:15'),(2254,1,NULL,'177.104.7.120','Google Chrome','windows','2022-02-24 11:45:07'),(2255,12,NULL,'177.104.7.120','Google Chrome','windows','2022-02-24 12:38:33'),(2256,12,NULL,'177.104.7.120','Google Chrome','windows','2022-02-24 12:59:13'),(2257,12,NULL,'177.104.7.120','Google Chrome','windows','2022-02-24 13:53:52'),(2258,12,NULL,'177.104.7.120','Google Chrome','windows','2022-02-24 14:51:46'),(2259,12,NULL,'177.104.7.120','Google Chrome','windows','2022-02-24 16:36:12'),(2260,12,NULL,'177.104.7.120','Google Chrome','windows','2022-02-24 16:37:29'),(2261,14,NULL,'177.104.7.120','Google Chrome','windows','2022-02-24 16:49:03'),(2262,12,NULL,'177.104.7.120','Google Chrome','windows','2022-02-24 18:57:28'),(2263,1,NULL,'45.230.18.147','Google Chrome','windows','2022-02-25 11:35:22'),(2264,1,NULL,'45.230.18.147','Google Chrome','windows','2022-02-25 12:31:31'),(2265,1,NULL,'45.230.18.147','Google Chrome','windows','2022-02-25 13:42:00'),(2266,1,NULL,'45.230.18.147','Google Chrome','windows','2022-02-25 14:55:59'),(2267,0,NULL,'170.82.176.176','Google Chrome','windows','2022-02-25 17:37:45'),(2268,0,NULL,'170.82.176.176','Google Chrome','windows','2022-02-25 17:40:05'),(2269,11,NULL,'170.82.176.176','Google Chrome','windows','2022-02-25 17:42:13'),(2270,12,NULL,'170.82.176.176','Google Chrome','windows','2022-02-25 17:55:39'),(2271,12,NULL,'170.82.176.176','Google Chrome','windows','2022-02-25 18:19:45'),(2272,12,NULL,'170.82.176.176','Google Chrome','windows','2022-02-25 18:45:56'),(2273,12,NULL,'170.82.176.176','Google Chrome','windows','2022-02-25 19:17:24'),(2274,1,NULL,'45.230.18.147','Google Chrome','windows','2022-02-25 19:27:52'),(2275,12,NULL,'170.82.176.176','Google Chrome','windows','2022-02-25 19:51:35'),(2276,12,NULL,'170.82.176.176','Google Chrome','windows','2022-02-25 19:58:05'),(2277,12,NULL,'177.104.0.132','Google Chrome','windows','2022-03-02 11:37:09'),(2278,0,NULL,'177.104.0.132','Google Chrome','windows','2022-03-02 11:49:08'),(2279,12,NULL,'177.104.0.132','Google Chrome','windows','2022-03-02 12:07:41'),(2280,11,NULL,'177.104.0.132','Google Chrome','windows','2022-03-02 12:24:07'),(2281,12,NULL,'177.104.0.132','Google Chrome','windows','2022-03-02 12:46:30'),(2282,12,NULL,'177.104.0.132','Google Chrome','windows','2022-03-02 13:52:26'),(2283,12,NULL,'177.104.0.132','Google Chrome','windows','2022-03-02 13:55:25'),(2284,12,NULL,'177.104.0.132','Google Chrome','windows','2022-03-02 13:55:43'),(2285,0,NULL,'177.104.0.132','Google Chrome','windows','2022-03-02 14:10:36'),(2286,12,NULL,'177.104.0.132','Google Chrome','windows','2022-03-02 14:15:28'),(2287,12,NULL,'177.104.0.132','Google Chrome','windows','2022-03-02 16:04:56'),(2288,12,NULL,'177.104.0.132','Google Chrome','windows','2022-03-02 17:07:37'),(2289,1,NULL,'177.104.0.132','Google Chrome','windows','2022-03-02 17:19:18'),(2290,12,NULL,'177.104.0.132','Google Chrome','windows','2022-03-02 18:11:24'),(2291,12,NULL,'177.104.0.132','Google Chrome','windows','2022-03-02 18:25:30'),(2292,1,NULL,'177.104.0.132','Google Chrome','windows','2022-03-02 19:08:30'),(2293,12,NULL,'177.104.0.132','Google Chrome','windows','2022-03-02 19:23:28'),(2294,12,NULL,'177.125.239.206','Google Chrome','windows','2022-03-03 12:46:39'),(2295,12,NULL,'177.125.239.206','Google Chrome','windows','2022-03-03 13:05:27'),(2296,12,NULL,'177.125.239.206','Google Chrome','windows','2022-03-03 18:03:06'),(2297,12,NULL,'177.125.239.206','Google Chrome','windows','2022-03-03 18:55:10'),(2298,12,NULL,'177.125.239.206','Google Chrome','windows','2022-03-03 22:06:26'),(2299,12,NULL,'177.104.6.188','Google Chrome','windows','2022-03-04 12:53:19'),(2300,12,NULL,'177.104.6.188','Google Chrome','windows','2022-03-04 14:25:26'),(2301,12,NULL,'177.104.6.188','Google Chrome','windows','2022-03-04 14:35:19');
/*!40000 ALTER TABLE `auth_log` ENABLE KEYS */;
UNLOCK TABLES;

--
-- Table structure for table `auth_permissao`
--

DROP TABLE IF EXISTS `auth_permissao`;
/*!40101 SET @saved_cs_client     = @@character_set_client */;
/*!40101 SET character_set_client = utf8 */;
CREATE TABLE `auth_permissao` (
  `id` int(10) unsigned NOT NULL AUTO_INCREMENT,
  `permissaoNome` varchar(45) NOT NULL,
  `auth_recursoId` int(10) unsigned NOT NULL,
  PRIMARY KEY (`id`)
) ENGINE=InnoDB AUTO_INCREMENT=34 DEFAULT CHARSET=latin1;
/*!40101 SET character_set_client = @saved_cs_client */;

--
-- Dumping data for table `auth_permissao`
--

LOCK TABLES `auth_permissao` WRITE;
/*!40000 ALTER TABLE `auth_permissao` DISABLE KEYS */;
INSERT INTO `auth_permissao` VALUES (1,'crud',1),(2,'crud',2),(3,'crud',3),(4,'crud',4),(5,'crud',5),(6,'crud',6),(7,'crud',7),(8,'crud',8),(9,'crud',9),(10,'crud',10),(11,'crud',11),(12,'crud',12),(13,'crud',13),(14,'crud',14),(15,'crud',15),(16,'crud',16),(17,'crud',17),(18,'crud',18),(19,'crud',19),(20,'crud',20),(21,'crud',21),(22,'crud',22),(23,'crud',23),(24,'crud',24),(25,'crud',25),(26,'crud',26),(27,'crud',27),(28,'crud',28),(29,'crud',29),(30,'crud',30),(31,'crud',31),(32,'crud',32),(33,'crud',33);
/*!40000 ALTER TABLE `auth_permissao` ENABLE KEYS */;
UNLOCK TABLES;

--
-- Table structure for table `auth_recurso`
--

DROP TABLE IF EXISTS `auth_recurso`;
/*!40101 SET @saved_cs_client     = @@character_set_client */;
/*!40101 SET character_set_client = utf8 */;
CREATE TABLE `auth_recurso` (
  `id` int(10) unsigned NOT NULL AUTO_INCREMENT,
  `recursoNome` varchar(50) NOT NULL,
  `nomeExibicao` varchar(100) DEFAULT NULL,
  `tabelaReferencia` varchar(45) DEFAULT NULL,
  `tabelaColunaIdentificador` varchar(45) DEFAULT NULL,
  `ehAtribuidoUsuario` int(1) unsigned NOT NULL DEFAULT '0',
  `ehAtribuidoProjetoQuadroColunaItem` int(1) NOT NULL DEFAULT '0',
  PRIMARY KEY (`id`)
) ENGINE=InnoDB AUTO_INCREMENT=34 DEFAULT CHARSET=latin1;
/*!40101 SET character_set_client = @saved_cs_client */;

--
-- Dumping data for table `auth_recurso`
--

LOCK TABLES `auth_recurso` WRITE;
/*!40000 ALTER TABLE `auth_recurso` DISABLE KEYS */;
INSERT INTO `auth_recurso` VALUES (1,'Application/Controller/Index','Início',NULL,NULL,0,0),(2,'Application/Controller/Cliente','Empresas','Cliente','razaoSocial',1,1),(3,'Application/Controller/Licenca','Licenças','Licenca','numero',1,1),(4,'Application/Controller/Protocolo','Protocolos','Protocolo','numero',1,1),(5,'Application/Controller/Orcamento','Orçamentos','Orcamento','numero/id',1,1),(6,'Application/Controller/Cr','CRs','Cr','numeroRegistro',1,1),(7,'Application/Controller/Mtr','Gestão de resíduos','Mtr','numero/id',1,1),(8,'Application/Controller/Dmr','DMRs',NULL,NULL,0,0),(9,'Application/Controller/Novidades','Novidades',NULL,NULL,0,0),(10,'Application/Controller/Contrato','Contrato padrão',NULL,NULL,0,0),(11,'Application/Controller/Configuracao','Configuração',NULL,NULL,0,0),(12,'Application/Controller/File','File',NULL,NULL,0,0),(13,'Application/Controller/Usuario','Usuários',NULL,NULL,0,0),(14,'Application/Controller/Vistoria','Vistorias','Vistoria','id',1,1),(15,'Application/Controller/Empreendimento','Empreendimentos','Empreendimento','razaoSocial',1,1),(16,'Application/Controller/Oficio','Ofícios','Oficio','numero/id',1,1),(17,'Application/Controller/Residuo','Resíduos',NULL,NULL,0,0),(18,'Application/Controller/Motorista','Motoristas',NULL,NULL,0,0),(19,'Application/Controller/MtrCdf','Certificados destinação final',NULL,NULL,0,0),(20,'Application/Controller/VistoriaItem','Controles',NULL,NULL,0,0),(21,'Application/Controller/ManejoFlorestal','Manejo florestal','ManejoFlorestal','id',0,1),(22,'Application/Controller/LicencaFase','Fases',NULL,NULL,0,0),(23,'Application/Controller/IntegracaoOrgao','Integração Órgãos',NULL,NULL,0,0),(24,'Application/Controller/Atualizacao','Atualização',NULL,NULL,0,0),(25,'Application/Controller/Calendario',NULL,NULL,NULL,0,0),(26,'Application/Controller/VistoriaChecklist','Checklists',NULL,NULL,0,0),(27,'Application/Controller/GestaoProjeto','Gestão de projetos','Projeto','nome',1,0),(28,'Application/Controller/GestaoProjetoQuadro','Quadro',NULL,NULL,0,0),(29,'Application/Controller/Condicionante','Condicionantes',NULL,NULL,0,0),(30,'Application/Controller/PedidoLicenca','Pedidos de licença','PedidoLicenca','id',1,1),(31,'Application/Controller/PedidoLicencaChecklist','Checklists',NULL,NULL,0,0),(32,'Application/Controller/PedidoLicencaDocumento','Documentos',NULL,NULL,0,0),(33,'Application/Controller/Relatorio','Relatórios',NULL,NULL,1,0);
/*!40000 ALTER TABLE `auth_recurso` ENABLE KEYS */;
UNLOCK TABLES;

--
-- Table structure for table `auth_usuario`
--

DROP TABLE IF EXISTS `auth_usuario`;
/*!40101 SET @saved_cs_client     = @@character_set_client */;
/*!40101 SET character_set_client = utf8 */;
CREATE TABLE `auth_usuario` (
  `id` int(10) unsigned NOT NULL AUTO_INCREMENT,
  `nome` varchar(80) DEFAULT NULL,
  `email` varchar(100) NOT NULL,
  `senha` varchar(100) NOT NULL,
  `status` enum('1','0') NOT NULL DEFAULT '1',
  `qualificacaoProfissional` varchar(80) DEFAULT NULL,
  `numRegistroConselho` varchar(45) DEFAULT NULL,
  `alertas` enum('1','0') NOT NULL DEFAULT '0',
  `criacaoData` timestamp NOT NULL DEFAULT '0000-00-00 00:00:00',
  `modificacaoData` timestamp NOT NULL DEFAULT CURRENT_TIMESTAMP ON UPDATE CURRENT_TIMESTAMP,
  `modificacaoUsuario` int(10) unsigned DEFAULT NULL,
  `tipoAcesso` tinyint(4) DEFAULT '2',
  PRIMARY KEY (`id`)
) ENGINE=InnoDB AUTO_INCREMENT=16 DEFAULT CHARSET=utf8;
/*!40101 SET character_set_client = @saved_cs_client */;

--
-- Dumping data for table `auth_usuario`
--

LOCK TABLES `auth_usuario` WRITE;
/*!40000 ALTER TABLE `auth_usuario` DISABLE KEYS */;
INSERT INTO `auth_usuario` VALUES (1,'Airan Arinê Possamai','airanpossamai@gmail.com','81dc9bdb52d04dc20036dbd8313ed055','1','Engenheiro de Software','123','1','0000-00-00 00:00:00','2021-06-08 12:22:31',5,2),(4,'Airan Ambisis Possamai','airan@ambisis.com.br','81dc9bdb52d04dc20036dbd8313ed055','1','','','','0000-00-00 00:00:00','2021-06-08 13:39:08',5,2),(5,'Julia Pruss Duarte','julia@ambisis.com.br','81dc9bdb52d04dc20036dbd8313ed055','1','','','1','0000-00-00 00:00:00','2020-09-01 18:23:59',1,2),(8,'Willian','airan.possamai@edu.sc.senai.br','81dc9bdb52d04dc20036dbd8313ed055','0','','','','0000-00-00 00:00:00','2022-02-24 19:48:38',1,2),(9,'Marcos','marcos@ambisis.com.br','81dc9bdb52d04dc20036dbd8313ed055','0','','','','0000-00-00 00:00:00','2022-02-24 19:48:39',1,2),(10,'Vanessa','vanessa@ambisis.com.br','81dc9bdb52d04dc20036dbd8313ed055','','','','1','0000-00-00 00:00:00','2021-11-11 13:22:10',1,2),(11,'Caroline Lazzari','caroline.lazzari@ambisis.com.br','81dc9bdb52d04dc20036dbd8313ed055','1','','','1','0000-00-00 00:00:00','2021-11-23 17:46:32',1,2),(12,'Gabriel Cunha','cunha@ambisis.com.br','81dc9bdb52d04dc20036dbd8313ed055','1','','','1','0000-00-00 00:00:00','2022-02-09 12:38:55',12,2),(13,'Bianca','bianca.noering@ambisis.com.br','81dc9bdb52d04dc20036dbd8313ed055','1','Marketing','','1','0000-00-00 00:00:00','2022-02-08 15:43:16',12,2),(14,'Nathan','nathan.piran@ambisis.com.br','81dc9bdb52d04dc20036dbd8313ed055','1','','','1','0000-00-00 00:00:00','2022-02-09 12:37:02',12,2),(15,'Novo Dev', @email_ambisis,'81dc9bdb52d04dc20036dbd8313ed055','1','Dev','','1','0000-00-00 00:00:00','2022-03-02 11:38:09',12,2);
/*!40000 ALTER TABLE `auth_usuario` ENABLE KEYS */;
UNLOCK TABLES;

--
-- Table structure for table `auth_usuarioempreendimento`
--

DROP TABLE IF EXISTS `auth_usuarioempreendimento`;
/*!40101 SET @saved_cs_client     = @@character_set_client */;
/*!40101 SET character_set_client = utf8 */;
CREATE TABLE `auth_usuarioempreendimento` (
  `id` int(10) NOT NULL AUTO_INCREMENT,
  `auth_usuarioId` int(10) unsigned DEFAULT NULL,
  `empreendimentoId` int(10) unsigned DEFAULT NULL,
  PRIMARY KEY (`id`),
  UNIQUE KEY `id_UNIQUE` (`id`)
) ENGINE=InnoDB DEFAULT CHARSET=latin1;
/*!40101 SET character_set_client = @saved_cs_client */;

--
-- Dumping data for table `auth_usuarioempreendimento`
--

LOCK TABLES `auth_usuarioempreendimento` WRITE;
/*!40000 ALTER TABLE `auth_usuarioempreendimento` DISABLE KEYS */;
/*!40000 ALTER TABLE `auth_usuarioempreendimento` ENABLE KEYS */;
UNLOCK TABLES;

--
-- Table structure for table `auth_usuarioempresa`
--

DROP TABLE IF EXISTS `auth_usuarioempresa`;
/*!40101 SET @saved_cs_client     = @@character_set_client */;
/*!40101 SET character_set_client = utf8 */;
CREATE TABLE `auth_usuarioempresa` (
  `id` int(10) NOT NULL AUTO_INCREMENT,
  `auth_usuarioId` int(10) unsigned DEFAULT NULL,
  `clienteId` int(10) unsigned DEFAULT NULL,
  PRIMARY KEY (`id`),
  KEY `fk_usuarioempresa_cliente_idx` (`clienteId`),
  KEY `fk_usuarioempresa_authuser_idx` (`auth_usuarioId`),
  CONSTRAINT `fk_usuarioempresa_authuser` FOREIGN KEY (`auth_usuarioId`) REFERENCES `auth_usuario` (`id`) ON DELETE CASCADE ON UPDATE CASCADE,
  CONSTRAINT `fk_usuarioempresa_cliente` FOREIGN KEY (`clienteId`) REFERENCES `cliente` (`id`) ON DELETE CASCADE ON UPDATE CASCADE
) ENGINE=InnoDB DEFAULT CHARSET=latin1;
/*!40101 SET character_set_client = @saved_cs_client */;

--
-- Dumping data for table `auth_usuarioempresa`
--

LOCK TABLES `auth_usuarioempresa` WRITE;
/*!40000 ALTER TABLE `auth_usuarioempresa` DISABLE KEYS */;
/*!40000 ALTER TABLE `auth_usuarioempresa` ENABLE KEYS */;
UNLOCK TABLES;

--
-- Table structure for table `auth_usuariofuncao`
--

DROP TABLE IF EXISTS `auth_usuariofuncao`;
/*!40101 SET @saved_cs_client     = @@character_set_client */;
/*!40101 SET character_set_client = utf8 */;
CREATE TABLE `auth_usuariofuncao` (
  `id` int(10) unsigned NOT NULL AUTO_INCREMENT,
  `auth_usuarioId` int(10) unsigned NOT NULL,
  `auth_funcaoId` int(10) unsigned NOT NULL,
  PRIMARY KEY (`id`)
) ENGINE=InnoDB AUTO_INCREMENT=15 DEFAULT CHARSET=utf8;
/*!40101 SET character_set_client = @saved_cs_client */;

--
-- Dumping data for table `auth_usuariofuncao`
--

LOCK TABLES `auth_usuariofuncao` WRITE;
/*!40000 ALTER TABLE `auth_usuariofuncao` DISABLE KEYS */;
INSERT INTO `auth_usuariofuncao` VALUES (1,1,1),(4,4,1),(5,5,1),(6,7,1),(7,8,2),(8,9,5),(9,10,1),(10,11,1),(11,12,1),(12,13,1),(13,14,1),(14,15,1);
/*!40000 ALTER TABLE `auth_usuariofuncao` ENABLE KEYS */;
UNLOCK TABLES;

--
-- Table structure for table `calendarioconfiguracaoevento`
--

DROP TABLE IF EXISTS `calendarioconfiguracaoevento`;
/*!40101 SET @saved_cs_client     = @@character_set_client */;
/*!40101 SET character_set_client = utf8 */;
CREATE TABLE `calendarioconfiguracaoevento` (
  `id` int(10) unsigned NOT NULL AUTO_INCREMENT,
  `table` varchar(100) NOT NULL,
  `recursoId` int(10) unsigned DEFAULT NULL,
  `moduloExibicao` varchar(150) NOT NULL,
  `dateStartColumn` varchar(100) NOT NULL,
  `dateEndColumn` varchar(100) DEFAULT NULL,
  `hourStartColumn` varchar(100) DEFAULT NULL,
  `hourEndColumn` varchar(100) DEFAULT NULL,
  `numeroColumn` varchar(100) NOT NULL,
  `finalizadoColumn` varchar(100) DEFAULT NULL,
  `cor` varchar(7) NOT NULL,
  `textoCor` varchar(7) NOT NULL DEFAULT '#111111',
  `url` text,
  `responsavelModule` varchar(100) DEFAULT NULL,
  `responsavelModuleId` varchar(100) DEFAULT NULL,
  `classes` varchar(255) DEFAULT NULL,
  `categoria` int(10) DEFAULT NULL,
  PRIMARY KEY (`id`)
) ENGINE=InnoDB AUTO_INCREMENT=16 DEFAULT CHARSET=latin1;
/*!40101 SET character_set_client = @saved_cs_client */;

--
-- Dumping data for table `calendarioconfiguracaoevento`
--

LOCK TABLES `calendarioconfiguracaoevento` WRITE;
/*!40000 ALTER TABLE `calendarioconfiguracaoevento` DISABLE KEYS */;
INSERT INTO `calendarioconfiguracaoevento` VALUES (1,'licenca',3,'Licença','validade','',NULL,NULL,'numero','finalizado','#34495e','#111111','licenca/insert?id=$id$','licenca','id',NULL,0),(2,'cr',6,'CR','validade',NULL,NULL,NULL,'numeroRegistro','finalizado','#34495e','#111111','cr/insert?id=$id$','cr','id',NULL,0),(3,'condicionanteEntrega',3,'Condicionante','validade',NULL,NULL,NULL,'nome','ehCumprida','#34495e','#111111','licenca/insert?id=$licencaId$&aba=condicionantes&scroll=condicionante-$condicionanteId$','condicionante','condicionanteId',NULL,0),(4,'oficio',16,'Ofício','prazoResposta',NULL,NULL,NULL,'numero','finalizado','#34495e','#111111','oficio/insert?id=$id$','oficio','id',NULL,0),(5,'orcamentoPagamento',5,'Orçamento','dataVencimentoPagamento',NULL,NULL,NULL,'numero',NULL,'#34495e','#111111','orcamento/insert?id=$orcamentoId$&aba=pagamento&scroll=pagamento-$id$','orcamento','orcamentoId',NULL,0),(6,'clienteArtFile',2,'Empresa ART','validade',NULL,NULL,NULL,'numero','finalizado','#34495e','#111111','cliente/insert?id=$clienteId$&aba=art&scroll=art-$id$','cliente','clienteId',NULL,0),(7,'cliente',2,'Empresa Contrato','dataVencimentoContrato',NULL,NULL,NULL,'contratoNumero',NULL,'#34495e','#111111','cliente/insert?id=$id$&aba=contrato','cliente','id',NULL,0),(8,'empreendimentoArtFile',15,'Empreendimento ART','validade',NULL,NULL,NULL,'numero','finalizado','#34495e','#111111','empreendimento/insert?id=$empreendimentoId$&aba=art&scroll=art-$id$','empreendimento','empreendimentoId',NULL,0),(9,'protocolo',4,'Protocolo','alertaDiasSemAtualizacao',NULL,NULL,NULL,'numero','finalizado','#34495e','#111111','protocolo/insert?id=$id$','protocolo','id',NULL,0),(10,'projeto',27,'Projeto','terminoEstimado',NULL,NULL,NULL,'nome','finalizado','#26B99A','#111111','gestao-projeto/insert?id=$id$','projeto-participantes','id',NULL,1),(11,'projetoquadrocolunaitem',27,'Tarefa','fimEstimado',NULL,NULL,NULL,'nome','finalizado','#26B99A','#111111','gestao-projeto/insert?id=$projetoId$&aba=quadro$quadroId$&item=$id$','projeto-quadro-coluna-item-participantes','id',NULL,1),(12,'calendarioevento',NULL,'','dataInicio','dataFim','horaInicio','horaFim','nome',NULL,'#5BC0DE','#111111',NULL,NULL,NULL,'custom-event custom-event-$id$',2),(13,'vistoria',14,'Vistoria','data',NULL,NULL,NULL,'id','finalizado','#34495e','#111111','vistoria/insert?id=$id$','vistoria','id',NULL,0),(14,'clientefile',2,'Empresa documento','validade',NULL,NULL,NULL,'descricao','finalizado','#34495e','#111111','cliente/insert?id=$clienteId$&aba=documentos','cliente','clienteId',NULL,0),(15,'empreendimentofile',15,'Empreendimento documento','validade',NULL,NULL,NULL,'descricao','finalizado','#34495e','#111111','empreendimento/insert?id=$empreendimentoId$&aba=documentos','empreendimento','empreendimentoId',NULL,0);
/*!40000 ALTER TABLE `calendarioconfiguracaoevento` ENABLE KEYS */;
UNLOCK TABLES;

--
-- Table structure for table `calendarioevento`
--

DROP TABLE IF EXISTS `calendarioevento`;
/*!40101 SET @saved_cs_client     = @@character_set_client */;
/*!40101 SET character_set_client = utf8 */;
CREATE TABLE `calendarioevento` (
  `id` int(10) unsigned NOT NULL AUTO_INCREMENT,
  `nome` varchar(150) DEFAULT NULL,
  `dataInicio` varchar(10) DEFAULT NULL,
  `dataFim` varchar(10) DEFAULT NULL,
  `horaInicio` varchar(5) DEFAULT NULL,
  `horaFim` varchar(5) DEFAULT NULL,
  `alerta` int(3) DEFAULT NULL,
  PRIMARY KEY (`id`)
) ENGINE=InnoDB AUTO_INCREMENT=24 DEFAULT CHARSET=latin1;
/*!40101 SET character_set_client = @saved_cs_client */;

--
-- Dumping data for table `calendarioevento`
--

LOCK TABLES `calendarioevento` WRITE;
/*!40000 ALTER TABLE `calendarioevento` DISABLE KEYS */;
INSERT INTO `calendarioevento` VALUES (1,'Reunião','21/09/2020','21/09/2020','15:00','',4),(2,'Vistoria','24/09/2020','24/09/2020','17:00','',8),(3,'Daily','22/09/2020','22/09/2020','08:00','08:15',2),(4,'Treinamento Ambisis','02/10/2020','02/10/2020','11:00','12:00',5),(5,'Reunião de alinhamento','15/10/2020','15/10/2020','15:00','16:00',3),(6,'Treinamento','13/10/2020','13/10/2020','15:00','16:00',1),(7,'Treinamento Ambisis','16/10/2020','16/10/2020','14:00','15:00',1),(8,'Treinamento do Ambisis','28/10/2020','28/10/2020','14:00','15:00',2),(9,'Treinamento Ambisis','30/10/2020','30/10/2020','14:00','15:00',1),(10,'Treinamento Ambisis','05/11/2020','05/11/2020','16:00','17:00',2),(11,'Treinamento Ambisis','16/02/2021','16/02/2021','14:00','15:00',2),(12,'Treinamento Ambisis','18/02/2021','18/02/2021','09:15','10:00',1),(13,'Treinamento Ambisis','09/03/2021','09/03/2021','16:00','17:00',1),(14,'Treinamento Ambisis','10/03/2021','10/03/2021','11:00','12:00',0),(15,'Visita técnica','12/03/2021','12/03/2021','','',0),(16,'Treinamento Ambisis','25/03/2021','25/03/2021','15:30','16:30',1),(17,'Ligar para o Airan','09/04/2021','09/04/2021','10:00','10:30',10),(18,'Elaborar orçamento da Crescer Alimentos','14/04/2021','14/04/2021','10:00','11:00',1),(19,'Treinamento Ambisis','16/04/2021','16/04/2021','15:00','16:00',1),(20,'Ligar para prefeitura','25/05/2021','25/05/2021','14:00','14:15',1),(21,'Reunião de alinhamento','30/08/2021','30/08/2021','15:00','15:30',1),(22,'Treinamento Ambisis','06/10/2021','06/10/2021','10:00','12:00',1),(23,'Cobrar o Sucateiro SA do Orçamento 37','07/10/2021','07/10/2021','10:00','',1);
/*!40000 ALTER TABLE `calendarioevento` ENABLE KEYS */;
UNLOCK TABLES;

--
-- Table structure for table `cidade`
--

DROP TABLE IF EXISTS `cidade`;
/*!40101 SET @saved_cs_client     = @@character_set_client */;
/*!40101 SET character_set_client = utf8 */;
CREATE TABLE `cidade` (
  `paisId` int(9) unsigned DEFAULT NULL,
  `id` int(9) unsigned NOT NULL,
  `ufId` int(9) unsigned DEFAULT NULL,
  `nome` varchar(255) DEFAULT NULL,
  `cep` int(9) DEFAULT NULL,
  `logSituacao` int(9) DEFAULT '0',
  `localidadeChave` int(9) DEFAULT NULL,
  PRIMARY KEY (`id`),
  KEY `ufId` (`ufId`),
  KEY `paisId` (`paisId`),
  KEY `idx_1` (`nome`,`ufId`),
  KEY `cep` (`cep`)
) ENGINE=InnoDB DEFAULT CHARSET=utf8;
/*!40101 SET character_set_client = @saved_cs_client */;

--
-- Dumping data for table `cidade`
--

LOCK TABLES `cidade` WRITE;
/*!40000 ALTER TABLE `cidade` DISABLE KEYS */;
INSERT INTO `cidade` VALUES (1,1,1,'Acrelândia',69945000,1,1),(1,2,1,'Assis Brasil',69935000,1,2),(1,3,1,'Brasiléia',69932000,1,3),(1,4,1,'Bujari',69926000,1,4),(1,5,1,'Capixaba',69931000,1,5),(1,6,1,'Cruzeiro do Sul',69980000,1,6),(1,7,1,'Epitaciolândia',69934000,1,7),(1,8,1,'Feijó',69960000,1,8),(1,9,1,'Jordão',69975000,1,9),(1,10,1,'Mâncio Lima',69990000,1,10),(1,11,1,'Manoel Urbano',69950000,1,11),(1,12,1,'Marechal Thaumaturgo',69983000,1,12),(1,13,1,'Plácido de Castro',69928000,1,13),(1,14,1,'Porto Acre',69927000,1,14),(1,15,1,'Porto Walter',69982000,1,15),(1,16,1,'Rio Branco',NULL,1,16),(1,17,1,'Rodrigues Alves',69985000,1,17),(1,18,1,'Santa Rosa do Purus',69955000,1,18),(1,19,1,'Sena Madureira',69940000,1,19),(1,20,1,'Senador Guiomard',69925000,1,20),(1,21,1,'Tarauacá',69970000,1,21),(1,22,1,'Xapuri',69930000,1,22),(1,23,2,'Água Branca',57490000,1,23),(1,24,2,'Anadia',57660000,1,26),(1,25,2,'Arapiraca',NULL,1,30),(1,26,2,'Atalaia',57690000,1,31),(1,27,2,'Barra de Santo Antônio',57925000,1,36),(1,28,2,'Barra de São Miguel',57180000,1,37),(1,29,2,'Batalha',57420000,1,40),(1,30,2,'Belém',57630000,1,42),(1,31,2,'Belo Monte',57435000,1,43),(1,32,2,'Boca da Mata',57680000,1,47),(1,33,2,'Branquinha',57830000,1,50),(1,34,2,'Cacimbinhas',57570000,1,51),(1,35,2,'Cajueiro',57770000,1,53),(1,36,2,'Campestre',57968000,1,56),(1,37,2,'Campo Alegre',57250000,1,57),(1,38,2,'Campo Grande',57350000,1,58),(1,39,2,'Canapi',57530000,1,61),(1,40,2,'Capela',57780000,1,64),(1,41,2,'Carneiros',57535000,1,65),(1,42,2,'Chã Preta',57760000,1,67),(1,43,2,'Coité do Nóia',57325000,1,68),(1,44,2,'Colônia Leopoldina',57975000,1,69),(1,45,2,'Coqueiro Seco',57140000,1,70),(1,46,2,'Coruripe',57230000,1,71),(1,47,2,'Craíbas',57320000,1,73),(1,48,2,'Delmiro Gouveia',57480000,1,74),(1,49,2,'Dois Riachos',57560000,1,75),(1,50,2,'Estrela de Alagoas',57625000,1,77),(1,51,2,'Feira Grande',57340000,1,78),(1,52,2,'Feliz Deserto',57220000,1,79),(1,53,2,'Flexeiras',57995000,1,81),(1,54,2,'Girau do Ponciano',57360000,1,84),(1,55,2,'Ibateguara',57890000,1,85),(1,56,2,'Igaci',57620000,1,86),(1,57,2,'Igreja Nova',57280000,1,87),(1,58,2,'Inhapi',57545000,1,88),(1,59,2,'Jacaré dos Homens',57430000,1,89),(1,60,2,'Jacuípe',57960000,1,90),(1,61,2,'Japaratinga',57950000,1,91),(1,62,2,'Jaramataia',57425000,1,92),(1,63,2,'Joaquim Gomes',57980000,1,94),(1,64,2,'Jundiá',57965000,1,95),(1,65,2,'Junqueiro',57270000,1,96),(1,66,2,'Lagoa da Canoa',57330000,1,98),(1,67,2,'Limoeiro de Anadia',57260000,1,108),(1,68,2,'Maceió',NULL,1,109),(1,69,2,'Major Isidoro',57580000,1,110),(1,70,2,'Mar Vermelho',57730000,1,111),(1,71,2,'Maragogi',57955000,1,112),(1,72,2,'Maravilha',57520000,1,113),(1,73,2,'Marechal Deodoro',57160000,1,114),(1,74,2,'Maribondo',57670000,1,115),(1,75,2,'Mata Grande',57540000,1,117),(1,76,2,'Matriz de Camaragibe',57910000,1,118),(1,77,2,'Messias',57990000,1,119),(1,78,2,'Minador do Negrão',57615000,1,120),(1,79,2,'Monteirópolis',57440000,1,121),(1,80,2,'Murici',57820000,1,124),(1,81,2,'Novo Lino',57970000,1,125),(1,82,2,'Olho D\'Água das Flores',57442000,1,127),(1,83,2,'Olho D\'Água do Casado',57470000,1,129),(1,84,2,'Olho D\'Água Grande',57390000,1,126),(1,85,2,'Olivença',57550000,1,131),(1,86,2,'Ouro Branco',57525000,1,132),(1,87,2,'Palestina',57410000,1,133),(1,88,2,'Palmeira dos Índios',NULL,1,135),(1,89,2,'Pão de Açúcar',57400000,1,136),(1,90,2,'Pariconha',57475000,1,137),(1,91,2,'Paripueira',57935000,1,138),(1,92,2,'Passo de Camaragibe',57930000,1,139),(1,93,2,'Paulo Jacinto',57740000,1,142),(1,94,2,'Penedo',57200000,1,143),(1,95,2,'Piaçabuçu',57210000,1,144),(1,96,2,'Pilar',57150000,1,145),(1,97,2,'Pindoba',57720000,1,146),(1,98,2,'Piranhas',57460000,1,147),(1,99,2,'Poço das Trincheiras',57510000,1,150),(1,100,2,'Porto Calvo',57900000,1,151),(1,101,2,'Porto de Pedras',57945000,1,152),(1,102,2,'Porto Real do Colégio',57290000,1,153),(1,103,2,'Quebrangulo',57750000,1,155),(1,104,2,'Rio Largo',57100000,1,158),(1,105,2,'Roteiro',57246000,1,160),(1,106,2,'Santa Luzia do Norte',57130000,1,162),(1,107,2,'Santana do Ipanema',57500000,1,163),(1,108,2,'Santana do Mundaú',57840000,1,164),(1,109,2,'São Brás',57380000,1,166),(1,110,2,'São José da Laje',57860000,1,167),(1,111,2,'São José da Tapera',57445000,1,168),(1,112,2,'São Luís do Quitunde',57920000,1,169),(1,113,2,'São Miguel dos Campos',57240000,1,170),(1,114,2,'São Miguel dos Milagres',57940000,1,171),(1,115,2,'São Sebastião',57275000,1,172),(1,116,2,'Satuba',57120000,1,175),(1,117,2,'Senador Rui Palmeira',57515000,1,176),(1,118,2,'Tanque D\'Arca',57635000,1,181),(1,119,2,'Taquarana',57640000,1,182),(1,120,2,'Teotônio Vilela',57265000,1,184),(1,121,2,'Traipu',57370000,1,185),(1,122,2,'União dos Palmares',57800000,1,186),(1,123,2,'Viçosa',57700000,1,188),(1,124,3,'Amapá',68950000,1,280),(1,125,3,'Calçoene',68960000,1,287),(1,126,3,'Cutias',68973000,1,294),(1,127,3,'Ferreira Gomes',68915000,1,296),(1,128,3,'Itaubal',68976000,1,303),(1,129,3,'Laranjal do Jari',68920000,1,304),(1,130,3,'Macapá',NULL,1,307),(1,131,3,'Mazagão',68940000,1,308),(1,132,3,'Oiapoque',68980000,1,310),(1,133,3,'Pedra Branca do Amaparí',68945000,1,281),(1,134,3,'Porto Grande',68997000,1,312),(1,135,3,'Pracuúba',68918000,1,313),(1,136,3,'Santana',NULL,1,316),(1,137,3,'Serra do Navio',68948000,1,11323),(1,138,3,'Tartarugalzinho',68990000,1,322),(1,139,3,'Vitória do Jari',68924000,1,324),(1,140,4,'Alvarães',69540000,1,191),(1,141,4,'Amaturá',69620000,1,193),(1,142,4,'Anamã',69445000,1,194),(1,143,4,'Anori',69440000,1,195),(1,144,4,'Apuí',69265000,1,196),(1,145,4,'Atalaia do Norte',69650000,1,198),(1,146,4,'Autazes',69240000,1,200),(1,147,4,'Barcelos',69700000,1,204),(1,148,4,'Barreirinha',69160000,1,205),(1,149,4,'Benjamin Constant',69630000,1,206),(1,150,4,'Beruri',69430000,1,207),(1,151,4,'Boa Vista do Ramos',69195000,1,208),(1,152,4,'Boca do Acre',69850000,1,209),(1,153,4,'Borba',69200000,1,210),(1,154,4,'Caapiranga',69425000,1,211),(1,155,4,'Canutama',69820000,1,214),(1,156,4,'Carauari',69500000,1,215),(1,157,4,'Careiro',69250000,1,216),(1,158,4,'Careiro da Várzea',69255000,1,217),(1,159,4,'Coari',69460000,1,219),(1,160,4,'Codajás',69450000,1,220),(1,161,4,'Eirunepé',69880000,1,222),(1,162,4,'Envira',69870000,1,223),(1,163,4,'Fonte Boa',69670000,1,225),(1,164,4,'Guajará',69895000,1,227),(1,165,4,'Humaitá',69800000,1,228),(1,166,4,'Ipixuna',69890000,1,231),(1,167,4,'Iranduba',69415000,1,232),(1,168,4,'Itacoatiara',NULL,1,233),(1,169,4,'Itamarati',69510000,1,234),(1,170,4,'Itapiranga',69120000,1,235),(1,171,4,'Japurá',69495000,1,236),(1,172,4,'Juruá',69520000,1,237),(1,173,4,'Jutaí',69660000,1,238),(1,174,4,'Lábrea',69830000,1,239),(1,175,4,'Manacapuru',NULL,1,241),(1,176,4,'Manaquiri',69435000,1,242),(1,177,4,'Manaus',NULL,1,243),(1,178,4,'Manicoré',69280000,1,244),(1,179,4,'Maraã',69490000,1,245),(1,180,4,'Maués',69190000,1,247),(1,181,4,'Nhamundá',69140000,1,251),(1,182,4,'Nova Olinda do Norte',69230000,1,252),(1,183,4,'Novo Airão',69730000,1,253),(1,184,4,'Novo Aripuanã',69260000,1,254),(1,185,4,'Parintins',NULL,1,256),(1,186,4,'Pauini',69860000,1,257),(1,187,4,'Presidente Figueiredo',69735000,1,259),(1,188,4,'Rio Preto da Eva',69117000,1,261),(1,189,4,'Santa Isabel do Rio Negro',69740000,1,262),(1,190,4,'Santo Antônio do Içá',69680000,1,264),(1,191,4,'São Gabriel da Cachoeira',69750000,1,266),(1,192,4,'São Paulo de Olivença',69600000,1,267),(1,193,4,'São Sebastião do Uatumã',69135000,1,268),(1,194,4,'Silves',69114000,1,269),(1,195,4,'Tabatinga',69640000,1,270),(1,196,4,'Tapauá',69480000,1,271),(1,197,4,'Tefé',NULL,1,272),(1,198,4,'Tonantins',69685000,1,273),(1,199,4,'Uarini',69530000,1,274),(1,200,4,'Urucará',69130000,1,275),(1,201,4,'Urucurituba',69180000,1,276),(1,202,5,'Abaíra',46690000,1,326),(1,203,5,'Abaré',48680000,1,327),(1,204,5,'Acajutiba',48360000,1,331),(1,205,5,'Adustina',48435000,1,335),(1,206,5,'Água Fria',48170000,1,339),(1,207,5,'Aiquara',45220000,1,341),(1,208,5,'Alagoinhas',NULL,1,342),(1,209,5,'Alcobaça',45910000,1,343),(1,210,5,'Almadina',45640000,1,347),(1,211,5,'Amargosa',45300000,1,351),(1,212,5,'Amélia Rodrigues',44230000,1,352),(1,213,5,'América Dourada',44910000,1,353),(1,214,5,'Anagé',45180000,1,355),(1,215,5,'Andaraí',46830000,1,356),(1,216,5,'Andorinha',48990000,1,357),(1,217,5,'Angical',47960000,1,358),(1,218,5,'Anguera',44670000,1,360),(1,219,5,'Antas',48420000,1,361),(1,220,5,'Antônio Cardoso',44180000,1,362),(1,221,5,'Antônio Gonçalves',44780000,1,363),(1,222,5,'Aporá',48350000,1,364),(1,223,5,'Apuarema',45355000,1,365),(1,224,5,'Araças',48108000,1,366),(1,225,5,'Aracatu',46130000,1,367),(1,226,5,'Araci',48760000,1,368),(1,227,5,'Aramari',48130000,1,369),(1,228,5,'Arataca',45695000,1,371),(1,229,5,'Aratuípe',44490000,1,372),(1,230,5,'Aurelino Leal',45675000,1,379),(1,231,5,'Baianópolis',47830000,1,380),(1,232,5,'Baixa Grande',44620000,1,382),(1,233,5,'Banzaê',48405000,1,391),(1,234,5,'Barra',47100000,1,394),(1,235,5,'Barra da Estiva',46650000,1,395),(1,236,5,'Barra do Choça',45120000,1,396),(1,237,5,'Barra do Mendes',44990000,1,398),(1,238,5,'Barra do Rocha',45560000,1,400),(1,239,5,'Barreiras',NULL,1,403),(1,240,5,'Barro Alto',44895000,1,404),(1,241,5,'Belmonte',45800000,1,413),(1,242,5,'Belo Campo',45160000,1,414),(1,243,5,'Biritinga',48780000,1,419),(1,244,5,'Boa Nova',45250000,1,421),(1,245,5,'Boa Vista do Tupim',46850000,1,424),(1,246,5,'Bom Jesus da Lapa',47600000,1,427),(1,247,5,'Bom Jesus da Serra',45263000,1,428),(1,248,5,'Boninal',46740000,1,431),(1,249,5,'Bonito',46820000,1,432),(1,250,5,'Boquira',46530000,1,433),(1,251,5,'Botuporã',46570000,1,434),(1,252,5,'Brejões',45325000,1,440),(1,253,5,'Brejolândia',47750000,1,441),(1,254,5,'Brotas de Macaúbas',47560000,1,442),(1,255,5,'Brumado',46100000,1,443),(1,256,5,'Buerarema',45615000,1,445),(1,257,5,'Buritirama',47120000,1,450),(1,258,5,'Caatiba',45130000,1,451),(1,259,5,'Cabaceiras do Paraguaçu',44345000,1,452),(1,260,5,'Cachoeira',44300000,1,455),(1,261,5,'Caculé',46300000,1,457),(1,262,5,'Caém',44730000,1,458),(1,263,5,'Caetanos',45265000,1,459),(1,264,5,'Caetité',46400000,1,461),(1,265,5,'Cafarnaum',44880000,1,462),(1,266,5,'Cairu',45420000,1,465),(1,267,5,'Caldeirão Grande',44750000,1,470),(1,268,5,'Camacan',45880000,1,472),(1,269,5,'Camaçari',NULL,1,473),(1,270,5,'Camamu',45445000,1,474),(1,271,5,'Campo Alegre de Lourdes',47220000,1,478),(1,272,5,'Campo Formoso',44790000,1,479),(1,273,5,'Canápolis',47730000,1,483),(1,274,5,'Canarana',44890000,1,484),(1,275,5,'Canavieiras',45860000,1,486),(1,276,5,'Candeal',48710000,1,488),(1,277,5,'Candeias',NULL,1,489),(1,278,5,'Candiba',46380000,1,490),(1,279,5,'Cândido Sales',45157000,1,491),(1,280,5,'Cansanção',48840000,1,493),(1,281,5,'Canudos',48520000,1,495),(1,282,5,'Capela do Alto Alegre',44645000,1,498),(1,283,5,'Capim Grosso',44695000,1,499),(1,284,5,'Caraíbas',45177000,1,501),(1,285,5,'Caravelas',45900000,1,505),(1,286,5,'Cardeal da Silva',48390000,1,506),(1,287,5,'Carinhanha',46445000,1,507),(1,288,5,'Casa Nova',47300000,1,511),(1,289,5,'Castro Alves',44500000,1,513),(1,290,5,'Catolândia',47845000,1,516),(1,291,5,'Catu',48110000,1,519),(1,292,5,'Caturama',46575000,1,521),(1,293,5,'Central',44940000,1,523),(1,294,5,'Chorrochó',48660000,1,525),(1,295,5,'Cícero Dantas',48410000,1,526),(1,296,5,'Cipó',48450000,1,528),(1,297,5,'Coaraci',45638000,1,529),(1,298,5,'Cocos',47680000,1,530),(1,299,5,'Conceição da Feira',44320000,1,533),(1,300,5,'Conceição do Almeida',44540000,1,534),(1,301,5,'Conceição do Coité',48730000,1,535),(1,302,5,'Conceição do Jacuípe',44245000,1,536),(1,303,5,'Conde',48300000,1,537),(1,304,5,'Condeúba',46200000,1,538),(1,305,5,'Contendas do Sincorá',46620000,1,539),(1,306,5,'Coração de Maria',44250000,1,543),(1,307,5,'Cordeiros',46280000,1,544),(1,308,5,'Coribe',47690000,1,545),(1,309,5,'Coronel João Sá',48590000,1,546),(1,310,5,'Correntina',47650000,1,547),(1,311,5,'Cotegipe',47900000,1,549),(1,312,5,'Cravolândia',45330000,1,551),(1,313,5,'Crisópolis',48480000,1,552),(1,314,5,'Cristópolis',47950000,1,554),(1,315,5,'Cruz das Almas',44380000,1,556),(1,316,5,'Curaçá',48930000,1,559),(1,317,5,'Dário Meira',45590000,1,561),(1,318,5,'Dias D\'Ávila',42850000,1,565),(1,319,5,'Dom Basílio',46165000,1,567),(1,320,5,'Dom Macedo Costa',44560000,1,568),(1,321,5,'Elísio Medrado',45305000,1,571),(1,322,5,'Encruzilhada',45150000,1,572),(1,323,5,'Entre Rios',48180000,1,575),(1,324,5,'Érico Cardoso',46180000,1,576),(1,325,5,'Esplanada',48370000,1,577),(1,326,5,'Euclides da Cunha',48500000,1,578),(1,327,5,'Eunápolis',NULL,1,579),(1,328,5,'Fátima',48415000,1,580),(1,329,5,'Feira da Mata',46446000,1,581),(1,330,5,'Feira de Santana',NULL,1,582),(1,331,5,'Filadélfia',44775000,1,584),(1,332,5,'Firmino Alves',45720000,1,586),(1,333,5,'Floresta Azul',45740000,1,587),(1,334,5,'Formosa do Rio Preto',47990000,1,588),(1,335,5,'Gandu',45450000,1,595),(1,336,5,'Gavião',44650000,1,596),(1,337,5,'Gentio do Ouro',47450000,1,597),(1,338,5,'Glória',48620000,1,599),(1,339,5,'Gongogi',45540000,1,600),(1,340,5,'Governador Lomanto Júnior',NULL,1,NULL),(1,341,5,'Governador Mangabeira',44350000,1,602),(1,342,5,'Guajeru',46205000,1,605),(1,343,5,'Guanambi',46430000,1,606),(1,344,5,'Guaratinga',45840000,1,609),(1,345,5,'Heliópolis',48445000,1,614),(1,346,5,'Iaçu',46860000,1,618),(1,347,5,'Ibiassucê',46390000,1,623),(1,348,5,'Ibicaraí',45745000,1,624),(1,349,5,'Ibicoara',46760000,1,625),(1,350,5,'Ibicuí',45290000,1,626),(1,351,5,'Ibipeba',44970000,1,627),(1,352,5,'Ibipitanga',46540000,1,629),(1,353,5,'Ibiquera',46840000,1,630),(1,354,5,'Ibirapitanga',45500000,1,634),(1,355,5,'Ibirapuã',45940000,1,635),(1,356,5,'Ibirataia',45580000,1,636),(1,357,5,'Ibitiara',46700000,1,637),(1,358,5,'Ibititá',44960000,1,640),(1,359,5,'Ibotirama',47520000,1,644),(1,360,5,'Ichu',48725000,1,645),(1,361,5,'Igaporã',46490000,1,647),(1,362,5,'Igrapiúna',45443000,1,651),(1,363,5,'Iguaí',45280000,1,653),(1,364,5,'Ilhéus',NULL,1,659),(1,365,5,'Inhambupe',48490000,1,662),(1,366,5,'Ipecaetá',44680000,1,667),(1,367,5,'Ipiaú',45570000,1,668),(1,368,5,'Ipirá',44600000,1,669),(1,369,5,'Ipupiara',47590000,1,672),(1,370,5,'Irajuba',45370000,1,673),(1,371,5,'Iramaia',46770000,1,674),(1,372,5,'Iraquara',46980000,1,676),(1,373,5,'Irará',44255000,1,677),(1,374,5,'Irecê',44900000,1,678),(1,375,5,'Itabela',45848000,1,681),(1,376,5,'Itaberaba',46880000,1,682),(1,377,5,'Itabuna',NULL,1,683),(1,378,5,'Itacaré',45530000,1,684),(1,379,5,'Itaeté',46790000,1,688),(1,380,5,'Itagi',45230000,1,689),(1,381,5,'Itagibá',45585000,1,690),(1,382,5,'Itagimirim',45850000,1,691),(1,383,5,'Itaguaçu da Bahia',47440000,1,692),(1,384,5,'Itaju do Colônia',45730000,1,698),(1,385,5,'Itajuípe',45630000,1,700),(1,386,5,'Itamaraju',45836000,1,702),(1,387,5,'Itamari',45455000,1,703),(1,388,5,'Itambé',45140000,1,704),(1,389,5,'Itanagra',48290000,1,708),(1,390,5,'Itanhém',45970000,1,709),(1,391,5,'Itaparica',44460000,1,711),(1,392,5,'Itapé',45750000,1,712),(1,393,5,'Itapebi',45855000,1,713),(1,394,5,'Itapetinga',45700000,1,715),(1,395,5,'Itapicuru',48475000,1,716),(1,396,5,'Itapitanga',45645000,1,718),(1,397,5,'Itaquara',45340000,1,721),(1,398,5,'Itarantim',45780000,1,723),(1,399,5,'Itatim',46875000,1,725),(1,400,5,'Itiruçu',45350000,1,727),(1,401,5,'Itiúba',48850000,1,728),(1,402,5,'Itororó',45710000,1,729),(1,403,5,'Ituaçu',46640000,1,730),(1,404,5,'Ituberá',45435000,1,731),(1,405,5,'Iuiú',46438000,1,733),(1,406,5,'Jaborandi',47655000,1,734),(1,407,5,'Jacaraci',46310000,1,735),(1,408,5,'Jacobina',44700000,1,736),(1,409,5,'Jaguaquara',45345000,1,740),(1,410,5,'Jaguarari',48960000,1,742),(1,411,5,'Jaguaripe',44480000,1,743),(1,412,5,'Jandaíra',48310000,1,745),(1,413,5,'Jequié',NULL,1,749),(1,414,5,'Jeremoabo',48540000,1,751),(1,415,5,'Jequiriçá',45470000,1,750),(1,416,5,'Jitaúna',45225000,1,753),(1,417,5,'João Dourado',44920000,1,756),(1,418,5,'Juazeiro',NULL,1,759),(1,419,5,'Jucuruçu',45834000,1,760),(1,420,5,'Jussara',44925000,1,766),(1,421,5,'Jussari',45622000,1,767),(1,422,5,'Jussiape',46670000,1,768),(1,423,5,'Lafaiete Coutinho',45215000,1,770),(1,424,5,'Lagoa Real',46425000,1,778),(1,425,5,'Laje',45490000,1,779),(1,426,5,'Lajedão',45950000,1,781),(1,427,5,'Lajedinho',46825000,1,782),(1,428,5,'Lajedo do Tabocal',45365000,1,784),(1,429,5,'Lamarão',48720000,1,785),(1,430,5,'Lapão',44905000,1,787),(1,431,5,'Lauro de Freitas',42700000,1,789),(1,432,5,'Lençóis',46960000,1,790),(1,433,5,'Licínio de Almeida',46330000,1,791),(1,434,5,'Livramento de Nossa Senhora',46140000,1,793),(1,435,5,'Macajuba',46805000,1,797),(1,436,5,'Macarani',45760000,1,798),(1,437,5,'Macaúbas',46500000,1,799),(1,438,5,'Macururé',48650000,1,800),(1,439,5,'Madre de Deus',42600000,1,801),(1,440,5,'Maetinga',46255000,1,802),(1,441,5,'Maiquinique',45770000,1,803),(1,442,5,'Mairi',44630000,1,804),(1,443,5,'Malhada',46440000,1,805),(1,444,5,'Malhada de Pedras',46110000,1,806),(1,445,5,'Manoel Vitorino',45240000,1,810),(1,446,5,'Mansidão',47160000,1,811),(1,447,5,'Maracás',45360000,1,814),(1,448,5,'Maragogipe',44420000,1,815),(1,449,5,'Maraú',45520000,1,817),(1,450,5,'Marcionílio Souza',46780000,1,818),(1,451,5,'Mascote',45870000,1,823),(1,452,5,'Mata de São João',48280000,1,827),(1,453,5,'Matina',46480000,1,829),(1,454,5,'Medeiros Neto',45960000,1,831),(1,455,5,'Miguel Calmon',44720000,1,832),(1,456,5,'Milagres',45315000,1,833),(1,457,5,'Mirangaba',44745000,1,839),(1,458,5,'Mirante',45255000,1,840),(1,459,5,'Monte Santo',48800000,1,846),(1,460,5,'Morpará',47580000,1,847),(1,461,5,'Morro do Chapéu',44850000,1,851),(1,462,5,'Mortugaba',46290000,1,852),(1,463,5,'Mucugê',46750000,1,853),(1,464,5,'Mucuri',45930000,1,854),(1,465,5,'Mulungu do Morro',44885000,1,855),(1,466,5,'Mundo Novo',44800000,1,856),(1,467,5,'Muniz Ferreira',44575000,1,857),(1,468,5,'Muquém de São Francisco',47115000,1,858),(1,469,5,'Muritiba',44340000,1,859),(1,470,5,'Mutuípe',45480000,1,861),(1,471,5,'Nazaré',44400000,1,864),(1,472,5,'Nilo Peçanha',45440000,1,865),(1,473,5,'Nordestina',48870000,1,866),(1,474,5,'Nova Canaã',45270000,1,869),(1,475,5,'Nova Fátima',44642000,1,870),(1,476,5,'Nova Ibiá',45452000,1,871),(1,477,5,'Nova Itarana',45390000,1,873),(1,478,5,'Nova Redenção',46835000,1,875),(1,479,5,'Nova Soure',48460000,1,876),(1,480,5,'Nova Viçosa',45920000,1,877),(1,481,5,'Novo Horizonte',46730000,1,879),(1,482,5,'Novo Triunfo',48455000,1,880),(1,483,5,'Olindina',48470000,1,885),(1,484,5,'Oliveira dos Brejinhos',47530000,1,886),(1,485,5,'Ouriçangas',48150000,1,891),(1,486,5,'Ourolândia',44718000,1,893),(1,487,5,'Palmas de Monte Alto',46460000,1,898),(1,488,5,'Palmeiras',46930000,1,899),(1,489,5,'Paramirim',46190000,1,901),(1,490,5,'Paratinga',47500000,1,903),(1,491,5,'Paripiranga',48430000,1,904),(1,492,5,'Pau Brasil',45890000,1,908),(1,493,5,'Paulo Afonso',NULL,1,909),(1,494,5,'Pé de Serra',44655000,1,910),(1,495,5,'Pedrão',48140000,1,911),(1,496,5,'Pedro Alexandre',48580000,1,913),(1,497,5,'Piatã',46765000,1,917),(1,498,5,'Pilão Arcado',47240000,1,919),(1,499,5,'Pindaí',46360000,1,921),(1,500,5,'Pindobaçu',44770000,1,922),(1,501,5,'Pintadas',44610000,1,924),(1,502,5,'Piraí do Norte',45436000,1,926),(1,503,5,'Piripá',46270000,1,930),(1,504,5,'Piritiba',44830000,1,931),(1,505,5,'Planaltino',45375000,1,933),(1,506,5,'Planalto',45190000,1,934),(1,507,5,'Poções',45260000,1,937),(1,508,5,'Pojuca',48120000,1,939),(1,509,5,'Ponto Novo',44755000,1,942),(1,510,5,'Porto Seguro',45810000,1,944),(1,511,5,'Potiraguá',45790000,1,946),(1,512,5,'Prado',45980000,1,948),(1,513,5,'Presidente Dutra',44930000,1,949),(1,514,5,'Presidente Jânio Quadros',46250000,1,950),(1,515,5,'Presidente Tancredo Neves',45416000,1,951),(1,516,5,'Queimadas',48860000,1,954),(1,517,5,'Quijingue',48830000,1,955),(1,518,5,'Quixabeira',44713000,1,957),(1,519,5,'Rafael Jambeiro',44520000,1,958),(1,520,5,'Remanso',47200000,1,960),(1,521,5,'Retirolândia',48750000,1,962),(1,522,5,'Riachão das Neves',47970000,1,963),(1,523,5,'Riachão do Jacuípe',44640000,1,964),(1,524,5,'Riacho de Santana',46470000,1,967),(1,525,5,'Ribeira do Amparo',48440000,1,969),(1,526,5,'Ribeira do Pombal',48400000,1,970),(1,527,5,'Ribeirão do Largo',45155000,1,971),(1,528,5,'Rio de Contas',46170000,1,974),(1,529,5,'Rio do Antônio',46220000,1,975),(1,530,5,'Rio do Pires',46550000,1,978),(1,531,5,'Rio Real',48330000,1,980),(1,532,5,'Rodelas',48630000,1,981),(1,533,5,'Ruy Barbosa',46800000,1,982),(1,534,5,'Salinas da Margarida',44450000,1,985),(1,535,5,'Salvador',NULL,1,988),(1,536,5,'Santa Bárbara',44150000,1,990),(1,537,5,'Santa Brígida',48570000,1,991),(1,538,5,'Santa Cruz Cabrália',45807000,1,992),(1,539,5,'Santa Cruz da Vitória',45725000,1,993),(1,540,5,'Santa Inês',45320000,1,994),(1,541,5,'Santa Luzia',45865000,1,995),(1,542,5,'Santa Maria da Vitória',47640000,1,996),(1,543,5,'Santa Rita de Cássia',47150000,1,997),(1,544,5,'Santa Terezinha',44590000,1,998),(1,545,5,'Santaluz',48880000,1,999),(1,546,5,'Santana',47700000,1,1000),(1,547,5,'Santanópolis',44260000,1,1002),(1,548,5,'Santo Amaro',44200000,1,1004),(1,549,5,'Santo Antônio de Jesus',NULL,1,1006),(1,550,5,'Santo Estêvão',44190000,1,1007),(1,551,5,'São Desidério',47820000,1,1009),(1,552,5,'São Domingos',48895000,1,1010),(1,553,5,'São Felipe',44550000,1,1011),(1,554,5,'São Félix',44360000,1,1012),(1,555,5,'São Félix do Coribe',47665000,1,1013),(1,556,5,'São Francisco do Conde',43900000,1,1014),(1,557,5,'São Gabriel',44915000,1,1015),(1,558,5,'São Gonçalo dos Campos',44330000,1,1016),(1,559,5,'São José da Vitória',45620000,1,1019),(1,560,5,'São José do Jacuípe',44698000,1,1021),(1,561,5,'São Miguel das Matas',44580000,1,1024),(1,562,5,'São Sebastião do Passé',43850000,1,1027),(1,563,5,'Sapeaçu',44530000,1,1029),(1,564,5,'Sátiro Dias',48485000,1,1030),(1,565,5,'Saubara',44220000,1,1031),(1,566,5,'Saúde',44740000,1,1033),(1,567,5,'Seabra',46900000,1,1034),(1,568,5,'Sebastião Laranjeiras',46450000,1,1035),(1,569,5,'Senhor do Bonfim',48970000,1,1036),(1,570,5,'Sento Sé',47350000,1,1037),(1,571,5,'Serra do Ramalho',47630000,1,1040),(1,572,5,'Serra Dourada',47740000,1,1041),(1,573,5,'Serra Preta',44660000,1,1044),(1,574,5,'Serrinha',48700000,1,1045),(1,575,5,'Serrolândia',44710000,1,1046),(1,576,5,'Simões Filho',43700000,1,1047),(1,577,5,'Sítio do Mato',47610000,1,1049),(1,578,5,'Sítio do Quinto',48565000,1,1051),(1,579,5,'Sobradinho',48925000,1,1055),(1,580,5,'Souto Soares',46990000,1,1056),(1,581,5,'Tabocas do Brejo Velho',47760000,1,1059),(1,582,5,'Tanhaçu',46600000,1,1064),(1,583,5,'Tanque Novo',46580000,1,1065),(1,584,5,'Tanquinho',44160000,1,1066),(1,585,5,'Taperoá',45430000,1,1068),(1,586,5,'Tapiramutá',44840000,1,1071),(1,587,5,'Teixeira de Freitas',NULL,1,1078),(1,588,5,'Teodoro Sampaio',44280000,1,1079),(1,589,5,'Teofilândia',48770000,1,1080),(1,590,5,'Teolândia',45465000,1,1081),(1,591,5,'Terra Nova',44270000,1,1082),(1,592,5,'Tremedal',45170000,1,1085),(1,593,5,'Tucano',48790000,1,1087),(1,594,5,'Uauá',48950000,1,1088),(1,595,5,'Ubaíra',45310000,1,1089),(1,596,5,'Ubaitaba',45545000,1,1090),(1,597,5,'Ubatã',45550000,1,1091),(1,598,5,'Uibaí',44950000,1,1094),(1,599,5,'Umburanas',44798000,1,1095),(1,600,5,'Una',45690000,1,1097),(1,601,5,'Urandi',46350000,1,1098),(1,602,5,'Uruçuca',45680000,1,1099),(1,603,5,'Utinga',46810000,1,1100),(1,604,5,'Valença',45400000,1,1102),(1,605,5,'Valente',48890000,1,1103),(1,606,5,'Várzea da Roça',44635000,1,1104),(1,607,5,'Várzea do Poço',44715000,1,1107),(1,608,5,'Várzea Nova',44690000,1,1108),(1,609,5,'Varzedo',44565000,1,1110),(1,610,5,'Vera Cruz',44470000,1,1113),(1,611,5,'Vereda',45955000,1,1114),(1,612,5,'Vitória da Conquista',NULL,1,1116),(1,613,5,'Wagner',46970000,1,1118),(1,614,5,'Wanderley',47940000,1,1119),(1,615,5,'Wenceslau Guimarães',45460000,1,1120),(1,616,5,'Xique-Xique',47400000,1,1121),(1,617,6,'Abaiara',63240000,1,1122),(1,618,6,'Acarapé',62785000,1,1124),(1,619,6,'Acaraú',62580000,1,1125),(1,620,6,'Acopiara',63560000,1,1126),(1,621,6,'Aiuaba',63575000,1,1131),(1,622,6,'Alcântaras',62120000,1,1134),(1,623,6,'Altaneira',63195000,1,1137),(1,624,6,'Alto Santo',62970000,1,1138),(1,625,6,'Amontada',62540000,1,1145),(1,626,6,'Antonina do Norte',63570000,1,1149),(1,627,6,'Apuiarés',62630000,1,1154),(1,628,6,'Aquiraz',61700000,1,1156),(1,629,6,'Aracati',62800000,1,1158),(1,630,6,'Aracoiaba',62750000,1,1161),(1,631,6,'Ararendá',62210000,1,1168),(1,632,6,'Araripe',63170000,1,1169),(1,633,6,'Aratuba',62762000,1,1173),(1,634,6,'Arneiroz',63670000,1,1176),(1,635,6,'Assaré',63140000,1,1180),(1,636,6,'Aurora',63360000,1,1183),(1,637,6,'Baixio',63320000,1,1185),(1,638,6,'Banabuiú',63960000,1,1187),(1,639,6,'Barbalha',63180000,1,1190),(1,640,6,'Barreira',62795000,1,1196),(1,641,6,'Barro',63380000,1,1203),(1,642,6,'Barroquinha',62410000,1,1205),(1,643,6,'Baturité',62760000,1,1206),(1,644,6,'Beberibe',62840000,1,1208),(1,645,6,'Bela Cruz',62570000,1,1209),(1,646,6,'Boa Viagem',63870000,1,1218),(1,647,6,'Brejo Santo',63260000,1,1229),(1,648,6,'Camocim',62400000,1,1247),(1,649,6,'Campos Sales',63150000,1,1250),(1,650,6,'Canindé',62700000,1,1256),(1,651,6,'Capistrano',62748000,1,1260),(1,652,6,'Caridade',62730000,1,1264),(1,653,6,'Cariré',62184000,1,1265),(1,654,6,'Caririaçu',63220000,1,1266),(1,655,6,'Cariús',63530000,1,1267),(1,656,6,'Carnaubal',62375000,1,1270),(1,657,6,'Cascavel',62850000,1,1278),(1,658,6,'Catarina',63595000,1,1280),(1,659,6,'Catunda',62297000,1,1283),(1,660,6,'Caucaia',NULL,1,1284),(1,661,6,'Cedro',63400000,1,1287),(1,662,6,'Chaval',62420000,1,1289),(1,663,6,'Choró',63950000,1,1290),(1,664,6,'Chorozinho',62875000,1,1291),(1,665,6,'Coreaú',62160000,1,1298),(1,666,6,'Crateús',63700000,1,1300),(1,667,6,'Crato',NULL,1,1301),(1,668,6,'Croatá',62390000,1,1304),(1,669,6,'Cruz',62595000,1,1308),(1,670,6,'Deputado Irapuan Pinheiro',63645000,1,1318),(1,671,6,'Ererê',63470000,1,1333),(1,672,6,'Eusébio',61760000,1,1337),(1,673,6,'Farias Brito',63185000,1,1338),(1,674,6,'Forquilha',62115000,1,1346),(1,675,6,'Fortaleza',NULL,1,1347),(1,676,6,'Fortim',62815000,1,1348),(1,677,6,'Frecheirinha',62340000,1,1349),(1,678,6,'General Sampaio',62738000,1,1355),(1,679,6,'Graça',62365000,1,1361),(1,680,6,'Granja',62430000,1,1362),(1,681,6,'Granjeiro',63230000,1,1363),(1,682,6,'Groaíras',62190000,1,1364),(1,683,6,'Guaiúba',61890000,1,1365),(1,684,6,'Guaraciaba do Norte',62380000,1,1368),(1,685,6,'Guaramiranga',62766000,1,1369),(1,686,6,'Hidrolândia',62270000,1,1375),(1,687,6,'Horizonte',62880000,1,1377),(1,688,6,'Ibaretama',63970000,1,1380),(1,689,6,'Ibiapina',62360000,1,1382),(1,690,6,'Ibicuitinga',62955000,1,1386),(1,691,6,'Icapuí',62810000,1,1390),(1,692,6,'Icó',63430000,1,1392),(1,693,6,'Iguatu',NULL,1,1396),(1,694,6,'Independência',63640000,1,1397),(1,695,6,'Ipaporanga',62215000,1,1402),(1,696,6,'Ipaumirim',63340000,1,1403),(1,697,6,'Ipu',62250000,1,1404),(1,698,6,'Ipueiras',62230000,1,1405),(1,699,6,'Iracema',62980000,1,1407),(1,700,6,'Irauçuba',62620000,1,1411),(1,701,6,'Itaiçaba',62820000,1,1415),(1,702,6,'Itaitinga',61880000,1,1417),(1,703,6,'Itapajé',62600000,1,1419),(1,704,6,'Itapipoca',62500000,1,1422),(1,705,6,'Itapiúna',62740000,1,1423),(1,706,6,'Itarema',62590000,1,1425),(1,707,6,'Itatira',62720000,1,1426),(1,708,6,'Jaguaretama',63480000,1,1432),(1,709,6,'Jaguaribara',63490000,1,1433),(1,710,6,'Jaguaribe',63475000,1,1434),(1,711,6,'Jaguaruana',62823000,1,1435),(1,712,6,'Jardim',63290000,1,1439),(1,713,6,'Jati',63275000,1,1442),(1,714,6,'Jijoca de Jericoacoara',62598000,1,1443),(1,715,6,'Juazeiro do Norte',NULL,1,1451),(1,716,6,'Jucás',63580000,1,1453),(1,717,6,'Lavras da Mangabeira',63300000,1,1468),(1,718,6,'Limoeiro do Norte',62930000,1,1470),(1,719,6,'Madalena',63860000,1,1478),(1,720,6,'Maracanaú',NULL,1,1486),(1,721,6,'Maranguape',NULL,1,1488),(1,722,6,'Marco',62560000,1,1490),(1,723,6,'Martinópole',62450000,1,1495),(1,724,6,'Massapê',62140000,1,1496),(1,725,6,'Mauriti',63210000,1,1500),(1,726,6,'Meruoca',62130000,1,1502),(1,727,6,'Milagres',63250000,1,1505),(1,728,6,'Milhã',63635000,1,1506),(1,729,6,'Miraíma',62530000,1,1510),(1,730,6,'Missão Velha',63200000,1,1513),(1,731,6,'Mombaça',63610000,1,1516),(1,732,6,'Monsenhor Tabosa',63780000,1,1519),(1,733,6,'Morada Nova',62940000,1,1526),(1,734,6,'Moraújo',62480000,1,1527),(1,735,6,'Morrinhos',62550000,1,1528),(1,736,6,'Mucambo',62170000,1,1531),(1,737,6,'Mulungu',62764000,1,1532),(1,738,6,'Nova Olinda',63165000,1,1547),(1,739,6,'Nova Russas',62200000,1,1548),(1,740,6,'Novo Oriente',63740000,1,1551),(1,741,6,'Ocara',62755000,1,1553),(1,742,6,'Orós',63520000,1,1559),(1,743,6,'Pacajus',62870000,1,1560),(1,744,6,'Pacatuba',61800000,1,1561),(1,745,6,'Pacoti',62770000,1,1562),(1,746,6,'Pacujá',62180000,1,1563),(1,747,6,'Palhano',62910000,1,1572),(1,748,6,'Palmácia',62780000,1,1573),(1,749,6,'Paracuru',62680000,1,1577),(1,750,6,'Paraipaba',62685000,1,1578),(1,751,6,'Parambu',63680000,1,1580),(1,752,6,'Paramoti',62736000,1,1581),(1,753,6,'Pedra Branca',63630000,1,1594),(1,754,6,'Penaforte',63280000,1,1600),(1,755,6,'Pentecoste',62640000,1,1601),(1,756,6,'Pereiro',63460000,1,1602),(1,757,6,'Pindoretama',62860000,1,1606),(1,758,6,'Piquet Carneiro',63605000,1,1608),(1,759,6,'Pires Ferreira',62255000,1,1611),(1,760,6,'Poranga',62220000,1,1621),(1,761,6,'Porteiras',63270000,1,1623),(1,762,6,'Potengi',63160000,1,1624),(1,763,6,'Potiretama',62990000,1,1626),(1,764,6,'Quiterianópolis',63650000,1,1635),(1,765,6,'Quixadá',63900000,1,1636),(1,766,6,'Quixelô',63515000,1,1638),(1,767,6,'Quixeramobim',63800000,1,1639),(1,768,6,'Quixeré',62920000,1,1640),(1,769,6,'Redenção',62790000,1,1643),(1,770,6,'Reriutaba',62260000,1,1644),(1,771,6,'Russas',62900000,1,1651),(1,772,6,'Saboeiro',63590000,1,1653),(1,773,6,'Salitre',63155000,1,1656),(1,774,6,'Santa Quitéria',62280000,1,1662),(1,775,6,'Santana do Acaraú',62150000,1,1666),(1,776,6,'Santana do Cariri',63190000,1,1667),(1,777,6,'São Benedito',62370000,1,1676),(1,778,6,'São Gonçalo do Amarante',62670000,1,1682),(1,779,6,'São João do Jaguaribe',62965000,1,1685),(1,780,6,'São Luís do Curu',62665000,1,1696),(1,781,6,'Senador Pompeu',63600000,1,1710),(1,782,6,'Senador Sá',62470000,1,1711),(1,783,6,'Sobral',NULL,1,1722),(1,784,6,'Solonópole',63620000,1,1724),(1,785,6,'Tabuleiro do Norte',62960000,1,1731),(1,786,6,'Tamboril',63750000,1,1733),(1,787,6,'Tarrafas',63145000,1,1739),(1,788,6,'Tauá',63660000,1,1740),(1,789,6,'Tejuçuoca',62610000,1,1741),(1,790,6,'Tianguá',62320000,1,1742),(1,791,6,'Trairi',62690000,1,1746),(1,792,6,'Tururu',62655000,1,1755),(1,793,6,'Ubajara',62350000,1,1756),(1,794,6,'Umari',63310000,1,1760),(1,795,6,'Umirim',62660000,1,1763),(1,796,6,'Uruburetama',62650000,1,1764),(1,797,6,'Uruoca',62460000,1,1765),(1,798,6,'Varjota',62265000,1,1767),(1,799,6,'Várzea Alegre',63540000,1,1769),(1,800,6,'Viçosa do Ceará',62300000,1,1776),(1,801,7,'Brasília',NULL,1,1778),(1,802,8,'Afonso Cláudio',29600000,1,1798),(1,803,8,'Água Doce do Norte',29820000,1,1800),(1,804,8,'Águia Branca',29795000,1,1801),(1,805,8,'Alegre',29500000,1,1803),(1,806,8,'Alfredo Chaves',29240000,1,1804),(1,807,8,'Alto Rio Novo',29760000,1,1808),(1,808,8,'Anchieta',29230000,1,1810),(1,809,8,'Apiacá',29450000,1,1813),(1,810,8,'Aracruz',NULL,1,1816),(1,811,8,'Atilio Vivacqua',29490000,1,1821),(1,812,8,'Baixo Guandu',29730000,1,1823),(1,813,8,'Barra de São Francisco',29800000,1,1825),(1,814,8,'Boa Esperança',29845000,1,1831),(1,815,8,'Bom Jesus do Norte',29460000,1,1833),(1,816,8,'Brejetuba',29630000,1,1836),(1,817,8,'Cachoeiro de Itapemirim',NULL,1,1839),(1,818,8,'Cariacica',NULL,1,1844),(1,819,8,'Castelo',29360000,1,1845),(1,820,8,'Colatina',NULL,1,1847),(1,821,8,'Conceição da Barra',29960000,1,1848),(1,822,8,'Conceição do Castelo',29370000,1,1849),(1,823,8,'Divino de São Lourenço',29590000,1,1858),(1,824,8,'Domingos Martins',29260000,1,1861),(1,825,8,'Dores do Rio Preto',29580000,1,1863),(1,826,8,'Ecoporanga',29850000,1,1865),(1,827,8,'Fundão',29185000,1,1869),(1,828,8,'Guaçuí',29560000,1,1877),(1,829,8,'Guarapari',NULL,1,1879),(1,830,8,'Ibatiba',29395000,1,1881),(1,831,8,'Ibiraçu',29670000,1,1884),(1,832,8,'Ibitirama',29540000,1,1885),(1,833,8,'Iconha',29280000,1,1888),(1,834,8,'Irupi',29398000,1,1892),(1,835,8,'Itaguaçu',29690000,1,1896),(1,836,8,'Itapemirim',29330000,1,1903),(1,837,8,'Itarana',29620000,1,1907),(1,838,8,'Iúna',29390000,1,1910),(1,839,8,'Jaguaré',29950000,1,1915),(1,840,8,'Jerônimo Monteiro',29550000,1,1916),(1,841,8,'João Neiva',29680000,1,1918),(1,842,8,'Laranja da Terra',29615000,1,1923),(1,843,8,'Linhares',NULL,1,1925),(1,844,8,'Mantenópolis',29770000,1,1927),(1,845,8,'Marataízes',29345000,1,1928),(1,846,8,'Marechal Floriano',29255000,1,1929),(1,847,8,'Marilândia',29725000,1,1930),(1,848,8,'Mimoso do Sul',29400000,1,1934),(1,849,8,'Montanha',29890000,1,1935),(1,850,8,'Mucurici',29880000,1,1939),(1,851,8,'Muniz Freire',29380000,1,1941),(1,852,8,'Muqui',29480000,1,1942),(1,853,8,'Nova Venécia',29830000,1,1946),(1,854,8,'Pancas',29750000,1,1954),(1,855,8,'Pedro Canário',29970000,1,1957),(1,856,8,'Pinheiros',29980000,1,1962),(1,857,8,'Piúma',29285000,1,1964),(1,858,8,'Ponto Belo',29885000,1,1966),(1,859,8,'Presidente Kennedy',29350000,1,1971),(1,860,8,'Rio Bananal',29920000,1,1978),(1,861,8,'Rio Novo do Sul',29290000,1,1981),(1,862,8,'Santa Leopoldina',29640000,1,1988),(1,863,8,'Santa Maria de Jetibá',29645000,1,1992),(1,864,8,'Santa Teresa',29650000,1,1994),(1,865,8,'São Domingos do Norte',29745000,1,2003),(1,866,8,'São Gabriel da Palha',29780000,1,2006),(1,867,8,'São José do Calçado',29470000,1,2017),(1,868,8,'São Mateus',NULL,1,2019),(1,869,8,'São Roque do Canaã',29665000,1,2024),(1,870,8,'Serra',NULL,1,2028),(1,871,8,'Sooretama',29927000,1,2031),(1,872,8,'Vargem Alta',29295000,1,2035),(1,873,8,'Venda Nova do Imigrante',29375000,1,2037),(1,874,8,'Viana',NULL,1,2038),(1,875,8,'Vila Pavão',29843000,1,2042),(1,876,8,'Vila Valério',29785000,1,2043),(1,877,8,'Vila Velha',NULL,1,2044),(1,878,8,'Vitória',NULL,1,2048),(1,879,9,'Abadia de Goiás',75345000,1,2049),(1,880,9,'Abadiânia',72940000,1,2050),(1,881,9,'Acreúna',75960000,1,2051),(1,882,9,'Adelândia',76155000,1,2052),(1,883,9,'Água Fria de Goiás',73780000,1,2053),(1,884,9,'Água Limpa',75665000,1,2054),(1,885,9,'Águas Lindas de Goiás',NULL,1,2055),(1,886,9,'Alexânia',72930000,1,2056),(1,887,9,'Aloândia',75615000,1,2057),(1,888,9,'Alto Horizonte',76560000,1,2059),(1,889,9,'Alto Paraíso de Goiás',73770000,1,2060),(1,890,9,'Alvorada do Norte',73950000,1,2061),(1,891,9,'Amaralina',76493000,1,2062),(1,892,9,'Americano do Brasil',76165000,1,2063),(1,893,9,'Amorinópolis',76140000,1,2064),(1,894,9,'Anápolis',NULL,1,2065),(1,895,9,'Anhanguera',75770000,1,2066),(1,896,9,'Anicuns',76170000,1,2067),(1,897,9,'Aparecida de Goiânia',NULL,1,2069),(1,898,9,'Aparecida do Rio Doce',75827000,1,2072),(1,899,9,'Aporé',75825000,1,2073),(1,900,9,'Araçu',75410000,1,2074),(1,901,9,'Aragarças',76240000,1,2075),(1,902,9,'Aragoiânia',75360000,1,2076),(1,903,9,'Araguapaz',76720000,1,2077),(1,904,9,'Arenópolis',76235000,1,2078),(1,905,9,'Aruanã',76710000,1,2079),(1,906,9,'Aurilândia',76120000,1,2080),(1,907,9,'Avelinópolis',75395000,1,2082),(1,908,9,'Baliza',76250000,1,2084),(1,909,9,'Barro Alto',76390000,1,2087),(1,910,9,'Bela Vista de Goiás',75240000,1,2088),(1,911,9,'Bom Jardim de Goiás',76245000,1,2089),(1,912,9,'Bom Jesus',75570000,1,2090),(1,913,9,'Bonfinópolis',75195000,1,2091),(1,914,9,'Bonópolis',76555000,1,2092),(1,915,9,'Brazabrantes',75440000,1,2093),(1,916,9,'Britânia',76280000,1,2094),(1,917,9,'Buriti Alegre',75660000,1,2096),(1,918,9,'Buriti de Goiás',76152000,1,2097),(1,919,9,'Buritinópolis',73975000,1,2098),(1,920,9,'Cabeceiras',73870000,1,2099),(1,921,9,'Cachoeira Alta',75870000,1,2100),(1,922,9,'Cachoeira de Goiás',76125000,1,2101),(1,923,9,'Cachoeira Dourada',75560000,1,2102),(1,924,9,'Caçu',75813000,1,2103),(1,925,9,'Caiapônia',75850000,1,2104),(1,926,9,'Caldas Novas',75690000,1,2107),(1,927,9,'Caldazinha',75245000,1,2108),(1,928,9,'Campestre de Goiás',75385000,1,2110),(1,929,9,'Campinaçu',76440000,1,2111),(1,930,9,'Campinorte',76410000,1,2112),(1,931,9,'Campo Alegre de Goiás',75795000,1,2113),(1,932,9,'Campos Belos',73840000,1,2116),(1,933,9,'Campos Verdes',76515000,1,2117),(1,934,9,'Carmo do Rio Verde',76340000,1,2122),(1,935,9,'Castelândia',75925000,1,2123),(1,936,9,'Catalão',NULL,1,2125),(1,937,9,'Caturaí',75430000,1,2126),(1,938,9,'Cavalcante',73790000,1,2127),(1,939,9,'Ceres',76300000,1,2130),(1,940,9,'Cezarina',76195000,1,2131),(1,941,9,'Chapadão do Céu',75828000,1,2132),(1,942,9,'Cidade Ocidental',NULL,1,2135),(1,943,9,'Cocalzinho de Goiás',72975000,1,2137),(1,944,9,'Colinas do Sul',73740000,1,2138),(1,945,9,'Córrego do Ouro',76145000,1,2139),(1,946,9,'Corumbá de Goiás',72960000,1,2141),(1,947,9,'Corumbaíba',75680000,1,2142),(1,948,9,'Cristalina',73850000,1,2143),(1,949,9,'Cristianópolis',75230000,1,2144),(1,950,9,'Crixás',76510000,1,2145),(1,951,9,'Cromínia',75635000,1,2146),(1,952,9,'Cumari',75760000,1,2148),(1,953,9,'Damianópolis',73980000,1,2149),(1,954,9,'Damolândia',75420000,1,2150),(1,955,9,'Davinópolis',75730000,1,2152),(1,956,9,'Diorama',76260000,1,2154),(1,957,9,'Divinópolis de Goiás',73865000,1,2155),(1,958,9,'Doverlândia',75855000,1,2157),(1,959,9,'Edealina',75945000,1,2158),(1,960,9,'Edéia',75940000,1,2159),(1,961,9,'Estrela do Norte',76485000,1,2160),(1,962,9,'Faina',76740000,1,2161),(1,963,9,'Fazenda Nova',76220000,1,2162),(1,964,9,'Firminópolis',76105000,1,2163),(1,965,9,'Flores de Goiás',73890000,1,2164),(1,966,9,'Formosa',NULL,1,2165),(1,967,9,'Formoso',76470000,1,2166),(1,968,9,'Goianápolis',75170000,1,2171),(1,969,9,'Goiandira',75740000,1,2172),(1,970,9,'Goianésia',76380000,1,2173),(1,971,9,'Goiânia',NULL,1,2174),(1,972,9,'Goianira',75370000,1,2175),(1,973,9,'Goiás',76600000,1,2176),(1,974,9,'Goiatuba',75600000,1,2177),(1,975,9,'Gouvelândia',75865000,1,2178),(1,976,9,'Guapó',75350000,1,2179),(1,977,9,'Guaraíta',76690000,1,2180),(1,978,9,'Guarani de Goiás',73910000,1,2181),(1,979,9,'Guarinos',76385000,1,2182),(1,980,9,'Heitoraí',76670000,1,2183),(1,981,9,'Hidrolândia',75340000,1,2184),(1,982,9,'Hidrolina',76375000,1,2185),(1,983,9,'Iaciara',73920000,1,2186),(1,984,9,'Inaciolândia',75550000,1,2187),(1,985,9,'Indiara',75955000,1,2188),(1,986,9,'Inhumas',75400000,1,2189),(1,987,9,'Ipameri',75780000,1,2191),(1,988,9,'Iporá',76200000,1,2192),(1,989,9,'Israelândia',76205000,1,2193),(1,990,9,'Itaberaí',76630000,1,2194),(1,991,9,'Itaguari',76650000,1,2196),(1,992,9,'Itaguaru',76660000,1,2197),(1,993,9,'Itajá',75815000,1,2198),(1,994,9,'Itapaci',76360000,1,2199),(1,995,9,'Itapirapuã',76290000,1,2200),(1,996,9,'Itapuranga',76680000,1,2201),(1,997,9,'Itarumã',75810000,1,2202),(1,998,9,'Itauçu',75450000,1,2203),(1,999,9,'Itumbiara',NULL,1,2204),(1,1000,9,'Ivolândia',76130000,1,2205),(1,1001,9,'Jandaia',75950000,1,2207),(1,1002,9,'Jaraguá',76330000,1,2208),(1,1003,9,'Jataí',NULL,1,2209),(1,1004,9,'Jaupaci',76210000,1,2210),(1,1005,9,'Jesúpolis',75495000,1,2212),(1,1006,9,'Joviânia',75610000,1,2214),(1,1007,9,'Jussara',76270000,1,2217),(1,1008,9,'Leopoldo de Bulhões',75190000,1,2220),(1,1009,9,'Luziânia',NULL,1,2222),(1,1010,9,'Mairipotaba',75630000,1,2223),(1,1011,9,'Mambaí',73970000,1,2224),(1,1012,9,'Mara Rosa',76490000,1,2225),(1,1013,9,'Marzagão',75670000,1,2227),(1,1014,9,'Matrinchã',76730000,1,2228),(1,1015,9,'Maurilândia',75930000,1,2229),(1,1016,9,'Mimoso de Goiás',73730000,1,2232),(1,1017,9,'Minaçu',76450000,1,2233),(1,1018,9,'Mineiros',75830000,1,2234),(1,1019,9,'Moiporá',76135000,1,2235),(1,1020,9,'Monte Alegre de Goiás',73830000,1,2236),(1,1021,9,'Montes Claros de Goiás',76255000,1,2237),(1,1022,9,'Montividiu',75915000,1,2238),(1,1023,9,'Montividiu do Norte',76465000,1,2239),(1,1024,9,'Morrinhos',75650000,1,2240),(1,1025,9,'Morro Agudo de Goiás',76355000,1,2241),(1,1026,9,'Mossâmedes',76150000,1,2242),(1,1027,9,'Mozarlândia',76700000,1,2243),(1,1028,9,'Mundo Novo',76530000,1,2244),(1,1029,9,'Mutunópolis',76540000,1,2245),(1,1030,9,'Nazário',76180000,1,2247),(1,1031,9,'Nerópolis',75460000,1,2248),(1,1032,9,'Niquelândia',76420000,1,2249),(1,1033,9,'Nova América',76345000,1,2250),(1,1034,9,'Nova Aurora',75750000,1,2251),(1,1035,9,'Nova Crixás',76520000,1,2252),(1,1036,9,'Nova Glória',76305000,1,2253),(1,1037,9,'Nova Iguaçu de Goiás',76495000,1,2254),(1,1038,9,'Nova Roma',73820000,1,2255),(1,1039,9,'Nova Veneza',75470000,1,2256),(1,1040,9,'Novo Brasil',76285000,1,2257),(1,1041,9,'Novo Gama',NULL,1,2258),(1,1042,9,'Novo Planalto',76580000,1,2259),(1,1043,9,'Orizona',75280000,1,2262),(1,1044,9,'Ouro Verde de Goiás',75165000,1,2263),(1,1045,9,'Ouvidor',75715000,1,2265),(1,1046,9,'Padre Bernardo',73700000,1,2266),(1,1047,9,'Palestina de Goiás',75845000,1,2267),(1,1048,9,'Palmeiras de Goiás',76190000,1,2268),(1,1049,9,'Palmelo',75210000,1,2269),(1,1050,9,'Palminópolis',75990000,1,2270),(1,1051,9,'Panamá',75580000,1,2271),(1,1052,9,'Paranaiguara',75880000,1,2272),(1,1053,9,'Paraúna',75980000,1,2273),(1,1054,9,'Perolândia',75823000,1,2276),(1,1055,9,'Petrolina de Goiás',75480000,1,2277),(1,1056,9,'Pilar de Goiás',76370000,1,2278),(1,1057,9,'Piracanjuba',75640000,1,2280),(1,1058,9,'Piranhas',76230000,1,2281),(1,1059,9,'Pirenópolis',72980000,1,2282),(1,1060,9,'Pires do Rio',75200000,1,2284),(1,1061,9,'Planaltina',NULL,1,2285),(1,1062,9,'Pontalina',75620000,1,2286),(1,1063,9,'Porangatu',76550000,1,2287),(1,1064,9,'Porteirão',75603000,1,2288),(1,1065,9,'Portelândia',75835000,1,2289),(1,1066,9,'Posse',73900000,1,2290),(1,1067,9,'Professor Jamil',75645000,1,2292),(1,1068,9,'Quirinópolis',75860000,1,2293),(1,1069,9,'Rialma',76310000,1,10144),(1,1070,9,'Rianápolis',76315000,1,2295),(1,1071,9,'Rio Quente',75695000,1,2297),(1,1072,9,'Rio Verde',NULL,1,2298),(1,1073,9,'Rubiataba',76350000,1,2302),(1,1074,9,'Sanclerlândia',76160000,1,2303),(1,1075,9,'Santa Bárbara de Goiás',75390000,1,2304),(1,1076,9,'Santa Cruz de Goiás',75220000,1,2306),(1,1077,9,'Santa Fé de Goiás',76265000,1,2307),(1,1078,9,'Santa Helena de Goiás',75920000,1,2308),(1,1079,9,'Santa Isabel',76320000,1,2309),(1,1080,9,'Santa Rita do Araguaia',75840000,1,2310),(1,1081,9,'Santa Rita do Novo Destino',76395000,1,2311),(1,1082,9,'Santa Rosa de Goiás',75455000,1,2313),(1,1083,9,'Santa Tereza de Goiás',76480000,1,2314),(1,1084,9,'Santa Terezinha de Goiás',76500000,1,2315),(1,1085,9,'Santo Antônio da Barra',75935000,1,2316),(1,1086,9,'Santo Antônio de Goiás',75375000,1,2317),(1,1087,9,'Santo Antônio do Descoberto',72900000,1,2318),(1,1088,9,'São Domingos',73860000,1,2320),(1,1089,9,'São Francisco de Goiás',75490000,1,2321),(1,1090,9,'São João D\'Aliança',73760000,1,2324),(1,1091,9,'São João da Paraúna',75985000,1,2325),(1,1092,9,'São Luís de Montes Belos',76100000,1,2326),(1,1093,9,'São Luíz do Norte',76365000,1,2327),(1,1094,9,'São Miguel do Araguaia',76590000,1,2329),(1,1095,9,'São Miguel do Passa Quatro',75185000,1,2330),(1,1096,9,'São Patrício',76343000,1,2331),(1,1097,9,'São Simão',75890000,1,2333),(1,1098,9,'Senador Canedo',75250000,1,2336),(1,1099,9,'Serranópolis',75820000,1,2338),(1,1100,9,'Silvânia',75180000,1,2339),(1,1101,9,'Simolândia',73930000,1,2340),(1,1102,9,'Sítio D\'Abadia',73990000,1,2341),(1,1103,9,'Taquaral de Goiás',76640000,1,2343),(1,1104,9,'Teresina de Goiás',73795000,1,2345),(1,1105,9,'Terezópolis de Goiás',75175000,1,2346),(1,1106,9,'Três Ranchos',75720000,1,2348),(1,1107,9,'Trindade',75380000,1,2349),(1,1108,9,'Trombas',76460000,1,2350),(1,1109,9,'Turvânia',76110000,1,2352),(1,1110,9,'Turvelândia',75970000,1,2353),(1,1111,9,'Uirapuru',76525000,1,2354),(1,1112,9,'Uruaçu',76400000,1,2355),(1,1113,9,'Uruana',76335000,1,2356),(1,1114,9,'Urutaí',75790000,1,2358),(1,1115,9,'Valparaíso de Goiás',NULL,1,2361),(1,1116,9,'Varjão',75355000,1,2362),(1,1117,9,'Vianópolis',75260000,1,2363),(1,1118,9,'Vicentinópolis',75555000,1,2364),(1,1119,9,'Vila Boa',73825000,1,2365),(1,1120,9,'Vila Propício',76393000,1,2367),(1,1121,10,'Açailândia',65930000,1,2369),(1,1122,10,'Afonso Cunha',65505000,1,2370),(1,1123,10,'Água Doce do Maranhão',65578000,1,2371),(1,1124,10,'Alcântara',65250000,1,2372),(1,1125,10,'Aldeias Altas',65610000,1,2373),(1,1126,10,'Altamira do Maranhão',65310000,1,2374),(1,1127,10,'Alto Alegre do Maranhão',65413000,1,2375),(1,1128,10,'Alto Alegre do Pindaré',65398000,1,2376),(1,1129,10,'Alto Parnaíba',65810000,1,2377),(1,1130,10,'Amapá do Maranhão',65293000,1,2378),(1,1131,10,'Amarante do Maranhão',65923000,1,2379),(1,1132,10,'Anajatuba',65490000,1,2380),(1,1133,10,'Anapurus',65525000,1,2381),(1,1134,10,'Apicum-Açu',65275000,1,2383),(1,1135,10,'Araguanã',65368000,1,2384),(1,1136,10,'Araioses',65570000,1,2385),(1,1137,10,'Arame',65945000,1,2386),(1,1138,10,'Arari',65480000,1,2387),(1,1139,10,'Axixá',65148000,1,2389),(1,1140,10,'Bacabal',65700000,1,2390),(1,1141,10,'Bacabeira',65143000,1,2391),(1,1142,10,'Bacuri',65270000,1,2393),(1,1143,10,'Bacurituba',65233000,1,2394),(1,1144,10,'Balsas',65800000,1,2395),(1,1145,10,'Barão de Grajaú',65660000,1,2396),(1,1146,10,'Barra do Corda',65950000,1,2398),(1,1147,10,'Barreirinhas',65590000,1,2399),(1,1148,10,'Bela Vista do Maranhão',65335000,1,2401),(1,1149,10,'Belágua',65535000,1,2402),(1,1150,10,'Benedito Leite',65885000,1,2403),(1,1151,10,'Bequimão',65248000,1,2404),(1,1152,10,'Bernardo do Mearim',65723000,1,2405),(1,1153,10,'Boa Vista do Gurupi',65292000,1,2406),(1,1154,10,'Bom Jardim',65380000,1,2408),(1,1155,10,'Bom Jesus das Selvas',65395000,1,2409),(1,1156,10,'Bom Lugar',65704000,1,2410),(1,1157,10,'Brejo',65520000,1,2412),(1,1158,10,'Brejo de Areia',65315000,1,2413),(1,1159,10,'Buriti',65515000,1,2415),(1,1160,10,'Buriti Bravo',65685000,1,2416),(1,1161,10,'Buriticupu',65393000,1,2418),(1,1162,10,'Buritirana',65935500,1,2419),(1,1163,10,'Cachoeira Grande',65165000,1,2420),(1,1164,10,'Cajapió',65230000,1,2421),(1,1165,10,'Cajari',65210000,1,2422),(1,1166,10,'Campestre do Maranhão',65968000,1,2423),(1,1167,10,'Cândido Mendes',65280000,1,2424),(1,1168,10,'Cantanhede',65465000,1,2425),(1,1169,10,'Capinzal do Norte',65735000,1,2426),(1,1170,10,'Carolina',65980000,1,2428),(1,1171,10,'Carutapera',65295000,1,2429),(1,1172,10,'Caxias',NULL,1,2430),(1,1173,10,'Cedral',65260000,1,2431),(1,1174,10,'Central do Maranhão',65267000,1,2432),(1,1175,10,'Centro do Guilherme',65288000,1,2433),(1,1176,10,'Centro Novo do Maranhão',65299000,1,2434),(1,1177,10,'Chapadinha',65500000,1,2435),(1,1178,10,'Cidelândia',65921000,1,2436),(1,1179,10,'Codó',65400000,1,2437),(1,1180,10,'Coelho Neto',65620000,1,2439),(1,1181,10,'Colinas',65690000,1,2440),(1,1182,10,'Conceição do Lago-Açu',65340000,1,2441),(1,1183,10,'Coroatá',65415000,1,2442),(1,1184,10,'Cururupu',65268000,1,2444),(1,1185,10,'Davinópolis',65927000,1,2447),(1,1186,10,'Dom Pedro',65765000,1,2448),(1,1187,10,'Duque Bacelar',65625000,1,2449),(1,1188,10,'Esperantinópolis',65750000,1,2450),(1,1189,10,'Estreito',65975000,1,2452),(1,1190,10,'Feira Nova do Maranhão',65995000,1,2453),(1,1191,10,'Fernando Falcão',65964000,1,2454),(1,1192,10,'Formosa da Serra Negra',65943000,1,2455),(1,1193,10,'Fortaleza dos Nogueiras',65805000,1,2456),(1,1194,10,'Fortuna',65695000,1,2457),(1,1195,10,'Godofredo Viana',65285000,1,2459),(1,1196,10,'Gonçalves Dias',65775000,1,2460),(1,1197,10,'Governador Archer',65770000,1,2461),(1,1198,10,'Governador Edson Lobão',65928000,1,2462),(1,1199,10,'Governador Eugênio Barros',65780000,1,2463),(1,1200,10,'Governador Luiz Rocha',65795000,1,2464),(1,1201,10,'Governador Newton Bello',65363000,1,2465),(1,1202,10,'Governador Nunes Freire',65284000,1,2466),(1,1203,10,'Graça Aranha',65785000,1,2467),(1,1204,10,'Grajaú',65940000,1,2468),(1,1205,10,'Guimarães',65255000,1,2469),(1,1206,10,'Humberto de Campos',65180000,1,2470),(1,1207,10,'Icatu',65170000,1,2472),(1,1208,10,'Igarapé do Meio',65345000,1,2473),(1,1209,10,'Igarapé Grande',65720000,1,2474),(1,1210,10,'Imperatriz',NULL,1,2475),(1,1211,10,'Itaipava do Grajaú',65948000,1,2476),(1,1212,10,'Itapecuru Mirim',65485000,1,2478),(1,1213,10,'Itinga do Maranhão',65939000,1,2480),(1,1214,10,'Jatobá',65693000,1,2481),(1,1215,10,'Jenipapo dos Vieiras',65962000,1,2482),(1,1216,10,'João Lisboa',65922000,1,2483),(1,1217,10,'Joselândia',65755000,1,2484),(1,1218,10,'Junco do Maranhão',65294000,1,2485),(1,1219,10,'Lago da Pedra',65715000,1,2486),(1,1220,10,'Lago do Junco',65710000,1,2487),(1,1221,10,'Lago dos Rodrigues',65712000,1,2488),(1,1222,10,'Lago Verde',65705000,1,2489),(1,1223,10,'Lagoa do Mato',65683000,1,2490),(1,1224,10,'Lagoa Grande do Maranhão',65718000,1,2491),(1,1225,10,'Lajeado Novo',65937000,1,2492),(1,1226,10,'Lima Campos',65728000,1,2495),(1,1227,10,'Loreto',65895000,1,2496),(1,1228,10,'Luís Domingues',65290000,1,2497),(1,1229,10,'Magalhães de Almeida',65560000,1,2498),(1,1230,10,'Maracaçumé',65289000,1,2500),(1,1231,10,'Marajá do Sena',65714000,1,2501),(1,1232,10,'Maranhãozinho',65283000,1,2502),(1,1233,10,'Mata Roma',65510000,1,2505),(1,1234,10,'Matinha',65218000,1,2506),(1,1235,10,'Matões',65645000,1,2507),(1,1236,10,'Matões do Norte',65468000,1,2508),(1,1237,10,'Milagres do Maranhão',65545000,1,2509),(1,1238,10,'Mirador',65850000,1,2510),(1,1239,10,'Miranda do Norte',65495000,1,2511),(1,1240,10,'Mirinzal',65265000,1,2512),(1,1241,10,'Monção',65360000,1,2513),(1,1242,10,'Montes Altos',65936000,1,2514),(1,1243,10,'Morros',65160000,1,2515),(1,1244,10,'Nina Rodrigues',65450000,1,2516),(1,1245,10,'Nova Colinas',65808000,1,2517),(1,1246,10,'Nova Iorque',65880000,1,2518),(1,1247,10,'Nova Olinda do Maranhão',65274000,1,2519),(1,1248,10,'Olho D\'Água das Cunhãs',65706000,1,2520),(1,1249,10,'Olinda Nova do Maranhão',65223000,1,2521),(1,1250,10,'Paço do Lumiar',65130000,1,2522),(1,1251,10,'Palmeirândia',65238000,1,2523),(1,1252,10,'Paraibano',65670000,1,2525),(1,1253,10,'Parnarama',65640000,1,2526),(1,1254,10,'Passagem Franca',65680000,1,2527),(1,1255,10,'Pastos Bons',65870000,1,2528),(1,1256,10,'Paulino Neves',65585000,1,2529),(1,1257,10,'Paulo Ramos',65716000,1,2530),(1,1258,10,'Pedreiras',65725000,1,2531),(1,1259,10,'Pedro do Rosário',65206000,1,2532),(1,1260,10,'Penalva',65213000,1,2533),(1,1261,10,'Peri Mirim',65245000,1,2534),(1,1262,10,'Peritoró',65418000,1,2535),(1,1263,10,'Pindaré Mirim',65370000,1,2537),(1,1264,10,'Pinheiro',65200000,1,2538),(1,1265,10,'Pio XII',65707000,1,2539),(1,1266,10,'Pirapemas',65460000,1,2540),(1,1267,10,'Poção de Pedras',65740000,1,2541),(1,1268,10,'Porto Franco',65970000,1,2543),(1,1269,10,'Porto Rico do Maranhão',65263000,1,2544),(1,1270,10,'Presidente Dutra',65760000,1,2545),(1,1271,10,'Presidente Juscelino',65140000,1,2546),(1,1272,10,'Presidente Médici',65279000,1,2547),(1,1273,10,'Presidente Sarney',65204000,1,2548),(1,1274,10,'Presidente Vargas',65455000,1,2549),(1,1275,10,'Primeira Cruz',65190000,1,2550),(1,1276,10,'Raposa',65138000,1,2551),(1,1277,10,'Riachão',65990000,1,2553),(1,1278,10,'Ribamar Fiquene',65938000,1,2554),(1,1279,10,'Rosário',65150000,1,2558),(1,1280,10,'Sambaíba',65830000,1,2559),(1,1281,10,'Santa Filomena do Maranhão',65768000,1,2560),(1,1282,10,'Santa Helena',65208000,1,2561),(1,1283,10,'Santa Inês',65300000,1,2562),(1,1284,10,'Santa Luzia',65390000,1,2563),(1,1285,10,'Santa Luzia do Paruá',65272000,1,2564),(1,1286,10,'Santa Quitéria do Maranhão',65540000,1,2565),(1,1287,10,'Santa Rita',65145000,1,2566),(1,1288,10,'Santana do Maranhão',65555000,1,2567),(1,1289,10,'Santo Amaro',65195000,1,2568),(1,1290,10,'Santo Antônio dos Lopes',65730000,1,2569),(1,1291,10,'São Benedito do Rio Preto',65440000,1,2570),(1,1292,10,'São Bento',65235000,1,2571),(1,1293,10,'São Bernardo',65550000,1,2572),(1,1294,10,'São Domingos do Azeitão',65888000,1,2573),(1,1295,10,'São Domingos do Maranhão',65790000,1,2574),(1,1296,10,'São Félix de Balsas',65890000,1,2575),(1,1297,10,'São Francisco do Brejão',65929000,1,2576),(1,1298,10,'São Francisco do Maranhão',65650000,1,2577),(1,1299,10,'São João Batista',65225000,1,2578),(1,1300,10,'São João do Carú',65385000,1,2580),(1,1301,10,'São João do Paraíso',65973000,1,2581),(1,1302,10,'São João do Soter',65615000,1,2582),(1,1303,10,'São João dos Patos',65665000,1,2583),(1,1304,10,'São José de Ribamar',65110000,1,2585),(1,1305,10,'São José dos Basílios',65762000,1,2586),(1,1306,10,'São Luís',NULL,1,2587),(1,1307,10,'São Luís Gonzaga do Maranhão',65708000,1,2588),(1,1308,10,'São Mateus do Maranhão',65470000,1,2589),(1,1309,10,'São Pedro da Água Branca',65920000,1,2590),(1,1310,10,'São Pedro dos Crentes',65978000,1,2591),(1,1311,10,'São Raimundo das Mangabeiras',65840000,1,2592),(1,1312,10,'São Raimundo do Doca Bezerra',65753000,1,2594),(1,1313,10,'São Roberto',65758000,1,2595),(1,1314,10,'São Vicente Ferrer',65220000,1,2596),(1,1315,10,'Satubinha',65709000,1,2597),(1,1316,10,'Senador Alexandre Costa',65783000,1,2598),(1,1317,10,'Senador La Roque',65935000,1,2599),(1,1318,10,'Serrano do Maranhão',65269000,1,2600),(1,1319,10,'Sítio Novo',65925000,1,2601),(1,1320,10,'Sucupira do Norte',65860000,1,2602),(1,1321,10,'Sucupira do Riachão',65668000,1,2603),(1,1322,10,'Tasso Fragoso',65820000,1,2604),(1,1323,10,'Timbiras',65420000,1,2605),(1,1324,10,'Timon',NULL,1,2606),(1,1325,10,'Trizidela do Vale',65727000,1,2607),(1,1326,10,'Tufilândia',65378000,1,2608),(1,1327,10,'Tuntum',65763000,1,2609),(1,1328,10,'Turiaçu',65278000,1,2610),(1,1329,10,'Turilândia',65276000,1,2611),(1,1330,10,'Tutóia',65580000,1,2612),(1,1331,10,'Urbano Santos',65530000,1,2613),(1,1332,10,'Vargem Grande',65430000,1,2614),(1,1333,10,'Viana',65215000,1,2615),(1,1334,10,'Vila Nova dos Martírios',65924000,1,2616),(1,1335,10,'Vitória do Mearim',65350000,1,2617),(1,1336,10,'Vitorino Freire',65320000,1,2618),(1,1337,10,'Zé Doca',65365000,1,2619),(1,1338,11,'Acorizal',78480000,1,4272),(1,1339,11,'Água Boa',78635000,1,4273),(1,1340,11,'Alta Floresta',78580000,1,4280),(1,1341,11,'Alto Araguaia',78780000,1,4281),(1,1342,11,'Alto Boa Vista',78665000,1,4282),(1,1343,11,'Alto Garças',78770000,1,4284),(1,1344,11,'Alto Paraguai',78410000,1,4286),(1,1345,11,'Alto Taquari',78785000,1,4288),(1,1346,11,'Apiacás',78595000,1,4290),(1,1347,11,'Araguaiana',78685000,1,4291),(1,1348,11,'Araguainha',78615000,1,4292),(1,1349,11,'Araputanga',78260000,1,4293),(1,1350,11,'Arenápolis',78420000,1,4294),(1,1351,11,'Aripuanã',78325000,1,4295),(1,1352,11,'Barão de Melgaço',78190000,1,4298),(1,1353,11,'Barra do Bugres',78390000,1,4299),(1,1354,11,'Barra do Garças',78600000,1,4300),(1,1355,11,'Brasnorte',78350000,1,4310),(1,1356,11,'Cáceres',78200000,1,4313),(1,1357,11,'Campinápolis',78630000,1,4315),(1,1358,11,'Campo Novo do Parecis',78360000,1,4316),(1,1359,11,'Campo Verde',78840000,1,4317),(1,1360,11,'Campos de Júlio',78307000,1,4318),(1,1361,11,'Canabrava do Norte',78658000,1,4320),(1,1362,11,'Canarana',78640000,1,4321),(1,1363,11,'Carlinda',78587000,1,4327),(1,1364,11,'Castanheira',78345000,1,4329),(1,1365,11,'Chapada dos Guimarães',78195000,1,4331),(1,1366,11,'Cláudia',78540000,1,4333),(1,1367,11,'Cocalinho',78680000,1,4334),(1,1368,11,'Colíder',78500000,1,4335),(1,1369,11,'Comodoro',78310000,1,4337),(1,1370,11,'Confresa',78652000,1,4338),(1,1371,11,'Cotriguaçu',78330000,1,4341),(1,1372,11,'Cuiabá',NULL,1,4347),(1,1373,11,'Denise',78380000,1,4350),(1,1374,11,'Diamantino',78400000,1,4351),(1,1375,11,'Dom Aquino',78830000,1,4352),(1,1376,11,'Feliz Natal',78885000,1,4359),(1,1377,11,'Figueirópolis D\'Oeste',78290000,1,4360),(1,1378,11,'Gaúcha do Norte',78875000,1,4364),(1,1379,11,'General Carneiro',78620000,1,4365),(1,1380,11,'Glória D\'Oeste',78293000,1,4366),(1,1381,11,'Guarantã do Norte',78520000,1,4367),(1,1382,11,'Guiratinga',78760000,1,4369),(1,1383,11,'Indiavaí',78295000,1,4372),(1,1384,11,'Itaúba',78510000,1,4375),(1,1385,11,'Itiquira',78790000,1,4376),(1,1386,11,'Jaciara',78820000,1,4377),(1,1387,11,'Jangada',78490000,1,4378),(1,1388,11,'Jauru',78255000,1,4381),(1,1389,11,'Juara',78575000,1,4383),(1,1390,11,'Juína',78320000,1,4384),(1,1391,11,'Juruena',78340000,1,4385),(1,1392,11,'Juscimeira',78810000,1,4386),(1,1393,11,'Lambari D\'Oeste',78278000,1,4387),(1,1394,11,'Lucas do Rio Verde',78455000,1,4389),(1,1395,11,'Luciara',78660000,1,4391),(1,1396,11,'Marcelândia',78535000,1,4393),(1,1397,11,'Matupá',78525000,1,4396),(1,1398,11,'Mirassol D\'Oeste',78280000,1,4398),(1,1399,11,'Nobres',78460000,1,4399),(1,1400,11,'Nortelândia',78430000,1,4401),(1,1401,11,'Nossa Senhora do Livramento',78170000,1,4403),(1,1402,11,'Nova Bandeirantes',78565000,1,4405),(1,1403,11,'Nova Brasilândia',78860000,1,4406),(1,1404,11,'Nova Canaã do Norte',78515000,1,4408),(1,1405,11,'Nova Guarita',78508000,1,4411),(1,1406,11,'Nova Lacerda',78243000,1,4412),(1,1407,11,'Nova Marilândia',78415000,1,4413),(1,1408,11,'Nova Maringá',78445000,1,4414),(1,1409,11,'Nova Monte Verde',78593000,1,4415),(1,1410,11,'Nova Mutum',78450000,1,4416),(1,1411,11,'Nova Olímpia',78370000,1,4417),(1,1412,11,'Nova Ubiratã',78888000,1,4418),(1,1413,11,'Nova Xavantina',78690000,1,4419),(1,1414,11,'Novo Horizonte do Norte',78570000,1,4422),(1,1415,11,'Novo Mundo',78528000,1,4423),(1,1416,11,'Novo São Joaquim',78625000,1,4425),(1,1417,11,'Paranaíta',78590000,1,4429),(1,1418,11,'Paranatinga',78870000,1,4430),(1,1419,11,'Pedra Preta',78795000,1,4432),(1,1420,11,'Peixoto de Azevedo',78530000,1,4433),(1,1421,11,'Planalto da Serra',78855000,1,4436),(1,1422,11,'Poconé',78175000,1,4437),(1,1423,11,'Pontal do Araguaia',78698000,1,4439),(1,1424,11,'Ponte Branca',78610000,1,4440),(1,1425,11,'Pontes e Lacerda',78250000,1,4442),(1,1426,11,'Porto Alegre do Norte',78655000,1,4444),(1,1427,11,'Porto dos Gaúchos',78560000,1,4445),(1,1428,11,'Porto Esperidião',78240000,1,4446),(1,1429,11,'Porto Estrela',78398000,1,4447),(1,1430,11,'Poxoréu',78800000,1,4448),(1,1431,11,'Primavera do Leste',78850000,1,4451),(1,1432,11,'Querência',78643000,1,4453),(1,1433,11,'Reserva do Cabaçal',78265000,1,4455),(1,1434,11,'Ribeirão Cascalheira',78675000,1,4456),(1,1435,11,'Ribeirãozinho',78613000,1,4458),(1,1436,11,'Rio Branco',78275000,1,4459),(1,1437,11,'Rondonópolis',NULL,1,4462),(1,1438,11,'Rosário Oeste',78470000,1,4463),(1,1439,11,'Salto do Céu',78270000,1,4464),(1,1440,11,'Santa Carmem',78545000,1,4466),(1,1441,11,'Santa Terezinha',78650000,1,4470),(1,1442,11,'Santo Afonso',78425000,1,4472),(1,1443,11,'Santo Antônio do Leverger',78180000,1,4473),(1,1444,11,'São Félix do Araguaia',78670000,1,4477),(1,1445,11,'São José do Povo',78773000,1,4483),(1,1446,11,'São José do Rio Claro',78435000,1,4484),(1,1447,11,'São José do Xingu',78663000,1,4485),(1,1448,11,'São José dos Quatro Marcos',78285000,1,4486),(1,1449,11,'São Pedro da Cipa',78835000,1,4488),(1,1450,11,'Sapezal',78365000,1,4490),(1,1451,11,'Sinop',NULL,1,4493),(1,1452,11,'Sorriso',78890000,1,4495),(1,1453,11,'Tabaporã',78563000,1,4497),(1,1454,11,'Tangará da Serra',78300000,1,4498),(1,1455,11,'Tapurah',78573000,1,4500),(1,1456,11,'Terra Nova do Norte',78505000,1,4501),(1,1457,11,'Tesouro',78775000,1,4503),(1,1458,11,'Torixoréu',78695000,1,4505),(1,1459,11,'União do Sul',78543000,1,4507),(1,1460,11,'Várzea Grande',NULL,1,4511),(1,1461,11,'Vera',78880000,1,4512),(1,1462,11,'Vila Bela da Santíssima Trindade',78245000,1,4514),(1,1463,11,'Vila Rica',78645000,1,4520),(1,1464,12,'Água Clara',79680000,1,4103),(1,1465,12,'Alcinópolis',79530000,1,4105),(1,1466,12,'Amambai',79990000,1,4107),(1,1467,12,'Anastácio',79210000,1,4110),(1,1468,12,'Anaurilândia',79770000,1,4111),(1,1469,12,'Angélica',79785000,1,4112),(1,1470,12,'Antônio João',79910000,1,4114),(1,1471,12,'Aparecida do Taboado',79570000,1,4115),(1,1472,12,'Aquidauana',79200000,1,4116),(1,1473,12,'Aral Moreira',79930000,1,4117),(1,1474,12,'Bandeirantes',79430000,1,4123),(1,1475,12,'Bataguassu',79780000,1,4124),(1,1476,12,'Batayporã',79760000,1,4125),(1,1477,12,'Bela Vista',79260000,1,4127),(1,1478,12,'Bodoquena',79390000,1,4130),(1,1479,12,'Bonito',79290000,1,4132),(1,1480,12,'Brasilândia',79670000,1,4134),(1,1481,12,'Caarapó',79940000,1,4135),(1,1482,12,'Camapuã',79420000,1,4138),(1,1483,12,'Campo Grande',NULL,1,4141),(1,1484,12,'Caracol',79270000,1,4143),(1,1485,12,'Cassilândia',79540000,1,4145),(1,1486,12,'Chapadão do Sul',79560000,1,4146),(1,1487,12,'Corguinho',79460000,1,4150),(1,1488,12,'Coronel Sapucaia',79995000,1,4151),(1,1489,12,'Corumbá',NULL,1,4152),(1,1490,12,'Costa Rica',79550000,1,4153),(1,1491,12,'Coxim',79400000,1,4154),(1,1492,12,'Deodápolis',79790000,1,4160),(1,1493,12,'Dois Irmãos do Buriti',79215000,1,4161),(1,1494,12,'Douradina',79880000,1,4162),(1,1495,12,'Dourados',NULL,1,4163),(1,1496,12,'Eldorado',79970000,1,4164),(1,1497,12,'Fátima do Sul',79700000,1,4165),(1,1498,12,'Glória de Dourados',79730000,1,4168),(1,1499,12,'Guia Lopes da Laguna',79230000,1,4172),(1,1500,12,'Iguatemi',79960000,1,4173),(1,1501,12,'Inocência',79580000,1,4179),(1,1502,12,'Itaporã',79890000,1,4182),(1,1503,12,'Itaquiraí',79965000,1,4183),(1,1504,12,'Ivinhema',79740000,1,4184),(1,1505,12,'Japorã',79985000,1,4187),(1,1506,12,'Jaraguari',79440000,1,4188),(1,1507,12,'Jardim',79240000,1,4189),(1,1508,12,'Jateí',79720000,1,4190),(1,1509,12,'Juti',79955000,1,4193),(1,1510,12,'Ladário',79370000,1,4194),(1,1511,12,'Laguna Carapã',79920000,1,4196),(1,1512,12,'Maracaju',79150000,1,4197),(1,1513,12,'Miranda',79380000,1,4198),(1,1514,12,'Mundo Novo',79980000,1,4203),(1,1515,12,'Naviraí',79950000,1,4204),(1,1516,12,'Nioaque',79220000,1,4206),(1,1517,12,'Nova Alvorada do Sul',79140000,1,4208),(1,1518,12,'Nova Andradina',79750000,1,4210),(1,1519,12,'Novo Horizonte do Sul',79745000,1,4214),(1,1520,12,'Paranaíba',79500000,1,4220),(1,1521,12,'Paranhos',79925000,1,4221),(1,1522,12,'Pedro Gomes',79410000,1,4222),(1,1523,12,'Ponta Porã',NULL,1,4226),(1,1524,12,'Porto Murtinho',79280000,1,4230),(1,1525,12,'Ribas do Rio Pardo',79180000,1,4237),(1,1526,12,'Rio Brilhante',79130000,1,4238),(1,1527,12,'Rio Negro',79470000,1,4239),(1,1528,12,'Rio Verde de Mato Grosso',79480000,1,4240),(1,1529,12,'Rochedo',79450000,1,4242),(1,1530,12,'Santa Rita do Pardo',79690000,1,4244),(1,1531,12,'São Gabriel do Oeste',79490000,1,4246),(1,1532,12,'Selvíria',79590000,1,4253),(1,1533,12,'Sete Quedas',79935000,1,4254),(1,1534,12,'Sidrolândia',79170000,1,4255),(1,1535,12,'Sonora',79415000,1,4256),(1,1536,12,'Tacuru',79975000,1,4257),(1,1537,12,'Taquarussu',79765000,1,4260),(1,1538,12,'Terenos',79190000,1,4262),(1,1539,12,'Três Lagoas',NULL,1,4263),(1,1540,12,'Vicentina',79710000,1,4265),(1,1541,13,'Abadia dos Dourados',38540000,1,2620),(1,1542,13,'Abaeté',35620000,1,2621),(1,1543,13,'Abre Campo',35365000,1,2624),(1,1544,13,'Acaiaca',35438000,1,2626),(1,1545,13,'Açucena',35150000,1,2627),(1,1546,13,'Água Boa',39790000,1,2630),(1,1547,13,'Água Comprida',38110000,1,2632),(1,1548,13,'Aguanil',37273000,1,2634),(1,1549,13,'Águas Formosas',39880000,1,2638),(1,1550,13,'Águas Vermelhas',39990000,1,2639),(1,1551,13,'Aimorés',35200000,1,2640),(1,1552,13,'Aiuruoca',37450000,1,2641),(1,1553,13,'Alagoa',37458000,1,2642),(1,1554,13,'Albertina',37596000,1,2643),(1,1555,13,'Além Paraíba',36660000,1,2649),(1,1556,13,'Alfenas',37130000,1,2651),(1,1557,13,'Alfredo Vasconcelos',36272000,1,2652),(1,1558,13,'Almenara',39900000,1,2654),(1,1559,13,'Alpercata',35138000,1,2655),(1,1560,13,'Alpinópolis',37940000,1,2656),(1,1561,13,'Alterosa',37145000,1,2657),(1,1562,13,'Alto Caparaó',36979000,1,2658),(1,1563,13,'Alto Jequitibá',36976000,1,2661),(1,1564,13,'Alto Rio Doce',36260000,1,2663),(1,1565,13,'Alvarenga',35249000,1,2666),(1,1566,13,'Alvinópolis',35950000,1,2667),(1,1567,13,'Alvorada de Minas',39140000,1,2669),(1,1568,13,'Amparo da Serra',35444000,1,2673),(1,1569,13,'Andradas',37795000,1,2675),(1,1570,13,'Andrelândia',37300000,1,2676),(1,1571,13,'Angelândia',39685000,1,2679),(1,1572,13,'Antônio Carlos',36220000,1,2683),(1,1573,13,'Antônio Dias',35177000,1,2684),(1,1574,13,'Antônio Prado de Minas',36850000,1,2688),(1,1575,13,'Araçaí',35777000,1,2691),(1,1576,13,'Aracitaba',36255000,1,2693),(1,1577,13,'Araçuaí',39600000,1,2694),(1,1578,13,'Araguari',NULL,1,2695),(1,1579,13,'Arantina',37360000,1,2698),(1,1580,13,'Araponga',36594000,1,2699),(1,1581,13,'Araporã',38435000,1,2700),(1,1582,13,'Arapuá',38860000,1,2701),(1,1583,13,'Araújos',35603000,1,2702),(1,1584,13,'Araxá',NULL,1,2704),(1,1585,13,'Arceburgo',37820000,1,2706),(1,1586,13,'Arcos',35588000,1,2707),(1,1587,13,'Areado',37140000,1,2708),(1,1588,13,'Argirita',36710000,1,2710),(1,1589,13,'Aricanduva',39678000,1,2711),(1,1590,13,'Arinos',38680000,1,2712),(1,1591,13,'Astolfo Dutra',36780000,1,2716),(1,1592,13,'Ataléia',39850000,1,2717),(1,1593,13,'Augusto de Lima',39220000,1,2718),(1,1594,13,'Baependi',37443000,1,2723),(1,1595,13,'Baldim',35706000,1,2728),(1,1596,13,'Bambuí',38900000,1,2729),(1,1597,13,'Bandeira',39917000,1,2730),(1,1598,13,'Bandeira do Sul',37740000,1,2731),(1,1599,13,'Barão de Cocais',35970000,1,2733),(1,1600,13,'Barão de Monte Alto',36870000,1,2734),(1,1601,13,'Barbacena',NULL,1,2735),(1,1602,13,'Barra Longa',35447000,1,2741),(1,1603,13,'Barroso',36212000,1,2749),(1,1604,13,'Bela Vista de Minas',35938000,1,2751),(1,1605,13,'Belmiro Braga',36126000,1,2753),(1,1606,13,'Belo Horizonte',NULL,1,2754),(1,1607,13,'Belo Oriente',35195000,1,2755),(1,1608,13,'Belo Vale',35473000,1,2757),(1,1609,13,'Berilo',39640000,1,2759),(1,1610,13,'Berizal',39555000,1,2760),(1,1611,13,'Bertópolis',39875000,1,2761),(1,1612,13,'Betim',NULL,1,2762),(1,1613,13,'Bias Fortes',36230000,1,2763),(1,1614,13,'Bicas',36600000,1,2764),(1,1615,13,'Biquinhas',35621000,1,2766),(1,1616,13,'Boa Esperança',37170000,1,2768),(1,1617,13,'Bocaina de Minas',37340000,1,2772),(1,1618,13,'Bocaiúva',39390000,1,2773),(1,1619,13,'Bom Despacho',35600000,1,2774),(1,1620,13,'Bom Jardim de Minas',37310000,1,2775),(1,1621,13,'Bom Jesus da Penha',37948000,1,2777),(1,1622,13,'Bom Jesus do Amparo',35908000,1,2779),(1,1623,13,'Bom Jesus do Galho',35340000,1,2781),(1,1624,13,'Bom Repouso',37610000,1,2784),(1,1625,13,'Bom Sucesso',37220000,1,2786),(1,1626,13,'Bonfim',35521000,1,2789),(1,1627,13,'Bonfinópolis de Minas',38650000,1,2790),(1,1628,13,'Bonito de Minas',39490000,1,2791),(1,1629,13,'Borda da Mata',37564000,1,2793),(1,1630,13,'Botelhos',37720000,1,2794),(1,1631,13,'Botumirim',39596000,1,2795),(1,1632,13,'Brás Pires',36542000,1,2796),(1,1633,13,'Brasilândia de Minas',38779000,1,2797),(1,1634,13,'Brasília de Minas',39330000,1,2798),(1,1635,13,'Brasópolis',37530000,1,2799),(1,1636,13,'Braúnas',35169000,1,2800),(1,1637,13,'Brumadinho',35460000,1,2805),(1,1638,13,'Bueno Brandão',37578000,1,2809),(1,1639,13,'Buenópolis',39230000,1,2810),(1,1640,13,'Bugre',35193000,1,2811),(1,1641,13,'Buritis',38660000,1,2812),(1,1642,13,'Buritizeiro',39280000,1,2813),(1,1643,13,'Cabeceira Grande',38625000,1,2815),(1,1644,13,'Cabo Verde',37880000,1,2816),(1,1645,13,'Cachoeira da Prata',35765000,1,2821),(1,1646,13,'Cachoeira de Minas',37545000,1,2822),(1,1647,13,'Cachoeira de Pajeú',39980000,1,2823),(1,1648,13,'Cachoeira Dourada',38370000,1,2830),(1,1649,13,'Caetanópolis',35770000,1,2833),(1,1650,13,'Caeté',34800000,1,2834),(1,1651,13,'Caiana',36832000,1,2836),(1,1652,13,'Cajuri',36560000,1,2838),(1,1653,13,'Caldas',37780000,1,2839),(1,1654,13,'Camacho',35555000,1,2841),(1,1655,13,'Camanducaia',37650000,1,2842),(1,1656,13,'Cambuí',37600000,1,2844),(1,1657,13,'Cambuquira',37420000,1,2845),(1,1658,13,'Campanário',39835000,1,2846),(1,1659,13,'Campanha',37400000,1,2847),(1,1660,13,'Campestre',37730000,1,2848),(1,1661,13,'Campina Verde',38270000,1,2850),(1,1662,13,'Campo Azul',39338000,1,2853),(1,1663,13,'Campo Belo',37270000,1,2854),(1,1664,13,'Campo do Meio',37165000,1,2855),(1,1665,13,'Campo Florido',38130000,1,2856),(1,1666,13,'Campos Altos',38970000,1,2859),(1,1667,13,'Campos Gerais',37160000,1,2860),(1,1668,13,'Cana Verde',37267000,1,2861),(1,1669,13,'Canaã',36592000,1,2862),(1,1670,13,'Canápolis',38380000,1,2865),(1,1671,13,'Candeias',37280000,1,2867),(1,1672,13,'Cantagalo',39703000,1,2869),(1,1673,13,'Caparaó',36834000,1,2870),(1,1674,13,'Capela Nova',36290000,1,2871),(1,1675,13,'Capelinha',39680000,1,2872),(1,1676,13,'Capetinga',37993000,1,2873),(1,1677,13,'Capim Branco',35730000,1,2874),(1,1678,13,'Capinópolis',38360000,1,2875),(1,1679,13,'Capitão Andrade',35123000,1,2877),(1,1680,13,'Capitão Enéas',39445000,1,2878),(1,1681,13,'Capitólio',37930000,1,2879),(1,1682,13,'Caputira',36925000,1,2880),(1,1683,13,'Caraí',39810000,1,2881),(1,1684,13,'Caranaíba',36428000,1,2882),(1,1685,13,'Carandaí',36280000,1,2883),(1,1686,13,'Carangola',36800000,1,2884),(1,1687,13,'Caratinga',NULL,1,2885),(1,1688,13,'Carbonita',39665000,1,2886),(1,1689,13,'Careaçu',37556000,1,2888),(1,1690,13,'Carlos Chagas',39864000,1,2891),(1,1691,13,'Carmésia',35878000,1,2892),(1,1692,13,'Carmo da Cachoeira',37225000,1,2893),(1,1693,13,'Carmo da Mata',35547000,1,2894),(1,1694,13,'Carmo de Minas',37472000,1,2895),(1,1695,13,'Carmo do Cajuru',35510000,1,2896),(1,1696,13,'Carmo do Paranaíba',38840000,1,2897),(1,1697,13,'Carmo do Rio Claro',37150000,1,2898),(1,1698,13,'Carmópolis de Minas',35534000,1,2899),(1,1699,13,'Carneirinho',38290000,1,2900),(1,1700,13,'Carrancas',37245000,1,2901),(1,1701,13,'Carvalhópolis',37760000,1,2903),(1,1702,13,'Carvalhos',37456000,1,2904),(1,1703,13,'Casa Grande',36422000,1,2905),(1,1704,13,'Cascalho Rico',38460000,1,2906),(1,1705,13,'Cássia',37980000,1,2907),(1,1706,13,'Cataguases',NULL,1,2909),(1,1707,13,'Catas Altas',35969000,1,2911),(1,1708,13,'Catas Altas da Noruega',36450000,1,2912),(1,1709,13,'Catuji',39816000,1,2914),(1,1710,13,'Catuti',39526000,1,2917),(1,1711,13,'Caxambu',37440000,1,2918),(1,1712,13,'Cedro do Abaeté',35624000,1,2919),(1,1713,13,'Central de Minas',35260000,1,2921),(1,1714,13,'Centralina',38390000,1,2923),(1,1715,13,'Chácara',36110000,1,2925),(1,1716,13,'Chalé',36985000,1,2926),(1,1717,13,'Chapada do Norte',39648000,1,2928),(1,1718,13,'Chapada Gaúcha',39314000,1,2929),(1,1719,13,'Chiador',36630000,1,2931),(1,1720,13,'Cipotânea',36265000,1,2934),(1,1721,13,'Claraval',37997000,1,2937),(1,1722,13,'Claro dos Poções',39380000,1,2939),(1,1723,13,'Cláudio',35530000,1,2940),(1,1724,13,'Coimbra',36550000,1,2944),(1,1725,13,'Coluna',39770000,1,2945),(1,1726,13,'Comendador Gomes',38250000,1,2946),(1,1727,13,'Comercinho',39628000,1,2947),(1,1728,13,'Conceição da Aparecida',37148000,1,2948),(1,1729,13,'Conceição da Barra de Minas',36360000,1,2949),(1,1730,13,'Conceição das Alagoas',38120000,1,2953),(1,1731,13,'Conceição das Pedras',37527000,1,2954),(1,1732,13,'Conceição de Ipanema',36947000,1,2955),(1,1733,13,'Conceição do Mato Dentro',35860000,1,2962),(1,1734,13,'Conceição do Pará',35668000,1,2963),(1,1735,13,'Conceição do Rio Verde',37430000,1,2965),(1,1736,13,'Conceição dos Ouros',37548000,1,2966),(1,1737,13,'Cônego Marinho',39489000,1,2970),(1,1738,13,'Confins',33500000,1,2971),(1,1739,13,'Congonhal',37557000,1,2972),(1,1740,13,'Congonhas',36415000,1,2973),(1,1741,13,'Congonhas do Norte',35850000,1,2974),(1,1742,13,'Conquista',38195000,1,2975),(1,1743,13,'Conselheiro Lafaiete',36400000,1,2976),(1,1744,13,'Conselheiro Pena',35240000,1,2978),(1,1745,13,'Consolação',37670000,1,2979),(1,1746,13,'Contagem',NULL,1,2980),(1,1747,13,'Coqueiral',37235000,1,2983),(1,1748,13,'Coração de Jesus',39340000,1,2984),(1,1749,13,'Cordisburgo',35780000,1,2985),(1,1750,13,'Cordislândia',37498000,1,2986),(1,1751,13,'Corinto',39200000,1,2987),(1,1752,13,'Coroaci',39710000,1,2988),(1,1753,13,'Coromandel',38550000,1,2989),(1,1754,13,'Coronel Fabriciano',NULL,1,2990),(1,1755,13,'Coronel Murta',39635000,1,2991),(1,1756,13,'Coronel Pacheco',36155000,1,2992),(1,1757,13,'Coronel Xavier Chaves',36330000,1,2993),(1,1758,13,'Córrego Danta',38990000,1,2994),(1,1759,13,'Córrego do Bom Jesus',37605000,1,2996),(1,1760,13,'Córrego Fundo',35578000,1,2998),(1,1761,13,'Córrego Novo',35345000,1,2999),(1,1762,13,'Couto de Magalhães de Minas',39188000,1,3006),(1,1763,13,'Crisólita',39885000,1,3008),(1,1764,13,'Cristais',37275000,1,3010),(1,1765,13,'Cristália',39598000,1,3011),(1,1766,13,'Cristiano Otoni',36426000,1,3012),(1,1767,13,'Cristina',37476000,1,3013),(1,1768,13,'Crucilândia',35520000,1,3014),(1,1769,13,'Cruzeiro da Fortaleza',38735000,1,3015),(1,1770,13,'Cruzília',37445000,1,3017),(1,1771,13,'Cuparaque',35246000,1,3020),(1,1772,13,'Curral de Dentro',39569000,1,3022),(1,1773,13,'Curvelo',35790000,1,3023),(1,1774,13,'Datas',39130000,1,3024),(1,1775,13,'Delfim Moreira',37514000,1,3025),(1,1776,13,'Delfinópolis',37910000,1,3026),(1,1777,13,'Delta',38108000,1,3027),(1,1778,13,'Descoberto',36690000,1,3030),(1,1779,13,'Desterro de Entre Rios',35494000,1,3033),(1,1780,13,'Desterro do Melo',36210000,1,3034),(1,1781,13,'Diamantina',39100000,1,3036),(1,1782,13,'Diogo de Vasconcelos',35437000,1,3039),(1,1783,13,'Dionísio',35984000,1,3040),(1,1784,13,'Divinésia',36546000,1,3041),(1,1785,13,'Divino',36820000,1,3042),(1,1786,13,'Divino das Laranjeiras',35265000,1,3043),(1,1787,13,'Divinolândia de Minas',39735000,1,3046),(1,1788,13,'Divinópolis',NULL,1,3047),(1,1789,13,'Divisa Alegre',39995000,1,3048),(1,1790,13,'Divisa Nova',37134000,1,3049),(1,1791,13,'Divisópolis',39912000,1,3050),(1,1792,13,'Dom Bosco',38654000,1,3052),(1,1793,13,'Dom Cavati',35148000,1,3053),(1,1794,13,'Dom Joaquim',35865000,1,3054),(1,1795,13,'Dom Silvério',35440000,1,3057),(1,1796,13,'Dom Viçoso',37474000,1,3058),(1,1797,13,'Dona Euzébia',36784000,1,3059),(1,1798,13,'Dores de Campos',36213000,1,3061),(1,1799,13,'Dores de Guanhães',35894000,1,3062),(1,1800,13,'Dores do Indaiá',35610000,1,3063),(1,1801,13,'Dores do Turvo',36513000,1,3065),(1,1802,13,'Doresópolis',37926000,1,3066),(1,1803,13,'Douradoquara',38530000,1,3068),(1,1804,13,'Durandé',36974000,1,3071),(1,1805,13,'Elói Mendes',37110000,1,3073),(1,1806,13,'Engenheiro Caldas',35130000,1,3075),(1,1807,13,'Engenheiro Navarro',39417000,1,3077),(1,1808,13,'Entre Folhas',35324000,1,3081),(1,1809,13,'Entre Rios de Minas',35490000,1,3082),(1,1810,13,'Ervália',36555000,1,3085),(1,1811,13,'Esmeraldas',35740000,1,3086),(1,1812,13,'Espera Feliz',36830000,1,3088),(1,1813,13,'Espinosa',39510000,1,3089),(1,1814,13,'Espírito Santo do Dourado',37566000,1,3090),(1,1815,13,'Estiva',37542000,1,3093),(1,1816,13,'Estrela Dalva',36725000,1,3095),(1,1817,13,'Estrela do Indaiá',35613000,1,3097),(1,1818,13,'Estrela do Sul',38525000,1,3098),(1,1819,13,'Eugenópolis',36855000,1,3099),(1,1820,13,'Ewbank da Câmara',36108000,1,3101),(1,1821,13,'Extrema',37640000,1,3104),(1,1822,13,'Fama',37138000,1,3105),(1,1823,13,'Faria Lemos',36840000,1,3106),(1,1824,13,'Felício dos Santos',39180000,1,3110),(1,1825,13,'Felisburgo',39895000,1,3111),(1,1826,13,'Felixlândia',35794000,1,3112),(1,1827,13,'Fernandes Tourinho',35135000,1,3113),(1,1828,13,'Ferros',35800000,1,3117),(1,1829,13,'Fervedouro',36815000,1,3119),(1,1830,13,'Florestal',35690000,1,3125),(1,1831,13,'Formiga',35570000,1,3128),(1,1832,13,'Formoso',38690000,1,3129),(1,1833,13,'Fortaleza de Minas',37905000,1,3130),(1,1834,13,'Fortuna de Minas',35760000,1,3131),(1,1835,13,'Francisco Badaró',39644000,1,3132),(1,1836,13,'Francisco Dumont',39387000,1,3133),(1,1837,13,'Francisco Sá',39580000,1,3134),(1,1838,13,'Franciscópolis',39695000,1,3135),(1,1839,13,'Frei Gaspar',39840000,1,3137),(1,1840,13,'Frei Inocêncio',35112000,1,3138),(1,1841,13,'Frei Lagonegro',39708000,1,3139),(1,1842,13,'Fronteira',38230000,1,3143),(1,1843,13,'Fronteira dos Vales',39870000,1,3144),(1,1844,13,'Fruta de Leite',39558000,1,3145),(1,1845,13,'Frutal',38200000,1,3146),(1,1846,13,'Funilândia',35709000,1,3148),(1,1847,13,'Galiléia',35250000,1,3153),(1,1848,13,'Gameleiras',39505000,1,3155),(1,1849,13,'Glaucilândia',39592000,1,3158),(1,1850,13,'Goiabeira',35248000,1,3161),(1,1851,13,'Goianá',36152000,1,3162),(1,1852,13,'Gonçalves',37680000,1,3164),(1,1853,13,'Gonzaga',39720000,1,3165),(1,1854,13,'Gouveia',39120000,1,3168),(1,1855,13,'Governador Valadares',NULL,1,3169),(1,1856,13,'Grão Mogol',39570000,1,3172),(1,1857,13,'Grupiara',38470000,1,3174),(1,1858,13,'Guanhães',39740000,1,3177),(1,1859,13,'Guapé',37177000,1,3178),(1,1860,13,'Guaraciaba',35436000,1,3179),(1,1861,13,'Guaraciama',39397000,1,3180),(1,1862,13,'Guaranésia',37810000,1,3181),(1,1863,13,'Guarani',36160000,1,3182),(1,1864,13,'Guarará',36606000,1,3184),(1,1865,13,'Guarda-Mor',38570000,1,3187),(1,1866,13,'Guaxupé',37800000,1,3190),(1,1867,13,'Guidoval',36515000,1,3191),(1,1868,13,'Guimarânia',38730000,1,3192),(1,1869,13,'Guiricema',36525000,1,3194),(1,1870,13,'Gurinhatã',38310000,1,3195),(1,1871,13,'Heliodora',37484000,1,3196),(1,1872,13,'Iapu',35190000,1,3200),(1,1873,13,'Ibertioga',36225000,1,3201),(1,1874,13,'Ibiá',38950000,1,3202),(1,1875,13,'Ibiaí',39350000,1,3203),(1,1876,13,'Ibiracatu',39455000,1,3204),(1,1877,13,'Ibiraci',37990000,1,3205),(1,1878,13,'Ibirité',32400000,1,3206),(1,1879,13,'Ibitiúra de Minas',37790000,1,3208),(1,1880,13,'Ibituruna',37223000,1,3209),(1,1881,13,'Icaraí de Minas',39318000,1,3210),(1,1882,13,'Igarapé',32900000,1,3211),(1,1883,13,'Igaratinga',35695000,1,3212),(1,1884,13,'Iguatama',38910000,1,3213),(1,1885,13,'Ijaci',37205000,1,3214),(1,1886,13,'Ilicínea',37175000,1,3216),(1,1887,13,'Imbé de Minas',35323000,1,3217),(1,1888,13,'Inconfidentes',37576000,1,3218),(1,1889,13,'Indaiabira',39536000,1,3219),(1,1890,13,'Indianópolis',38490000,1,3221),(1,1891,13,'Ingaí',37215000,1,3222),(1,1892,13,'Inhapim',35330000,1,3224),(1,1893,13,'Inhaúma',35710000,1,3225),(1,1894,13,'Inimutaba',35796000,1,3226),(1,1895,13,'Ipaba',35198000,1,3227),(1,1896,13,'Ipanema',36950000,1,3228),(1,1897,13,'Ipatinga',NULL,1,3229),(1,1898,13,'Ipiaçu',38350000,1,3230),(1,1899,13,'Ipuiúna',37559000,1,3232),(1,1900,13,'Iraí de Minas',38510000,1,3233),(1,1901,13,'Itabira',NULL,1,3234),(1,1902,13,'Itabirinha',35280000,1,3235),(1,1903,13,'Itabirito',35450000,1,3236),(1,1904,13,'Itacambira',39594000,1,3238),(1,1905,13,'Itacarambi',39470000,1,3239),(1,1906,13,'Itaguara',35514000,1,3242),(1,1907,13,'Itaipé',39815000,1,3244),(1,1908,13,'Itajubá',NULL,1,3245),(1,1909,13,'Itamarandiba',39670000,1,3247),(1,1910,13,'Itamarati de Minas',36788000,1,3249),(1,1911,13,'Itambacuri',39830000,1,3250),(1,1912,13,'Itambé do Mato Dentro',35820000,1,3251),(1,1913,13,'Itamogi',37955000,1,3253),(1,1914,13,'Itamonte',37466000,1,3254),(1,1915,13,'Itanhandu',37464000,1,3256),(1,1916,13,'Itanhomi',35120000,1,3257),(1,1917,13,'Itaobim',39625000,1,3258),(1,1918,13,'Itapagipe',38240000,1,3259),(1,1919,13,'Itapecerica',35550000,1,3261),(1,1920,13,'Itapeva',37655000,1,3262),(1,1921,13,'Itatiaiuçu',35685000,1,3265),(1,1922,13,'Itaú de Minas',37975000,1,3266),(1,1923,13,'Itaúna',NULL,1,3267),(1,1924,13,'Itaverava',36440000,1,3269),(1,1925,13,'Itinga',39610000,1,3271),(1,1926,13,'Itueta',35220000,1,3273),(1,1927,13,'Ituiutaba',NULL,1,3275),(1,1928,13,'Itumirim',37210000,1,3276),(1,1929,13,'Iturama',38280000,1,3277),(1,1930,13,'Itutinga',36390000,1,3278),(1,1931,13,'Jaboticatubas',35830000,1,3279),(1,1932,13,'Jacinto',39930000,1,3282),(1,1933,13,'Jacuí',37965000,1,3283),(1,1934,13,'Jacutinga',37590000,1,3284),(1,1935,13,'Jaguaraçu',35188000,1,3285),(1,1936,13,'Jaíba',39508000,1,3288),(1,1937,13,'Jampruca',39837000,1,3289),(1,1938,13,'Janaúba',39440000,1,3290),(1,1939,13,'Januária',39480000,1,3291),(1,1940,13,'Japaraíba',35580000,1,3292),(1,1941,13,'Japonvar',39335000,1,3293),(1,1942,13,'Jeceaba',35498000,1,3295),(1,1943,13,'Jenipapo de Minas',39645000,1,3296),(1,1944,13,'Jequeri',35390000,1,3297),(1,1945,13,'Jequitaí',39370000,1,3298),(1,1946,13,'Jequitibá',35767000,1,3299),(1,1947,13,'Jequitinhonha',39960000,1,3300),(1,1948,13,'Jesuânia',37485000,1,3301),(1,1949,13,'Joaíma',39890000,1,3302),(1,1950,13,'Joanésia',35168000,1,3303),(1,1951,13,'João Monlevade',NULL,1,3304),(1,1952,13,'João Pinheiro',38770000,1,3305),(1,1953,13,'Joaquim Felício',39240000,1,3306),(1,1954,13,'Jordânia',39920000,1,3307),(1,1955,13,'José Gonçalves de Minas',39642000,1,3308),(1,1956,13,'José Raydan',39775000,1,3309),(1,1957,13,'Josenópolis',39575000,1,3311),(1,1958,13,'Juatuba',35675000,1,3312),(1,1959,13,'Juiz de Fora',NULL,1,3315),(1,1960,13,'Juramento',39590000,1,3317),(1,1961,13,'Juruaia',37805000,1,3319),(1,1962,13,'Juvenília',39467000,1,3322),(1,1963,13,'Ladainha',39825000,1,3324),(1,1964,13,'Lagamar',38785000,1,3325),(1,1965,13,'Lagoa da Prata',35590000,1,3327),(1,1966,13,'Lagoa dos Patos',39360000,1,3328),(1,1967,13,'Lagoa Dourada',36345000,1,3329),(1,1968,13,'Lagoa Formosa',38720000,1,3330),(1,1969,13,'Lagoa Grande',38755000,1,3331),(1,1970,13,'Lagoa Santa',33400000,1,3332),(1,1971,13,'Lajinha',36980000,1,3333),(1,1972,13,'Lambari',37480000,1,3334),(1,1973,13,'Lamim',36455000,1,3335),(1,1974,13,'Laranjal',36760000,1,3338),(1,1975,13,'Lassance',39250000,1,3340),(1,1976,13,'Lavras',37200000,1,3341),(1,1977,13,'Leandro Ferreira',35657000,1,3342),(1,1978,13,'Leme do Prado',39655000,1,3343),(1,1979,13,'Leopoldina',36700000,1,3344),(1,1980,13,'Liberdade',37350000,1,3346),(1,1981,13,'Lima Duarte',36140000,1,3347),(1,1982,13,'Limeira do Oeste',38295000,1,3348),(1,1983,13,'Lontra',39437000,1,3351),(1,1984,13,'Luisburgo',36923000,1,3354),(1,1985,13,'Luislândia',39336000,1,3355),(1,1986,13,'Luminárias',37240000,1,3358),(1,1987,13,'Luz',35595000,1,3360),(1,1988,13,'Machacalis',39873000,1,3362),(1,1989,13,'Machado',37750000,1,3363),(1,1990,13,'Madre de Deus de Minas',37305000,1,3366),(1,1991,13,'Malacacheta',39690000,1,3370),(1,1992,13,'Mamonas',39516000,1,3371),(1,1993,13,'Manga',39460000,1,3372),(1,1994,13,'Manhuaçu',36900000,1,3373),(1,1995,13,'Manhumirim',36970000,1,3374),(1,1996,13,'Mantena',35290000,1,3375),(1,1997,13,'Mar de Espanha',36640000,1,3378),(1,1998,13,'Maravilhas',35666000,1,3380),(1,1999,13,'Maria da Fé',37517000,1,3381),(1,2000,13,'Mariana',35420000,1,3382),(1,2001,13,'Marilac',35115000,1,3383),(1,2002,13,'Mário Campos',32470000,1,3385),(1,2003,13,'Maripá de Minas',36608000,1,3386),(1,2004,13,'Marliéria',35185000,1,3387),(1,2005,13,'Marmelópolis',37516000,1,3388),(1,2006,13,'Martinho Campos',35606000,1,3390),(1,2007,13,'Martins Soares',36972000,1,3392),(1,2008,13,'Mata Verde',39915000,1,3393),(1,2009,13,'Materlândia',39755000,1,3394),(1,2010,13,'Mateus Leme',35670000,1,3395),(1,2011,13,'Mathias Lobato',35110000,1,3396),(1,2012,13,'Matias Barbosa',36120000,1,3397),(1,2013,13,'Matias Cardoso',39478000,1,3398),(1,2014,13,'Matipó',35367000,1,3399),(1,2015,13,'Mato Verde',39527000,1,3400),(1,2016,13,'Matozinhos',35720000,1,3401),(1,2017,13,'Matutina',38870000,1,3402),(1,2018,13,'Medeiros',38930000,1,3403),(1,2019,13,'Medina',39620000,1,3404),(1,2020,13,'Mendes Pimentel',35270000,1,3407),(1,2021,13,'Mercês',36190000,1,3409),(1,2022,13,'Mesquita',35166000,1,3411),(1,2023,13,'Minas Novas',39650000,1,3416),(1,2024,13,'Minduri',37447000,1,3417),(1,2025,13,'Mirabela',39420000,1,3418),(1,2026,13,'Miradouro',36893000,1,3419),(1,2027,13,'Miraí',36790000,1,3421),(1,2028,13,'Miravânia',39465000,1,3425),(1,2029,13,'Moeda',35470000,1,3429),(1,2030,13,'Moema',35604000,1,3430),(1,2031,13,'Monjolos',39215000,1,3432),(1,2032,13,'Monsenhor Paulo',37405000,1,3436),(1,2033,13,'Montalvânia',39495000,1,3437),(1,2034,13,'Monte Alegre de Minas',38420000,1,3438),(1,2035,13,'Monte Azul',39500000,1,3439),(1,2036,13,'Monte Belo',37115000,1,3440),(1,2037,13,'Monte Carmelo',38500000,1,3441),(1,2038,13,'Monte Formoso',39893000,1,3443),(1,2039,13,'Monte Santo de Minas',37958000,1,3445),(1,2040,13,'Monte Sião',37580000,1,3446),(1,2041,13,'Montes Claros',NULL,1,3448),(1,2042,13,'Montezuma',39547000,1,3449),(1,2043,13,'Morada Nova de Minas',35628000,1,3450),(1,2044,13,'Morro da Garça',35798000,1,3452),(1,2045,13,'Morro do Pilar',35875000,1,3454),(1,2046,13,'Munhoz',37620000,1,3458),(1,2047,13,'Muriaé',36880000,1,3460),(1,2048,13,'Mutum',36955000,1,3461),(1,2049,13,'Muzambinho',37890000,1,3462),(1,2050,13,'Nacip Raydan',39718000,1,3463),(1,2051,13,'Nanuque',39860000,1,3464),(1,2052,13,'Naque',35157000,1,3465),(1,2053,13,'Natalândia',38658000,1,3467),(1,2054,13,'Natércia',37524000,1,3468),(1,2055,13,'Nazareno',36370000,1,3470),(1,2056,13,'Nepomuceno',37250000,1,3473),(1,2057,13,'Ninheira',39553000,1,3476),(1,2058,13,'Nova Belém',35298000,1,3477),(1,2059,13,'Nova Era',35920000,1,3478),(1,2060,13,'Nova Lima',34000000,1,3480),(1,2061,13,'Nova Módica',35113000,1,3482),(1,2062,13,'Nova Ponte',38160000,1,3483),(1,2063,13,'Nova Porteirinha',39525000,1,3484),(1,2064,13,'Nova Resende',37860000,1,3485),(1,2065,13,'Nova Serrana',35519000,1,3486),(1,2066,13,'Nova União',34990000,1,3487),(1,2067,13,'Novo Cruzeiro',39820000,1,3489),(1,2068,13,'Novo Oriente de Minas',39817000,1,3491),(1,2069,13,'Novorizonte',39568000,1,3492),(1,2070,13,'Olaria',36145000,1,3494),(1,2071,13,'Olhos D\'Água',39398000,1,3497),(1,2072,13,'Olímpio Noronha',37488000,1,3499),(1,2073,13,'Oliveira',35540000,1,3500),(1,2074,13,'Oliveira Fortes',36250000,1,3501),(1,2075,13,'Onça de Pitangui',35655000,1,3502),(1,2076,13,'Oratórios',35439000,1,3503),(1,2077,13,'Orizânia',36828000,1,3504),(1,2078,13,'Ouro Branco',36420000,1,3505),(1,2079,13,'Ouro Fino',37570000,1,3506),(1,2080,13,'Ouro Preto',35400000,1,3507),(1,2081,13,'Ouro Verde de Minas',39855000,1,3508),(1,2082,13,'Padre Carvalho',39573000,1,3511),(1,2083,13,'Padre Paraíso',39818000,1,3516),(1,2084,13,'Pai Pedro',39517000,1,3519),(1,2085,13,'Paineiras',35622000,1,3520),(1,2086,13,'Pains',35582000,1,3521),(1,2087,13,'Paiva',36195000,1,3523),(1,2088,13,'Palma',36750000,1,3524),(1,2089,13,'Palmópolis',39945000,1,3528),(1,2090,13,'Papagaios',35669000,1,3530),(1,2091,13,'Pará de Minas',NULL,1,3531),(1,2092,13,'Paracatu',38600000,1,3532),(1,2093,13,'Paraguaçu',37120000,1,3533),(1,2094,13,'Paraisópolis',37660000,1,3536),(1,2095,13,'Paraopeba',35774000,1,3537),(1,2096,13,'Passa Quatro',37460000,1,3542),(1,2097,13,'Passa Tempo',35537000,1,3543),(1,2098,13,'Passa Vinte',37330000,1,3544),(1,2099,13,'Passabém',35810000,1,3545),(1,2100,13,'Passos',NULL,1,3547),(1,2101,13,'Patis',39425000,1,3548),(1,2102,13,'Patos de Minas',NULL,1,3549),(1,2103,13,'Patrocínio',38740000,1,3551),(1,2104,13,'Patrocínio do Muriaé',36860000,1,3552),(1,2105,13,'Paula Cândido',36544000,1,3553),(1,2106,13,'Paulistas',39765000,1,3555),(1,2107,13,'Pavão',39814000,1,3556),(1,2108,13,'Peçanha',39700000,1,3558),(1,2109,13,'Pedra Azul',39970000,1,3559),(1,2110,13,'Pedra Bonita',35364000,1,3560),(1,2111,13,'Pedra do Anta',36585000,1,3562),(1,2112,13,'Pedra do Indaiá',35565000,1,3563),(1,2113,13,'Pedra Dourada',36847000,1,3565),(1,2114,13,'Pedralva',37520000,1,3568),(1,2115,13,'Pedras de Maria da Cruz',39492000,1,3569),(1,2116,13,'Pedrinópolis',38178000,1,3570),(1,2117,13,'Pedro Leopoldo',33600000,1,3571),(1,2118,13,'Pedro Teixeira',36148000,1,3573),(1,2119,13,'Pequeri',36610000,1,3581),(1,2120,13,'Pequi',35667000,1,3582),(1,2121,13,'Perdigão',35515000,1,3583),(1,2122,13,'Perdizes',38170000,1,3585),(1,2123,13,'Perdões',37260000,1,3586),(1,2124,13,'Periquito',35156000,1,3588),(1,2125,13,'Pescador',35114000,1,3590),(1,2126,13,'Piau',36157000,1,3594),(1,2127,13,'Piedade de Caratinga',35325000,1,3596),(1,2128,13,'Piedade de Ponte Nova',35382000,1,3597),(1,2129,13,'Piedade do Rio Grande',36227000,1,3599),(1,2130,13,'Piedade dos Gerais',35526000,1,3600),(1,2131,13,'Pimenta',35585000,1,3602),(1,2132,13,'Pingo-D\'Água',35348000,1,3604),(1,2133,13,'Pintópolis',39317000,1,3608),(1,2134,13,'Piracema',35536000,1,3611),(1,2135,13,'Pirajuba',38210000,1,3612),(1,2136,13,'Piranga',36480000,1,3613),(1,2137,13,'Piranguçu',37511000,1,3614),(1,2138,13,'Piranguinho',37508000,1,3615),(1,2139,13,'Pirapetinga',36730000,1,3618),(1,2140,13,'Pirapora',39270000,1,3619),(1,2141,13,'Piraúba',36170000,1,3620),(1,2142,13,'Pitangui',35650000,1,3623),(1,2143,13,'Piumhi',37925000,1,3625),(1,2144,13,'Planura',38220000,1,3627),(1,2145,13,'Poço Fundo',37757000,1,3630),(1,2146,13,'Poços de Caldas',NULL,1,3632),(1,2147,13,'Pocrane',36960000,1,3633),(1,2148,13,'Pompéu',35640000,1,3634),(1,2149,13,'Ponte Nova',NULL,1,3641),(1,2150,13,'Ponto Chique',39328000,1,3644),(1,2151,13,'Ponto dos Volantes',39615000,1,3647),(1,2152,13,'Porteirinha',39520000,1,3648),(1,2153,13,'Porto Firme',36576000,1,3652),(1,2154,13,'Poté',39827000,1,3653),(1,2155,13,'Pouso Alegre',37550000,1,3654),(1,2156,13,'Pouso Alto',37468000,1,3655),(1,2157,13,'Prados',36320000,1,3656),(1,2158,13,'Prata',38140000,1,3657),(1,2159,13,'Pratápolis',37970000,1,3658),(1,2160,13,'Pratinha',38960000,1,3659),(1,2161,13,'Presidente Bernardes',36475000,1,3660),(1,2162,13,'Presidente Juscelino',35797000,1,3661),(1,2163,13,'Presidente Kubitschek',39135000,1,3662),(1,2164,13,'Presidente Olegário',38750000,1,3663),(1,2165,13,'Prudente de Morais',35715000,1,3667),(1,2166,13,'Quartel Geral',35625000,1,3670),(1,2167,13,'Queluzito',36424000,1,3673),(1,2168,13,'Raposos',34400000,1,3677),(1,2169,13,'Raul Soares',35350000,1,3678),(1,2170,13,'Recreio',36740000,1,3681),(1,2171,13,'Reduto',36920000,1,3682),(1,2172,13,'Resende Costa',36340000,1,3683),(1,2173,13,'Resplendor',35230000,1,3684),(1,2174,13,'Ressaquinha',36270000,1,3685),(1,2175,13,'Riachinho',38640000,1,3686),(1,2176,13,'Riacho dos Machados',39529000,1,3688),(1,2177,13,'Ribeirão das Neves',NULL,1,3689),(1,2178,13,'Ribeirão Vermelho',37264000,1,3691),(1,2179,13,'Rio Acima',34300000,1,3694),(1,2180,13,'Rio Casca',35370000,1,3695),(1,2181,13,'Rio do Prado',39940000,1,3697),(1,2182,13,'Rio Doce',35442000,1,3698),(1,2183,13,'Rio Espera',36460000,1,3699),(1,2184,13,'Rio Manso',35525000,1,3700),(1,2185,13,'Rio Novo',36150000,1,3702),(1,2186,13,'Rio Paranaíba',38810000,1,3703),(1,2187,13,'Rio Pardo de Minas',39530000,1,3704),(1,2188,13,'Rio Piracicaba',35940000,1,3705),(1,2189,13,'Rio Pomba',36180000,1,3706),(1,2190,13,'Rio Preto',36130000,1,3708),(1,2191,13,'Rio Vermelho',39170000,1,3709),(1,2192,13,'Ritápolis',36335000,1,3710),(1,2193,13,'Rochedo de Minas',36604000,1,3713),(1,2194,13,'Rodeiro',36510000,1,3715),(1,2195,13,'Romaria',38520000,1,3717),(1,2196,13,'Rosário da Limeira',36878000,1,3718),(1,2197,13,'Rubelita',39565000,1,3722),(1,2198,13,'Rubim',39950000,1,3723),(1,2199,13,'Sabará',NULL,1,3724),(1,2200,13,'Sabinópolis',39750000,1,3725),(1,2201,13,'Sacramento',38190000,1,3726),(1,2202,13,'Salinas',39560000,1,3727),(1,2203,13,'Salto da Divisa',39925000,1,3729),(1,2204,13,'Santa Bárbara',35960000,1,3731),(1,2205,13,'Santa Bárbara do Leste',35328000,1,3732),(1,2206,13,'Santa Bárbara do Monte Verde',36132000,1,3733),(1,2207,13,'Santa Bárbara do Tugúrio',36215000,1,3734),(1,2208,13,'Santa Cruz de Minas',36328000,1,3737),(1,2209,13,'Santa Cruz de Salinas',39563000,1,3738),(1,2210,13,'Santa Cruz do Escalvado',35384000,1,3739),(1,2211,13,'Santa Efigênia de Minas',39725000,1,3743),(1,2212,13,'Santa Fé de Minas',39295000,1,3744),(1,2213,13,'Santa Helena de Minas',39874000,1,3746),(1,2214,13,'Santa Juliana',38175000,1,3748),(1,2215,13,'Santa Luzia',NULL,1,3749),(1,2216,13,'Santa Margarida',36910000,1,3751),(1,2217,13,'Santa Maria de Itabira',35910000,1,3752),(1,2218,13,'Santa Maria do Salto',39928000,1,3753),(1,2219,13,'Santa Maria do Suaçuí',39780000,1,3754),(1,2220,13,'Santa Rita de Caldas',37775000,1,3756),(1,2221,13,'Santa Rita do Ibitipoca',36235000,1,3761),(1,2222,13,'Santa Rita de Jacutinga',36135000,1,3757),(1,2223,13,'Santa Rita de Minas',35326000,1,3758),(1,2224,13,'Santa Rita do Itueto',35225000,1,3762),(1,2225,13,'Santa Rita do Sapucaí',37540000,1,3764),(1,2226,13,'Santa Rosa da Serra',38805000,1,3766),(1,2227,13,'Santa Vitória',38320000,1,3771),(1,2228,13,'Santana da Vargem',37195000,1,3772),(1,2229,13,'Santana de Cataguases',36795000,1,3774),(1,2230,13,'Santana de Pirapama',35785000,1,3776),(1,2231,13,'Santana do Deserto',36620000,1,3781),(1,2232,13,'Santana do Garambéu',36146000,1,3782),(1,2233,13,'Santana do Jacaré',37278000,1,3783),(1,2234,13,'Santana do Manhuaçu',36940000,1,3784),(1,2235,13,'Santana do Paraíso',35167000,1,3785),(1,2236,13,'Santana do Riacho',35845000,1,3787),(1,2237,13,'Santana dos Montes',36430000,1,3789),(1,2238,13,'Santo Antônio do Amparo',37262000,1,3793),(1,2239,13,'Santo Antônio do Aventureiro',36670000,1,3794),(1,2240,13,'Santo Antônio do Grama',35388000,1,3798),(1,2241,13,'Santo Antônio do Itambé',39160000,1,3799),(1,2242,13,'Santo Antônio do Jacinto',39935000,1,3800),(1,2243,13,'Santo Antônio do Monte',35560000,1,3803),(1,2244,13,'Santo Antônio do Retiro',39538000,1,3807),(1,2245,13,'Santo Antônio do Rio Abaixo',35880000,1,3808),(1,2246,13,'Santo Hipólito',39210000,1,3812),(1,2247,13,'Santos Dumont',36240000,1,3813),(1,2248,13,'São Bento Abade',37414000,1,3816),(1,2249,13,'São Brás do Suaçuí',35495000,1,3818),(1,2250,13,'São Domingos das Dores',35335000,1,3823),(1,2251,13,'São Domingos do Prata',35995000,1,3824),(1,2252,13,'São Félix de Minas',35275000,1,3825),(1,2253,13,'São Francisco',39300000,1,3826),(1,2254,13,'São Francisco de Paula',35543000,1,3827),(1,2255,13,'São Francisco de Sales',38260000,1,3828),(1,2256,13,'São Francisco do Glória',36810000,1,3829),(1,2257,13,'São Geraldo',36530000,1,3831),(1,2258,13,'São Geraldo da Piedade',39723000,1,3833),(1,2259,13,'São Geraldo do Baixio',35258000,1,3836),(1,2260,13,'São Gonçalo do Abaeté',38790000,1,3838),(1,2261,13,'São Gonçalo do Pará',35516000,1,3840),(1,2262,13,'São Gonçalo do Rio Abaixo',35935000,1,3841),(1,2263,13,'São Gonçalo do Rio Preto',39185000,1,3843),(1,2264,13,'São Gonçalo do Sapucaí',37490000,1,3844),(1,2265,13,'São Gotardo',38800000,1,3845),(1,2266,13,'São João Batista do Glória',37920000,1,3847),(1,2267,13,'São João da Lagoa',39355000,1,3849),(1,2268,13,'São João da Mata',37568000,1,3850),(1,2269,13,'São João da Ponte',39430000,1,3851),(1,2270,13,'São João das Missões',39475000,1,3856),(1,2271,13,'São João del Rei',NULL,1,3857),(1,2272,13,'São João do Manhuaçu',36918000,1,3860),(1,2273,13,'São João do Manteninha',35277000,1,3861),(1,2274,13,'São João do Oriente',35146000,1,3862),(1,2275,13,'São João do Pacuí',39365000,1,3863),(1,2276,13,'São João do Paraíso',39540000,1,3864),(1,2277,13,'São João Evangelista',39705000,1,3865),(1,2278,13,'São João Nepomuceno',36680000,1,3866),(1,2279,13,'São Joaquim de Bicas',32920000,1,3869),(1,2280,13,'São José da Barra',37945000,1,3870),(1,2281,13,'São José da Lapa',33350000,1,3872),(1,2282,13,'São José da Safira',39785000,1,3874),(1,2283,13,'São José da Varginha',35694000,1,3875),(1,2284,13,'São José do Alegre',37510000,1,3878),(1,2285,13,'São José do Divino',39848000,1,3882),(1,2286,13,'São José do Goiabal',35986000,1,3883),(1,2287,13,'São José do Jacuri',39707000,1,3885),(1,2288,13,'São José do Mantimento',36990000,1,3886),(1,2289,13,'São Lourenço',37470000,1,3892),(1,2290,13,'São Miguel do Anta',36590000,1,3895),(1,2291,13,'São Pedro da União',37855000,1,3897),(1,2292,13,'São Pedro do Suaçuí',39784000,1,3903),(1,2293,13,'São Pedro dos Ferros',35360000,1,3904),(1,2294,13,'São Romão',39290000,1,3906),(1,2295,13,'São Roque de Minas',37928000,1,3907),(1,2296,13,'São Sebastião da Bela Vista',37567000,1,3909),(1,2297,13,'São Sebastião da Vargem Alegre',36793000,1,3911),(1,2298,13,'São Sebastião do Anta',35334000,1,3914),(1,2299,13,'São Sebastião do Maranhão',39795000,1,3921),(1,2300,13,'São Sebastião do Oeste',35506000,1,3923),(1,2301,13,'São Sebastião do Paraíso',37950000,1,3924),(1,2302,13,'São Sebastião do Rio Preto',35815000,1,3926),(1,2303,13,'São Sebastião do Rio Verde',37467000,1,3927),(1,2304,13,'São Thomé das Letras',37418000,1,3935),(1,2305,13,'São Tiago',36350000,1,3933),(1,2306,13,'São Tomás de Aquino',37960000,1,3934),(1,2307,13,'São Vicente de Minas',37370000,1,3938),(1,2308,13,'Sapucaí-Mirim',37690000,1,3943),(1,2309,13,'Sardoá',39728000,1,3948),(1,2310,13,'Sarzedo',32450000,1,3949),(1,2311,13,'Sem Peixe',35441000,1,3951),(1,2312,13,'Senador Amaral',37615000,1,3952),(1,2313,13,'Senador Cortes',36650000,1,3953),(1,2314,13,'Senador Firmino',36540000,1,3954),(1,2315,13,'Senador José Bento',37558000,1,3955),(1,2316,13,'Senador Modestino Gonçalves',39190000,1,3957),(1,2317,13,'Senhora de Oliveira',36470000,1,3962),(1,2318,13,'Senhora do Porto',39745000,1,3964),(1,2319,13,'Senhora dos Remédios',36275000,1,3965),(1,2320,13,'Sericita',35368000,1,3967),(1,2321,13,'Seritinga',37454000,1,3968),(1,2322,13,'Serra Azul de Minas',39165000,1,3970),(1,2323,13,'Serra da Saudade',35617000,1,3973),(1,2324,13,'Serra do Salitre',38760000,1,3976),(1,2325,13,'Serra dos Aimorés',39868000,1,3977),(1,2326,13,'Serrania',37136000,1,3980),(1,2327,13,'Serranópolis de Minas',39518000,1,3981),(1,2328,13,'Serranos',37452000,1,3982),(1,2329,13,'Serro',39150000,1,3983),(1,2330,13,'Sete Lagoas',NULL,1,3986),(1,2331,13,'Setubinha',39688000,1,3987),(1,2332,13,'Silveirânia',36185000,1,3992),(1,2333,13,'Silvianópolis',37560000,1,3994),(1,2334,13,'Simão Pereira',36123000,1,3996),(1,2335,13,'Simonésia',36930000,1,3997),(1,2336,13,'Sobrália',35145000,1,3999),(1,2337,13,'Soledade de Minas',37478000,1,4000),(1,2338,13,'Tabuleiro',36165000,1,4005),(1,2339,13,'Taiobeiras',39550000,1,4006),(1,2340,13,'Taparuba',36953000,1,4007),(1,2341,13,'Tapira',38185000,1,4008),(1,2342,13,'Tapiraí',38980000,1,4009),(1,2343,13,'Taquaraçu de Minas',33980000,1,4011),(1,2344,13,'Tarumirim',35140000,1,4013),(1,2345,13,'Teixeiras',36580000,1,4015),(1,2346,13,'Teófilo Otoni',NULL,1,4017),(1,2347,13,'Timóteo',NULL,1,4019),(1,2348,13,'Tiradentes',36325000,1,4020),(1,2349,13,'Tiros',38880000,1,4021),(1,2350,13,'Tocantins',36512000,1,4024),(1,2351,13,'Tocos do Moji',37563000,1,4025),(1,2352,13,'Toledo',37630000,1,4026),(1,2353,13,'Tombos',36844000,1,4028),(1,2354,13,'Três Corações',37410000,1,4032),(1,2355,13,'Três Marias',39205000,1,4034),(1,2356,13,'Três Pontas',37190000,1,4035),(1,2357,13,'Tumiritinga',35125000,1,4038),(1,2358,13,'Tupaciguara',38430000,1,4039),(1,2359,13,'Turmalina',39660000,1,4041),(1,2360,13,'Turvolândia',37496000,1,4042),(1,2361,13,'Ubá',36500000,1,4043),(1,2362,13,'Ubaí',39320000,1,4044),(1,2363,13,'Ubaporanga',35338000,1,4045),(1,2364,13,'Uberaba',NULL,1,4047),(1,2365,13,'Uberlândia',NULL,1,4048),(1,2366,13,'Umburatiba',39878000,1,4049),(1,2367,13,'Unaí',38610000,1,4051),(1,2368,13,'União de Minas',38288000,1,4052),(1,2369,13,'Uruana de Minas',38630000,1,4053),(1,2370,13,'Urucânia',35380000,1,4054),(1,2371,13,'Urucuia',39315000,1,4055),(1,2372,13,'Vargem Alegre',35199000,1,4062),(1,2373,13,'Vargem Bonita',37922000,1,4063),(1,2374,13,'Vargem Grande do Rio Pardo',39535000,1,4064),(1,2375,13,'Varginha',NULL,1,4066),(1,2376,13,'Varjão de Minas',38794000,1,4067),(1,2377,13,'Várzea da Palma',39260000,1,4068),(1,2378,13,'Varzelândia',39450000,1,4069),(1,2379,13,'Vazante',38780000,1,4071),(1,2380,13,'Verdelândia',39458000,1,4073),(1,2381,13,'Veredinha',39663000,1,4076),(1,2382,13,'Veríssimo',38150000,1,4077),(1,2383,13,'Vermelho Novo',35359000,1,4079),(1,2384,13,'Vespasiano',33200000,1,4081),(1,2385,13,'Viçosa',36570000,1,4082),(1,2386,13,'Vieiras',36895000,1,4083),(1,2387,13,'Virgem da Lapa',39630000,1,4090),(1,2388,13,'Virgínia',37465000,1,4091),(1,2389,13,'Virginópolis',39730000,1,4092),(1,2390,13,'Virgolândia',39715000,1,4093),(1,2391,13,'Visconde do Rio Branco',36520000,1,4094),(1,2392,13,'Volta Grande',36720000,1,4098),(1,2393,13,'Wenceslau Braz',37512000,1,4099),(1,2394,14,'Abaetetuba',68440000,1,4522),(1,2395,14,'Abel Figueiredo',68527000,1,4523),(1,2396,14,'Acará',68690000,1,4524),(1,2397,14,'Afuá',68890000,1,4525),(1,2398,14,'Água Azul do Norte',68533000,1,4527),(1,2399,14,'Alenquer',68200000,1,4529),(1,2400,14,'Almeirim',68230000,1,4531),(1,2401,14,'Altamira',NULL,1,4534),(1,2402,14,'Anajás',68810000,1,4538),(1,2403,14,'Ananindeua',NULL,1,4539),(1,2404,14,'Anapu',68365000,1,4540),(1,2405,14,'Augusto Corrêa',68610000,1,4552),(1,2406,14,'Aurora do Pará',68658000,1,4553),(1,2407,14,'Aveiro',68150000,1,4554),(1,2408,14,'Bagre',68475000,1,4555),(1,2409,14,'Baião',68465000,1,4556),(1,2410,14,'Bannach',68388000,1,4557),(1,2411,14,'Barcarena',68445000,1,4558),(1,2412,14,'Belém',NULL,1,4565),(1,2413,14,'Belterra',68143000,1,4566),(1,2414,14,'Benevides',68795000,1,4567),(1,2415,14,'Bom Jesus do Tocantins',68525000,1,4576),(1,2416,14,'Bonito',68645000,1,4577),(1,2417,14,'Bragança',68600000,1,4578),(1,2418,14,'Brasil Novo',68148000,1,4579),(1,2419,14,'Brejo Grande do Araguaia',68521000,1,4582),(1,2420,14,'Breu Branco',68488000,1,4583),(1,2421,14,'Breves',68800000,1,4584),(1,2422,14,'Bujaru',68670000,1,4585),(1,2423,14,'Cachoeira do Arari',68840000,1,4587),(1,2424,14,'Cachoeira do Piriá',68617000,1,4586),(1,2425,14,'Cametá',68400000,1,4593),(1,2426,14,'Canaã dos Carajás',68537000,1,4595),(1,2427,14,'Capanema',NULL,1,4596),(1,2428,14,'Capitão Poço',68650000,1,4597),(1,2429,14,'Castanhal',NULL,1,4605),(1,2430,14,'Chaves',68880000,1,4607),(1,2431,14,'Colares',68785000,1,4608),(1,2432,14,'Conceição do Araguaia',68540000,1,4610),(1,2433,14,'Concórdia do Pará',68685000,1,4611),(1,2434,14,'Cumaru do Norte',68398000,1,4617),(1,2435,14,'Curionópolis',68523000,1,4618),(1,2436,14,'Curralinho',68815000,1,4619),(1,2437,14,'Curuá',68210000,1,4620),(1,2438,14,'Curuçá',68750000,1,4622),(1,2439,14,'Dom Eliseu',68633000,1,4625),(1,2440,14,'Eldorado dos Carajás',68524000,1,4626),(1,2441,14,'Faro',68280000,1,4629),(1,2442,14,'Floresta do Araguaia',68543000,1,4633),(1,2443,14,'Garrafão do Norte',68665000,1,4634),(1,2444,14,'Goianésia do Pará',68639000,1,4635),(1,2445,14,'Gurupá',68300000,1,4639),(1,2446,14,'Igarapé-Açu',68725000,1,4645),(1,2447,14,'Igarapé-Miri',68430000,1,4646),(1,2448,14,'Inhangapi',68770000,1,4648),(1,2449,14,'Ipixuna do Pará',68637000,1,4649),(1,2450,14,'Irituia',68655000,1,4650),(1,2451,14,'Itaituba',NULL,1,4651),(1,2452,14,'Itupiranga',68580000,1,4654),(1,2453,14,'Jacareacanga',68195000,1,4655),(1,2454,14,'Jacundá',68590000,1,4656),(1,2455,14,'Juruti',68170000,1,4667),(1,2456,14,'Limoeiro do Ajuru',68415000,1,4672),(1,2457,14,'Mãe do Rio',68675000,1,4673),(1,2458,14,'Magalhães Barata',68722000,1,4674),(1,2459,14,'Marabá',NULL,1,4677),(1,2460,14,'Maracanã',68710000,1,4678),(1,2461,14,'Marapanim',68760000,1,4680),(1,2462,14,'Marituba',67200000,1,4681),(1,2463,14,'Medicilândia',68145000,1,4685),(1,2464,14,'Melgaço',68490000,1,4686),(1,2465,14,'Mocajuba',68420000,1,4691),(1,2466,14,'Moju',68450000,1,4693),(1,2467,14,'Monte Alegre',68220000,1,4695),(1,2468,14,'Muaná',68825000,1,4700),(1,2469,14,'Nova Esperança do Piriá',68618000,1,4709),(1,2470,14,'Nova Ipixuna',68585000,1,4710),(1,2471,14,'Nova Timboteua',68730000,1,4712),(1,2472,14,'Novo Progresso',68193000,1,4714),(1,2473,14,'Novo Repartimento',68473000,1,4715),(1,2474,14,'Óbidos',68250000,1,4717),(1,2475,14,'Oeiras do Pará',68470000,1,4718),(1,2476,14,'Oriximiná',68270000,1,4719),(1,2477,14,'Ourém',68640000,1,4722),(1,2478,14,'Ourilândia do Norte',68390000,1,4723),(1,2479,14,'Pacajá',68485000,1,4725),(1,2480,14,'Palestina do Pará',68535000,1,4727),(1,2481,14,'Paragominas',NULL,1,4728),(1,2482,14,'Parauapebas',68515000,1,4730),(1,2483,14,'Pau D\'Arco',68545000,1,4731),(1,2484,14,'Peixe-Boi',68734000,1,4733),(1,2485,14,'Piçarra',68575000,1,4738),(1,2486,14,'Placas',68138000,1,4743),(1,2487,14,'Ponta de Pedras',68830000,1,4744),(1,2488,14,'Portel',68480000,1,4746),(1,2489,14,'Porto de Moz',68330000,1,4747),(1,2490,14,'Prainha',68130000,1,4750),(1,2491,14,'Primavera',68707000,1,4751),(1,2492,14,'Quatipuru',68709000,1,4752),(1,2493,14,'Redenção',NULL,1,4754),(1,2494,14,'Rio Maria',68530000,1,4757),(1,2495,14,'Rondon do Pará',68638000,1,4760),(1,2496,14,'Rurópolis',68165000,1,4761),(1,2497,14,'Salinópolis',68721000,1,4762),(1,2498,14,'Salvaterra',68860000,1,4763),(1,2499,14,'Santa Bárbara do Pará',68798000,1,4764),(1,2500,14,'Santa Cruz do Arari',68850000,1,4765),(1,2501,14,'Santa Isabel do Pará',68790000,1,4766),(1,2502,14,'Santa Luzia do Pará',68644000,1,4767),(1,2503,14,'Santa Maria das Barreiras',68565000,1,4769),(1,2504,14,'Santa Maria do Pará',68738000,1,4770),(1,2505,14,'Santana do Araguaia',68560000,1,4773),(1,2506,14,'Santarém',NULL,1,4774),(1,2507,14,'Santarém Novo',68720000,1,4775),(1,2508,14,'Santo Antônio do Tauá',68786000,1,4777),(1,2509,14,'São Caetano de Odivelas',68775000,1,4778),(1,2510,14,'São Domingos do Araguaia',68520000,1,4779),(1,2511,14,'São Domingos do Capim',68635000,1,4780),(1,2512,14,'São Félix do Xingu',68380000,1,4781),(1,2513,14,'São Francisco do Pará',68748000,1,4784),(1,2514,14,'São Geraldo do Araguaia',68570000,1,4785),(1,2515,14,'São João da Ponta',68774000,1,4786),(1,2516,14,'São João de Pirabas',68719000,1,4787),(1,2517,14,'São João do Araguaia',68518000,1,4789),(1,2518,14,'São Miguel do Guamá',68660000,1,4797),(1,2519,14,'São Sebastião da Boa Vista',68820000,1,4805),(1,2520,14,'Sapucaia',68548000,1,4807),(1,2521,14,'Senador José Porfírio',68360000,1,4808),(1,2522,14,'Soure',68870000,1,4810),(1,2523,14,'Tailândia',68695000,1,4811),(1,2524,14,'Terra Alta',68773000,1,4816),(1,2525,14,'Terra Santa',68285000,1,4817),(1,2526,14,'Tomé-Açu',68680000,1,4820),(1,2527,14,'Tracuateua',68647000,1,4821),(1,2528,14,'Trairão',68198000,1,4822),(1,2529,14,'Tucumã',68385000,1,4823),(1,2530,14,'Tucuruí',NULL,1,4824),(1,2531,14,'Ulianópolis',68632000,1,4825),(1,2532,14,'Uruará',68140000,1,4826),(1,2533,14,'Vigia',68780000,1,4831),(1,2534,14,'Viseu',68620000,1,4842),(1,2535,14,'Vitória do Xingu',68383000,1,4845),(1,2536,14,'Xinguara',NULL,1,4846),(1,2537,15,'Água Branca',58748000,1,4848),(1,2538,15,'Aguiar',58778000,1,4849),(1,2539,15,'Alagoa Grande',58388000,1,4850),(1,2540,15,'Alagoa Nova',58125000,1,4851),(1,2541,15,'Alagoinha',58390000,1,4852),(1,2542,15,'Alcantil',58460000,1,4853),(1,2543,15,'Algodão de Jandaíra',58399000,1,4854),(1,2544,15,'Alhandra',58320000,1,4855),(1,2545,15,'Amparo',58548000,1,4856),(1,2546,15,'Aparecida',58823000,1,4857),(1,2547,15,'Araçagi',58270000,1,4858),(1,2548,15,'Arara',58396000,1,4859),(1,2549,15,'Araruna',58233000,1,4860),(1,2550,15,'Areia',58397000,1,4861),(1,2551,15,'Areia de Baraúnas',58732000,1,4862),(1,2552,15,'Areial',58140000,1,4863),(1,2553,15,'Aroeiras',58489000,1,4865),(1,2554,15,'Assunção',58685000,1,4867),(1,2555,15,'Baía da Traição',58295000,1,4868),(1,2556,15,'Bananeiras',58220000,1,4870),(1,2557,15,'Baraúna',58188000,1,4871),(1,2558,15,'Barra de Santa Rosa',58170000,1,4872),(1,2559,15,'Barra de Santana',58458000,1,4873),(1,2560,15,'Barra de São Miguel',58483000,1,4874),(1,2561,15,'Bayeux',NULL,1,4876),(1,2562,15,'Belém',58255000,1,4877),(1,2563,15,'Belém do Brejo do Cruz',58895000,1,4878),(1,2564,15,'Bernardino Batista',58922000,1,4879),(1,2565,15,'Boa Ventura',58993000,1,4880),(1,2566,15,'Boa Vista',58123000,1,4881),(1,2567,15,'Bom Jesus',58930000,1,4882),(1,2568,15,'Bom Sucesso',58887000,1,4883),(1,2569,15,'Bonito de Santa Fé',58960000,1,4885),(1,2570,15,'Boqueirão',58450000,1,4886),(1,2571,15,'Borborema',58394000,1,4887),(1,2572,15,'Brejo do Cruz',58890000,1,4888),(1,2573,15,'Brejo dos Santos',58880000,1,4889),(1,2574,15,'Caaporã',58326000,1,4890),(1,2575,15,'Cabaceiras',58480000,1,4891),(1,2576,15,'Cabedelo',NULL,1,4892),(1,2577,15,'Cachoeira dos Índios',58935000,1,4894),(1,2578,15,'Cacimba de Areia',58730000,1,4896),(1,2579,15,'Cacimba de Dentro',58230000,1,4897),(1,2580,15,'Cacimbas',58698000,1,4898),(1,2581,15,'Caiçara',58253000,1,4899),(1,2582,15,'Cajazeiras',58900000,1,4900),(1,2583,15,'Cajazeirinhas',58855000,1,4901),(1,2584,15,'Caldas Brandão',58350000,1,4902),(1,2585,15,'Camalaú',58530000,1,4903),(1,2586,15,'Campina Grande',NULL,1,4904),(1,2587,15,'Campo de Santana',NULL,1,NULL),(1,2588,15,'Capim',58287000,1,4908),(1,2589,15,'Caraúbas',58595000,1,4909),(1,2590,15,'Carrapateira',58945000,1,4911),(1,2591,15,'Casserengue',58238000,1,4913),(1,2592,15,'Catingueira',58715000,1,4914),(1,2593,15,'Catolé do Rocha',58884000,1,4916),(1,2594,15,'Caturité',58455000,1,4917),(1,2595,15,'Conceição',58970000,1,4919),(1,2596,15,'Condado',58714000,1,4920),(1,2597,15,'Conde',58322000,1,4921),(1,2598,15,'Congo',58535000,1,4922),(1,2599,15,'Coremas',58770000,1,4923),(1,2600,15,'Coxixola',58588000,1,4925),(1,2601,15,'Cruz do Espírito Santo',58337000,1,4926),(1,2602,15,'Cubati',58167000,1,4927),(1,2603,15,'Cuité',58175000,1,4928),(1,2604,15,'Cuité de Mamanguape',58289000,1,4929),(1,2605,15,'Cuitegi',58208000,1,4930),(1,2606,15,'Curral de Cima',58291000,1,4932),(1,2607,15,'Curral Velho',58990000,1,4933),(1,2608,15,'Damião',58173000,1,4934),(1,2609,15,'Desterro',58695000,1,4935),(1,2610,15,'Diamante',58994000,1,4936),(1,2611,15,'Dona Inês',58228000,1,4937),(1,2612,15,'Duas Estradas',58265000,1,4938),(1,2613,15,'Emas',58763000,1,4939),(1,2614,15,'Esperança',58135000,1,4941),(1,2615,15,'Fagundes',58487000,1,4942),(1,2616,15,'Frei Martinho',58195000,1,4946),(1,2617,15,'Gado Bravo',58492000,1,4947),(1,2618,15,'Guarabira',58200000,1,4949),(1,2619,15,'Gurinhém',58356000,1,4951),(1,2620,15,'Gurjão',58670000,1,4952),(1,2621,15,'Ibiara',58980000,1,4953),(1,2622,15,'Igaracy',58775000,1,4954),(1,2623,15,'Imaculada',58745000,1,4955),(1,2624,15,'Ingá',58380000,1,4956),(1,2625,15,'Itabaiana',58360000,1,4957),(1,2626,15,'Itaporanga',58780000,1,4959),(1,2627,15,'Itapororoca',58275000,1,4960),(1,2628,15,'Itatuba',58378000,1,4961),(1,2629,15,'Jacaraú',58278000,1,4962),(1,2630,15,'Jericó',58830000,1,4963),(1,2631,15,'João Pessoa',NULL,1,4964),(1,2632,15,'Juarez Távora',58387000,1,4965),(1,2633,15,'Juazeirinho',58660000,1,4966),(1,2634,15,'Junco do Seridó',58640000,1,4967),(1,2635,15,'Juripiranga',58330000,1,4968),(1,2636,15,'Juru',58750000,1,4969),(1,2637,15,'Lagoa',58835000,1,4970),(1,2638,15,'Lagoa de Dentro',58250000,1,4971),(1,2639,15,'Lagoa Seca',58117000,1,4973),(1,2640,15,'Lastro',58820000,1,4974),(1,2641,15,'Livramento',58690000,1,4976),(1,2642,15,'Logradouro',58254000,1,4977),(1,2643,15,'Lucena',58315000,1,4978),(1,2644,15,'Mãe D\'Água',58740000,1,4979),(1,2645,15,'Malta',58713000,1,4981),(1,2646,15,'Mamanguape',58280000,1,4982),(1,2647,15,'Manaíra',58995000,1,4983),(1,2648,15,'Marcação',58294000,1,4984),(1,2649,15,'Mari',58345000,1,4985),(1,2650,15,'Marizópolis',58819000,1,4986),(1,2651,15,'Massaranduba',58120000,1,4987),(1,2652,15,'Mataraca',58292000,1,4990),(1,2653,15,'Matinhas',58128000,1,4991),(1,2654,15,'Mato Grosso',58832000,1,4992),(1,2655,15,'Maturéia',58737000,1,4993),(1,2656,15,'Mogeiro',58375000,1,4995),(1,2657,15,'Montadas',58145000,1,4996),(1,2658,15,'Monte Horebe',58950000,1,4997),(1,2659,15,'Monteiro',58500000,1,4998),(1,2660,15,'Mulungu',58354000,1,5000),(1,2661,15,'Natuba',58494000,1,5002),(1,2662,15,'Nazarezinho',58817000,1,5004),(1,2663,15,'Nova Floresta',58178000,1,5006),(1,2664,15,'Nova Olinda',58798000,1,5007),(1,2665,15,'Nova Palmeira',58184000,1,5008),(1,2666,15,'Olho D\'Água',58760000,1,5012),(1,2667,15,'Olivedos',58160000,1,5013),(1,2668,15,'Ouro Velho',58560000,1,5014),(1,2669,15,'Parari',58575000,1,5015),(1,2670,15,'Passagem',58734000,1,5016),(1,2671,15,'Patos',NULL,1,5017),(1,2672,15,'Paulista',58860000,1,5018),(1,2673,15,'Pedra Branca',58790000,1,5019),(1,2674,15,'Pedra Lavrada',58180000,1,5020),(1,2675,15,'Pedras de Fogo',58328000,1,5021),(1,2676,15,'Pedro Régis',58273000,1,5022),(1,2677,15,'Piancó',58765000,1,5025),(1,2678,15,'Picuí',58187000,1,5026),(1,2679,15,'Pilar',58338000,1,5027),(1,2680,15,'Pilões',58393000,1,5028),(1,2681,15,'Pilõezinhos',58210000,1,5029),(1,2682,15,'Pirpirituba',58213000,1,5033),(1,2683,15,'Pitimbu',58324000,1,5035),(1,2684,15,'Pocinhos',58150000,1,5036),(1,2685,15,'Poço Dantas',58933000,1,5037),(1,2686,15,'Poço de José de Moura',58908000,1,5038),(1,2687,15,'Pombal',58840000,1,5039),(1,2688,15,'Prata',58550000,1,5041),(1,2689,15,'Princesa Isabel',58755000,1,5042),(1,2690,15,'Puxinanã',58115000,1,5043),(1,2691,15,'Queimadas',58475000,1,5044),(1,2692,15,'Quixabá',58733000,1,5045),(1,2693,15,'Remígio',58398000,1,5047),(1,2694,15,'Riachão',58235000,1,5048),(1,2695,15,'Riachão do Bacamarte',58382000,1,4866),(1,2696,15,'Riachão do Poço',58348000,1,5049),(1,2697,15,'Riacho de Santo Antônio',58465000,1,5050),(1,2698,15,'Riacho dos Cavalos',58870000,1,5051),(1,2699,15,'Rio Tinto',58297000,1,5053),(1,2700,15,'Salgadinho',58650000,1,5056),(1,2701,15,'Salgado de São Félix',58370000,1,5057),(1,2702,15,'Santa Cecília',58463000,1,5058),(1,2703,15,'Santa Cruz',58824000,1,5059),(1,2704,15,'Santa Helena',58925000,1,5061),(1,2705,15,'Santa Inês',58978000,1,5062),(1,2706,15,'Santa Luzia',58600000,1,5063),(1,2707,15,'Santa Rita',NULL,1,5066),(1,2708,15,'Santa Teresinha',58720000,1,5068),(1,2709,15,'Santana de Mangueira',58985000,1,5070),(1,2710,15,'Santana dos Garrotes',58795000,1,5071),(1,2711,15,'Santarém',NULL,1,NULL),(1,2712,15,'Santo André',58675000,1,5073),(1,2713,15,'São Bentinho',58857000,1,5075),(1,2714,15,'São Bento',58865000,1,5074),(1,2715,15,'São Domingos de Pombal',58853000,1,5076),(1,2716,15,'São Domingos do Cariri',58485000,1,5077),(1,2717,15,'São Francisco',58818000,1,5078),(1,2718,15,'São João do Cariri',58590000,1,5081),(1,2719,15,'São João do Rio do Peixe',58910000,1,5082),(1,2720,15,'São João do Tigre',58520000,1,5083),(1,2721,15,'São José da Lagoa Tapada',58815000,1,5084),(1,2722,15,'São José de Caiana',58784000,1,5086),(1,2723,15,'São José de Espinharas',58723000,1,5087),(1,2724,15,'São José de Piranhas',58940000,1,5089),(1,2725,15,'São José de Princesa',58758000,1,5090),(1,2726,15,'São José do Bonfim',58725000,1,5091),(1,2727,15,'São José do Brejo do Cruz',58893000,1,5092),(1,2728,15,'São José do Sabugi',58610000,1,5093),(1,2729,15,'São José dos Cordeiros',58570000,1,5094),(1,2730,15,'São José dos Ramos',58339000,1,5095),(1,2731,15,'São Mamede',58625000,1,5096),(1,2732,15,'São Miguel de Taipu',58334000,1,5097),(1,2733,15,'São Sebastião de Lagoa de Roça',58119000,1,5099),(1,2734,15,'São Sebastião do Umbuzeiro',58510000,1,5100),(1,2735,15,'Sapé',58340000,1,5101),(1,2736,15,'São Vicente do Seridó',58158000,1,5103),(1,2737,15,'Serra Branca',58580000,1,5104),(1,2738,15,'Serra da Raiz',58260000,1,5105),(1,2739,15,'Serra Grande',58955000,1,5106),(1,2740,15,'Serra Redonda',58385000,1,5107),(1,2741,15,'Serraria',58395000,1,5108),(1,2742,15,'Sertãozinho',58268000,1,5109),(1,2743,15,'Sobrado',58342000,1,5110),(1,2744,15,'Solânea',58225000,1,5111),(1,2745,15,'Soledade',58155000,1,5112),(1,2746,15,'Sossêgo',58177000,1,5113),(1,2747,15,'Sousa',NULL,1,5114),(1,2748,15,'Sumé',58540000,1,5116),(1,2749,15,'Taperoá',58680000,1,5120),(1,2750,15,'Tavares',58753000,1,5121),(1,2751,15,'Teixeira',58735000,1,5122),(1,2752,15,'Tenório',58665000,1,5123),(1,2753,15,'Triunfo',58920000,1,5124),(1,2754,15,'Uiraúna',58915000,1,5125),(1,2755,15,'Umbuzeiro',58497000,1,5127),(1,2756,15,'Várzea',58620000,1,5128),(1,2757,15,'Vieirópolis',58822000,1,5132),(1,2758,15,'Vista Serrana',58710000,1,5133),(1,2759,15,'Zabelê',58515000,1,5134),(1,2760,16,'Abatiá',86460000,1,5731),(1,2761,16,'Adrianópolis',83490000,1,5735),(1,2762,16,'Agudos do Sul',83850000,1,5743),(1,2763,16,'Almirante Tamandaré',NULL,1,5746),(1,2764,16,'Altamira do Paraná',85280000,1,5747),(1,2765,16,'Alto Paraná',87750000,1,5755),(1,2766,16,'Alto Piquiri',87580000,1,5756),(1,2767,16,'Altônia',87550000,1,5761),(1,2768,16,'Alvorada do Sul',86150000,1,5763),(1,2769,16,'Amaporã',87850000,1,5764),(1,2770,16,'Ampére',85640000,1,5766),(1,2771,16,'Anahy',85425000,1,5767),(1,2772,16,'Andirá',86380000,1,5768),(1,2773,16,'Ângulo',86755000,1,5771),(1,2774,16,'Antonina',83370000,1,5774),(1,2775,16,'Antônio Olinto',83980000,1,5776),(1,2776,16,'Apucarana',NULL,1,5780),(1,2777,16,'Arapongas',NULL,1,5783),(1,2778,16,'Arapoti',84990000,1,5784),(1,2779,16,'Arapuã',86884000,1,5785),(1,2780,16,'Araruna',87260000,1,5788),(1,2781,16,'Araucária',NULL,1,5789),(1,2782,16,'Ariranha do Ivaí',86880000,1,5793),(1,2783,16,'Assaí',86220000,1,5796),(1,2784,16,'Assis Chateaubriand',85935000,1,5797),(1,2785,16,'Astorga',86730000,1,5798),(1,2786,16,'Atalaia',87630000,1,5799),(1,2787,16,'Balsa Nova',83650000,1,5804),(1,2788,16,'Bandeirantes',86360000,1,5805),(1,2789,16,'Barbosa Ferraz',86960000,1,5809),(1,2790,16,'Barra do Jacaré',86385000,1,5812),(1,2791,16,'Barracão',85700000,1,5819),(1,2792,16,'Bela Vista da Caroba',85745000,1,5834),(1,2793,16,'Bela Vista do Paraíso',86130000,1,5836),(1,2794,16,'Bituruna',84640000,1,5842),(1,2795,16,'Boa Esperança',87390000,1,5843),(1,2796,16,'Boa Esperança do Iguaçu',85680000,1,5845),(1,2797,16,'Boa Ventura de São Roque',85225000,1,5846),(1,2798,16,'Boa Vista da Aparecida',85780000,1,5852),(1,2799,16,'Bocaiúva do Sul',83450000,1,5854),(1,2800,16,'Bom Jesus do Sul',85708000,1,5856),(1,2801,16,'Bom Sucesso',86940000,1,5862),(1,2802,16,'Bom Sucesso do Sul',85515000,1,5864),(1,2803,16,'Borrazópolis',86925000,1,5868),(1,2804,16,'Braganey',85430000,1,5871),(1,2805,16,'Brasilândia do Sul',87595000,1,5873),(1,2806,16,'Cafeara',86640000,1,5886),(1,2807,16,'Cafelândia',85415000,1,5888),(1,2808,16,'Cafezal do Sul',87565000,1,5889),(1,2809,16,'Califórnia',86820000,1,5892),(1,2810,16,'Cambará',86390000,1,5894),(1,2811,16,'Cambé',NULL,1,5895),(1,2812,16,'Cambira',86890000,1,5897),(1,2813,16,'Campina da Lagoa',87345000,1,5902),(1,2814,16,'Campina do Simão',85148000,1,5904),(1,2815,16,'Campina Grande do Sul',83430000,1,5906),(1,2816,16,'Campo Bonito',85450000,1,5908),(1,2817,16,'Campo do Tenente',83870000,1,5910),(1,2818,16,'Campo Largo',NULL,1,5911),(1,2819,16,'Campo Magro',83535000,1,5913),(1,2820,16,'Campo Mourão',NULL,1,5914),(1,2821,16,'Cândido de Abreu',84470000,1,5915),(1,2822,16,'Candói',85140000,1,5916),(1,2823,16,'Cantagalo',85160000,1,5918),(1,2824,16,'Capanema',85760000,1,5920),(1,2825,16,'Capitão Leônidas Marques',85790000,1,5927),(1,2826,16,'Carambeí',84145000,1,5933),(1,2827,16,'Carlópolis',86420000,1,5938),(1,2828,16,'Cascavel',NULL,1,5941),(1,2829,16,'Castro',NULL,1,5942),(1,2830,16,'Catanduvas',85470000,1,5943),(1,2831,16,'Centenário do Sul',86630000,1,5949),(1,2832,16,'Cerro Azul',83570000,1,5955),(1,2833,16,'Céu Azul',85840000,1,5957),(1,2834,16,'Chopinzinho',85560000,1,5958),(1,2835,16,'Cianorte',NULL,1,5959),(1,2836,16,'Cidade Gaúcha',87820000,1,5960),(1,2837,16,'Clevelândia',85530000,1,5962),(1,2838,16,'Colombo',NULL,1,5964),(1,2839,16,'Colorado',86690000,1,5983),(1,2840,16,'Congonhinhas',86320000,1,5990),(1,2841,16,'Conselheiro Mairinck',86480000,1,5991),(1,2842,16,'Contenda',83730000,1,5993),(1,2843,16,'Corbélia',85420000,1,5995),(1,2844,16,'Cornélio Procópio',86300000,1,5996),(1,2845,16,'Coronel Domingos Soares',85557000,1,5997),(1,2846,16,'Coronel Vivida',85550000,1,5999),(1,2847,16,'Corumbataí do Sul',86970000,1,6001),(1,2848,16,'Cruz Machado',84620000,1,6008),(1,2849,16,'Cruzeiro do Iguaçu',85598000,1,6009),(1,2850,16,'Cruzeiro do Oeste',87400000,1,6011),(1,2851,16,'Cruzeiro do Sul',87650000,1,6012),(1,2852,16,'Cruzmaltina',86855000,1,6013),(1,2853,16,'Curitiba',NULL,1,6015),(1,2854,16,'Curiúva',84280000,1,6016),(1,2855,16,'Diamante d\'Oeste',85896000,1,6023),(1,2856,16,'Diamante do Norte',87990000,1,6024),(1,2857,16,'Diamante do Sul',85408000,1,6025),(1,2858,16,'Dois Vizinhos',85660000,1,6030),(1,2859,16,'Douradina',87485000,1,6033),(1,2860,16,'Doutor Camargo',87155000,1,6035),(1,2861,16,'Doutor Ulysses',83590000,1,6038),(1,2862,16,'Enéas Marques',85630000,1,6046),(1,2863,16,'Engenheiro Beltrão',87270000,1,6047),(1,2864,16,'Entre Rios do Oeste',85988000,1,6049),(1,2865,16,'Esperança Nova',87545000,1,6051),(1,2866,16,'Espigão Alto do Iguaçu',85465000,1,6052),(1,2867,16,'Farol',87325000,1,6059),(1,2868,16,'Faxinal',86840000,1,6061),(1,2869,16,'Fazenda Rio Grande',NULL,1,6068),(1,2870,16,'Fênix',86950000,1,6072),(1,2871,16,'Fernandes Pinheiro',84535000,1,6073),(1,2872,16,'Figueira',84285000,1,6077),(1,2873,16,'Flor da Serra do Sul',85618000,1,6081),(1,2874,16,'Floraí',87185000,1,6082),(1,2875,16,'Floresta',87120000,1,6083),(1,2876,16,'Florestópolis',86165000,1,6084),(1,2877,16,'Flórida',86780000,1,6086),(1,2878,16,'Formosa do Oeste',85830000,1,6090),(1,2879,16,'Foz do Iguaçu',NULL,1,6091),(1,2880,16,'Foz do Jordão',85145000,1,6092),(1,2881,16,'Francisco Alves',87570000,1,6093),(1,2882,16,'Francisco Beltrão',NULL,1,6094),(1,2883,16,'General Carneiro',84660000,1,6104),(1,2884,16,'Godoy Moreira',86938000,1,6107),(1,2885,16,'Goioerê',87360000,1,6108),(1,2886,16,'Goioxim',85162000,1,6109),(1,2887,16,'Grandes Rios',86845000,1,6113),(1,2888,16,'Guaíra',85980000,1,6115),(1,2889,16,'Guairaçá',87880000,1,6116),(1,2890,16,'Guamiranga',84435000,1,6120),(1,2891,16,'Guapirama',86465000,1,6122),(1,2892,16,'Guaporema',87810000,1,6124),(1,2893,16,'Guaraci',86620000,1,6126),(1,2894,16,'Guaraniaçu',85400000,1,6130),(1,2895,16,'Guarapuava',NULL,1,6131),(1,2896,16,'Guaraqueçaba',83390000,1,6133),(1,2897,16,'Guaratuba',83280000,1,6135),(1,2898,16,'Honório Serpa',85548000,1,6145),(1,2899,16,'Ibaiti',84900000,1,6147),(1,2900,16,'Ibema',85478000,1,6148),(1,2901,16,'Ibiporã',86200000,1,6150),(1,2902,16,'Icaraíma',87530000,1,6152),(1,2903,16,'Iguaraçu',86750000,1,6155),(1,2904,16,'Iguatu',85423000,1,6157),(1,2905,16,'Imbaú',84250000,1,6161),(1,2906,16,'Imbituva',84430000,1,6163),(1,2907,16,'Inácio Martins',85155000,1,6164),(1,2908,16,'Inajá',87670000,1,6165),(1,2909,16,'Indianópolis',87235000,1,6167),(1,2910,16,'Ipiranga',84450000,1,6172),(1,2911,16,'Iporã',87560000,1,6175),(1,2912,16,'Iracema do Oeste',85833000,1,6176),(1,2913,16,'Irati',84500000,1,6178),(1,2914,16,'Iretama',87280000,1,6180),(1,2915,16,'Itaguajé',86670000,1,6181),(1,2916,16,'Itaipulândia',85880000,1,6183),(1,2917,16,'Itambaracá',86375000,1,6184),(1,2918,16,'Itambé',87175000,1,6185),(1,2919,16,'Itapejara d\'Oeste',85580000,1,6189),(1,2920,16,'Itaperuçu',83560000,1,6190),(1,2921,16,'Itaúna do Sul',87980000,1,6192),(1,2922,16,'Ivaí',84460000,1,6194),(1,2923,16,'Ivaiporã',86870000,1,6196),(1,2924,16,'Ivaté',87525000,1,6198),(1,2925,16,'Ivatuba',87130000,1,6199),(1,2926,16,'Jaboti',84930000,1,6201),(1,2927,16,'Jacarezinho',86400000,1,6205),(1,2928,16,'Jaguapitã',86610000,1,6211),(1,2929,16,'Jaguariaíva',84200000,1,6212),(1,2930,16,'Jandaia do Sul',86900000,1,6213),(1,2931,16,'Janiópolis',87380000,1,6216),(1,2932,16,'Japira',84920000,1,6217),(1,2933,16,'Japurá',87225000,1,6218),(1,2934,16,'Jardim Alegre',86860000,1,6221),(1,2935,16,'Jardim Olinda',87690000,1,6222),(1,2936,16,'Jataizinho',86210000,1,6226),(1,2937,16,'Jesuítas',85835000,1,6228),(1,2938,16,'Joaquim Távora',86455000,1,6230),(1,2939,16,'Jundiaí do Sul',86470000,1,6234),(1,2940,16,'Juranda',87355000,1,6235),(1,2941,16,'Jussara',87230000,1,6236),(1,2942,16,'Kaloré',86920000,1,6238),(1,2943,16,'Lapa',83750000,1,6254),(1,2944,16,'Laranjal',85275000,1,6256),(1,2945,16,'Laranjeiras do Sul',NULL,1,6257),(1,2946,16,'Leópolis',86330000,1,6261),(1,2947,16,'Lidianópolis',86865000,1,6263),(1,2948,16,'Lindoeste',85826000,1,6264),(1,2949,16,'Loanda',87900000,1,6266),(1,2950,16,'Lobato',86790000,1,6267),(1,2951,16,'Londrina',NULL,1,6268),(1,2952,16,'Luiziana',87290000,1,6272),(1,2953,16,'Lunardelli',86935000,1,6273),(1,2954,16,'Lupionópolis',86635000,1,6274),(1,2955,16,'Mallet',84570000,1,6279),(1,2956,16,'Mamborê',87340000,1,6281),(1,2957,16,'Mandaguaçu',87160000,1,6283),(1,2958,16,'Mandaguari',86975000,1,6284),(1,2959,16,'Mandirituba',83800000,1,6286),(1,2960,16,'Manfrinópolis',85628000,1,6287),(1,2961,16,'Mangueirinha',85540000,1,6288),(1,2962,16,'Manoel Ribas',85260000,1,6289),(1,2963,16,'Marechal Cândido Rondon',85960000,1,6297),(1,2964,16,'Maria Helena',87480000,1,6299),(1,2965,16,'Marialva',86990000,1,6301),(1,2966,16,'Marilândia do Sul',86825000,1,6303),(1,2967,16,'Marilena',87960000,1,6304),(1,2968,16,'Mariluz',87470000,1,6306),(1,2969,16,'Maringá',NULL,1,6308),(1,2970,16,'Mariópolis',85525000,1,6309),(1,2971,16,'Maripá',85955000,1,6310),(1,2972,16,'Marmeleiro',85615000,1,6314),(1,2973,16,'Marquinho',85168000,1,6316),(1,2974,16,'Marumbi',86910000,1,6319),(1,2975,16,'Matelândia',85887000,1,6320),(1,2976,16,'Matinhos',83260000,1,6321),(1,2977,16,'Mato Rico',85240000,1,6324),(1,2978,16,'Mauá da Serra',86828000,1,6325),(1,2979,16,'Medianeira',85884000,1,6326),(1,2980,16,'Mercedes',85998000,1,6330),(1,2981,16,'Mirador',87840000,1,6331),(1,2982,16,'Miraselva',86615000,1,6334),(1,2983,16,'Missal',85890000,1,6335),(1,2984,16,'Moreira Sales',87370000,1,6338),(1,2985,16,'Morretes',83350000,1,6339),(1,2986,16,'Munhoz de Melo',86760000,1,6342),(1,2987,16,'Nossa Senhora das Graças',86680000,1,6349),(1,2988,16,'Nova Aliança do Ivaí',87790000,1,6352),(1,2989,16,'Nova América da Colina',86230000,1,6354),(1,2990,16,'Nova Aurora',85410000,1,6356),(1,2991,16,'Nova Cantu',87330000,1,6361),(1,2992,16,'Nova Esperança',87600000,1,6364),(1,2993,16,'Nova Esperança do Sudoeste',85635000,1,6365),(1,2994,16,'Nova Fátima',86310000,1,6366),(1,2995,16,'Nova Laranjeiras',85350000,1,6367),(1,2996,16,'Nova Londrina',87970000,1,6368),(1,2997,16,'Nova Olímpia',87490000,1,6370),(1,2998,16,'Nova Prata do Iguaçu',85685000,1,6371),(1,2999,16,'Nova Santa Bárbara',86250000,1,6373),(1,3000,16,'Nova Santa Rosa',85930000,1,6374),(1,3001,16,'Nova Tebas',85250000,1,6375),(1,3002,16,'Novo Itacolomi',86895000,1,6380),(1,3003,16,'Ortigueira',84350000,1,6390),(1,3004,16,'Ourizona',87170000,1,6392),(1,3005,16,'Ouro Verde do Oeste',85933000,1,6393),(1,3006,16,'Paiçandu',87140000,1,6396),(1,3007,16,'Palmas',85555000,1,6401),(1,3008,16,'Palmeira',84130000,1,6402),(1,3009,16,'Palmital',85270000,1,6406),(1,3010,16,'Palotina',85950000,1,6410),(1,3011,16,'Paraíso do Norte',87780000,1,6414),(1,3012,16,'Paranacity',87660000,1,6416),(1,3013,16,'Paranaguá',NULL,1,6418),(1,3014,16,'Paranapoema',87680000,1,6419),(1,3015,16,'Paranavaí',NULL,1,6420),(1,3016,16,'Pato Bragado',85948000,1,6426),(1,3017,16,'Pato Branco',NULL,1,6427),(1,3018,16,'Paula Freitas',84630000,1,6430),(1,3019,16,'Paulo Frontin',84635000,1,6432),(1,3020,16,'Peabiru',87250000,1,6433),(1,3021,16,'Perobal',87538000,1,6438),(1,3022,16,'Pérola',87540000,1,6439),(1,3023,16,'Pérola d\'Oeste',85740000,1,6440),(1,3024,16,'Piên',83860000,1,6443),(1,3025,16,'Pinhais',NULL,1,6445),(1,3026,16,'Pinhal de São Bento',85727000,1,6446),(1,3027,16,'Pinhalão',84925000,1,6448),(1,3028,16,'Pinhão',85170000,1,6454),(1,3029,16,'Piraí do Sul',84240000,1,6458),(1,3030,16,'Piraquara',NULL,1,6460),(1,3031,16,'Pitanga',85200000,1,6462),(1,3032,16,'Pitangueiras',86613000,1,6463),(1,3033,16,'Planaltina do Paraná',87860000,1,6465),(1,3034,16,'Planalto',85750000,1,6466),(1,3035,16,'Ponta Grossa',NULL,1,6471),(1,3036,16,'Pontal do Paraná',83255000,1,6472),(1,3037,16,'Porecatu',86160000,1,6473),(1,3038,16,'Porto Amazonas',84140000,1,6476),(1,3039,16,'Porto Barreiro',85345000,1,6477),(1,3040,16,'Porto Rico',87950000,1,6484),(1,3041,16,'Porto Vitória',84610000,1,6489),(1,3042,16,'Prado Ferreira',86618000,1,6490),(1,3043,16,'Pranchita',85730000,1,6491),(1,3044,16,'Presidente Castelo Branco',87180000,1,6494),(1,3045,16,'Primeiro de Maio',86140000,1,6496),(1,3046,16,'Prudentópolis',84400000,1,6498),(1,3047,16,'Quarto Centenário',87365000,1,6838),(1,3048,16,'Quatiguá',86450000,1,6500),(1,3049,16,'Quatro Barras',83420000,1,6501),(1,3050,16,'Quatro Pontes',85940000,1,6502),(1,3051,16,'Quedas do Iguaçu',85460000,1,6504),(1,3052,16,'Querência do Norte',87930000,1,6506),(1,3053,16,'Quinta do Sol',87265000,1,6507),(1,3054,16,'Quitandinha',83840000,1,6509),(1,3055,16,'Ramilândia',85888000,1,6510),(1,3056,16,'Rancho Alegre',86290000,1,6511),(1,3057,16,'Rancho Alegre d\'Oeste',87395000,1,6512),(1,3058,16,'Realeza',85770000,1,6513),(1,3059,16,'Rebouças',84550000,1,6514),(1,3060,16,'Renascença',85610000,1,6517),(1,3061,16,'Reserva',84320000,1,6518),(1,3062,16,'Reserva do Iguaçu',85195000,1,6519),(1,3063,16,'Ribeirão Claro',86410000,1,6523),(1,3064,16,'Ribeirão do Pinhal',86490000,1,6524),(1,3065,16,'Rio Azul',84560000,1,6527),(1,3066,16,'Rio Bom',86830000,1,6528),(1,3067,16,'Rio Bonito do Iguaçu',85340000,1,6530),(1,3068,16,'Rio Branco do Ivaí',86848000,1,6531),(1,3069,16,'Rio Branco do Sul',83540000,1,6532),(1,3070,16,'Rio Negro',83880000,1,6543),(1,3071,16,'Rolândia',NULL,1,6554),(1,3072,16,'Roncador',87320000,1,6556),(1,3073,16,'Rondon',87800000,1,6558),(1,3074,16,'Rosário do Ivaí',86850000,1,6559),(1,3075,16,'Sabáudia',86720000,1,6560),(1,3076,16,'Salgado Filho',85620000,1,6562),(1,3077,16,'Salto do Itararé',84945000,1,6565),(1,3078,16,'Salto do Lontra',85670000,1,6566),(1,3079,16,'Santa Amélia',86370000,1,6569),(1,3080,16,'Santa Cecília do Pavão',86225000,1,6570),(1,3081,16,'Santa Cruz de Monte Castelo',87920000,1,6572),(1,3082,16,'Santa Fé',86770000,1,6575),(1,3083,16,'Santa Helena',85892000,1,6577),(1,3084,16,'Santa Inês',86660000,1,6578),(1,3085,16,'Santa Isabel do Ivaí',87910000,1,6579),(1,3086,16,'Santa Izabel do Oeste',85650000,1,6580),(1,3087,16,'Santa Lúcia',85795000,1,6581),(1,3088,16,'Santa Maria do Oeste',85230000,1,6587),(1,3089,16,'Santa Mariana',86350000,1,6589),(1,3090,16,'Santa Mônica',87915000,1,6590),(1,3091,16,'Santa Tereza do Oeste',85825000,1,6597),(1,3092,16,'Santa Terezinha de Itaipu',85875000,1,6598),(1,3093,16,'Santana do Itararé',84970000,1,6601),(1,3094,16,'Santo Antônio da Platina',86430000,1,6604),(1,3095,16,'Santo Antônio do Caiuá',87730000,1,6605),(1,3096,16,'Santo Antônio do Paraíso',86315000,1,6608),(1,3097,16,'Santo Antônio do Sudoeste',85710000,1,6609),(1,3098,16,'Santo Inácio',86650000,1,6610),(1,3099,16,'São Carlos do Ivaí',87770000,1,6616),(1,3100,16,'São Jerônimo da Serra',86270000,1,6632),(1,3101,16,'São João',85570000,1,6633),(1,3102,16,'São João do Caiuá',87740000,1,6639),(1,3103,16,'São João do Ivaí',86930000,1,6640),(1,3104,16,'São João do Triunfo',84150000,1,6642),(1,3105,16,'São Jorge D\'Oeste',85575000,1,6646),(1,3106,16,'São Jorge do Ivaí',87190000,1,6647),(1,3107,16,'São Jorge do Patrocínio',87555000,1,6648),(1,3108,16,'São José da Boa Vista',84980000,1,6651),(1,3109,16,'São José das Palmeiras',85898000,1,6652),(1,3110,16,'São José dos Pinhais',NULL,1,6656),(1,3111,16,'São Manoel do Paraná',87215000,1,6670),(1,3112,16,'São Mateus do Sul',83900000,1,6674),(1,3113,16,'São Miguel do Iguaçu',85877000,1,6679),(1,3114,16,'São Pedro do Iguaçu',85929000,1,6687),(1,3115,16,'São Pedro do Ivaí',86945000,1,6688),(1,3116,16,'São Pedro do Paraná',87955000,1,6689),(1,3117,16,'São Sebastião da Amoreira',86240000,1,6702),(1,3118,16,'São Tomé',87220000,1,6704),(1,3119,16,'Sapopema',84290000,1,6708),(1,3120,16,'Sarandi',NULL,1,6709),(1,3121,16,'Saudade do Iguaçu',85568000,1,6711),(1,3122,16,'Sengés',84220000,1,6718),(1,3123,16,'Serranópolis do Iguaçu',85885000,1,6722),(1,3124,16,'Sertaneja',86340000,1,6727),(1,3125,16,'Sertanópolis',86170000,1,6728),(1,3126,16,'Siqueira Campos',84940000,1,6734),(1,3127,16,'Sulina',85565000,1,6737),(1,3128,16,'Tamarana',86125000,1,6742),(1,3129,16,'Tamboara',87760000,1,6744),(1,3130,16,'Tapejara',87430000,1,6746),(1,3131,16,'Tapira',87830000,1,6747),(1,3132,16,'Teixeira Soares',84530000,1,6753),(1,3133,16,'Telêmaco Borba',NULL,1,6754),(1,3134,16,'Terra Boa',87240000,1,6758),(1,3135,16,'Terra Rica',87890000,1,6760),(1,3136,16,'Terra Roxa',85990000,1,6761),(1,3137,16,'Tibagi',84300000,1,6762),(1,3138,16,'Tijucas do Sul',83190000,1,6763),(1,3139,16,'Toledo',NULL,1,6770),(1,3140,16,'Tomazina',84935000,1,6772),(1,3141,16,'Três Barras do Paraná',85485000,1,6774),(1,3142,16,'Tunas do Paraná',83480000,1,6786),(1,3143,16,'Tuneiras do Oeste',87450000,1,6787),(1,3144,16,'Tupãssi',85945000,1,6788),(1,3145,16,'Turvo',85150000,1,6790),(1,3146,16,'Ubiratã',85440000,1,6793),(1,3147,16,'Umuarama',NULL,1,6794),(1,3148,16,'União da Vitória',84600000,1,6796),(1,3149,16,'Uniflor',87640000,1,6798),(1,3150,16,'Uraí',86280000,1,6799),(1,3151,16,'Ventania',84345000,1,6806),(1,3152,16,'Vera Cruz do Oeste',85845000,1,6807),(1,3153,16,'Verê',85585000,1,6809),(1,3154,16,'Vila Alta',NULL,1,NULL),(1,3155,16,'Virmond',85390000,1,6827),(1,3156,16,'Vitorino',85520000,1,6832),(1,3157,16,'Wenceslau Braz',84950000,1,6834),(1,3158,16,'Xambrê',87535000,1,6835),(1,3159,17,'Abreu e Lima',NULL,1,5135),(1,3160,17,'Afogados da Ingazeira',56800000,1,5136),(1,3161,17,'Afrânio',56360000,1,5137),(1,3162,17,'Agrestina',55495000,1,5138),(1,3163,17,'Água Preta',55550000,1,5140),(1,3164,17,'Águas Belas',55340000,1,5141),(1,3165,17,'Alagoinha',55260000,1,5143),(1,3166,17,'Aliança',55890000,1,5146),(1,3167,17,'Altinho',55490000,1,5147),(1,3168,17,'Amaraji',55515000,1,5148),(1,3169,17,'Angelim',55430000,1,5150),(1,3170,17,'Araçoiaba',53690000,1,5152),(1,3171,17,'Araripina',56280000,1,5153),(1,3172,17,'Arcoverde',NULL,1,5154),(1,3173,17,'Barra de Guabiraba',55690000,1,5158),(1,3174,17,'Barreiros',55560000,1,5165),(1,3175,17,'Belém de Maria',55440000,1,5167),(1,3176,17,'Belém do São Francisco',56440000,1,5168),(1,3177,17,'Belo Jardim',NULL,1,5169),(1,3178,17,'Betânia',56670000,1,5173),(1,3179,17,'Bezerros',55660000,1,5174),(1,3180,17,'Bodocó',56220000,1,5177),(1,3181,17,'Bom Conselho',55330000,1,5178),(1,3182,17,'Bom Jardim',55730000,1,5179),(1,3183,17,'Bonito',55680000,1,5182),(1,3184,17,'Brejão',55325000,1,5183),(1,3185,17,'Brejinho',56740000,1,5184),(1,3186,17,'Brejo da Madre de Deus',55170000,1,5185),(1,3187,17,'Buenos Aires',55845000,1,5186),(1,3188,17,'Buíque',56520000,1,5187),(1,3189,17,'Cabo de Santo Agostinho',NULL,1,5189),(1,3190,17,'Cabrobó',56180000,1,5190),(1,3191,17,'Cachoeirinha',55380000,1,5192),(1,3192,17,'Caetés',55360000,1,5193),(1,3193,17,'Calçado',55375000,1,5195),(1,3194,17,'Calumbi',56930000,1,5197),(1,3195,17,'Camaragibe',NULL,1,5198),(1,3196,17,'Camocim de São Félix',55665000,1,5200),(1,3197,17,'Camutanga',55930000,1,5201),(1,3198,17,'Canhotinho',55420000,1,5203),(1,3199,17,'Capoeiras',55365000,1,5204),(1,3200,17,'Carnaíba',56820000,1,5211),(1,3201,17,'Carnaubeira da Penha',56420000,1,5212),(1,3202,17,'Carpina',NULL,1,5214),(1,3203,17,'Caruaru',NULL,1,5216),(1,3204,17,'Casinhas',55755000,1,5217),(1,3205,17,'Catende',55400000,1,5218),(1,3206,17,'Cedro',56130000,1,5222),(1,3207,17,'Chã de Alegria',55835000,1,5223),(1,3208,17,'Chã Grande',55636000,1,5225),(1,3209,17,'Condado',55940000,1,5231),(1,3210,17,'Correntes',55315000,1,5232),(1,3211,17,'Cortês',55525000,1,5233),(1,3212,17,'Cumaru',55655000,1,5239),(1,3213,17,'Cupira',55460000,1,5240),(1,3214,17,'Custódia',56640000,1,5242),(1,3215,17,'Dormentes',56355000,1,5244),(1,3216,17,'Escada',55500000,1,5246),(1,3217,17,'Exu',56230000,1,5248),(1,3218,17,'Feira Nova',55715000,1,5250),(1,3219,17,'Fernando de Noronha',53990000,1,5252),(1,3220,17,'Ferreiros',55880000,1,5253),(1,3221,17,'Flores',56850000,1,5254),(1,3222,17,'Floresta',56400000,1,5255),(1,3223,17,'Frei Miguelinho',55780000,1,5256),(1,3224,17,'Gameleira',55530000,1,5258),(1,3225,17,'Garanhuns',NULL,1,5259),(1,3226,17,'Glória do Goitá',55620000,1,5260),(1,3227,17,'Goiana',55900000,1,5261),(1,3228,17,'Granito',56160000,1,5263),(1,3229,17,'Gravatá',NULL,1,5264),(1,3230,17,'Iati',55345000,1,5270),(1,3231,17,'Ibimirim',56580000,1,5271),(1,3232,17,'Ibirajuba',55390000,1,5272),(1,3233,17,'Igarassu',NULL,1,5281),(1,3234,17,'Iguaraci',56840000,1,5282),(1,3235,17,'Inajá',56560000,1,5283),(1,3236,17,'Ingazeira',56830000,1,5284),(1,3237,17,'Ipojuca',55590000,1,5285),(1,3238,17,'Ipubi',56260000,1,5286),(1,3239,17,'Itacuruba',56430000,1,5291),(1,3240,17,'Itaíba',56550000,1,5292),(1,3241,17,'Ilha de Itamaracá',53900000,1,5293),(1,3242,17,'Itambé',55920000,1,5294),(1,3243,17,'Itapetim',56720000,1,5295),(1,3244,17,'Itapissuma',53700000,1,5296),(1,3245,17,'Itaquitinga',55950000,1,5297),(1,3246,17,'Jaboatão dos Guararapes',NULL,1,5302),(1,3247,17,'Jaqueira',55409000,1,5304),(1,3248,17,'Jataúba',55180000,1,5305),(1,3249,17,'Jatobá',56470000,1,5307),(1,3250,17,'João Alfredo',55720000,1,5309),(1,3251,17,'Joaquim Nabuco',55535000,1,5310),(1,3252,17,'Jucati',55398000,1,5314),(1,3253,17,'Jupi',55395000,1,5315),(1,3254,17,'Jurema',55480000,1,5316),(1,3255,17,'Lagoa do Carro',55820000,1,5321),(1,3256,17,'Lagoa do Itaenga',55840000,1,5322),(1,3257,17,'Lagoa do Ouro',55320000,1,5323),(1,3258,17,'Lagoa dos Gatos',55450000,1,5325),(1,3259,17,'Lagoa Grande',56395000,1,5326),(1,3260,17,'Lajedo',55385000,1,5329),(1,3261,17,'Limoeiro',55700000,1,5331),(1,3262,17,'Macaparana',55865000,1,5334),(1,3263,17,'Machados',55740000,1,5335),(1,3264,17,'Manari',56565000,1,5337),(1,3265,17,'Maraial',55405000,1,5341),(1,3266,17,'Mirandiba',56980000,1,5345),(1,3267,17,'Moreilândia',56150000,1,5347),(1,3268,17,'Moreno',54800000,1,5348),(1,3269,17,'Nazaré da Mata',55800000,1,5355),(1,3270,17,'Olinda',NULL,1,5362),(1,3271,17,'Orobó',55745000,1,5365),(1,3272,17,'Orocó',56170000,1,5366),(1,3273,17,'Ouricuri',56200000,1,5367),(1,3274,17,'Palmares',55540000,1,5369),(1,3275,17,'Palmeirina',55310000,1,5370),(1,3276,17,'Panelas',55470000,1,5371),(1,3277,17,'Paranatama',55355000,1,5377),(1,3278,17,'Parnamirim',56163000,1,5379),(1,3279,17,'Passira',55650000,1,5381),(1,3280,17,'Paudalho',55825000,1,5383),(1,3281,17,'Paulista',NULL,1,5384),(1,3282,17,'Pedra',55280000,1,5385),(1,3283,17,'Pesqueira',55200000,1,5387),(1,3284,17,'Petrolândia',56460000,1,5388),(1,3285,17,'Petrolina',NULL,1,5389),(1,3286,17,'Poção',55240000,1,5391),(1,3287,17,'Pombos',55630000,1,5395),(1,3288,17,'Primavera',55510000,1,5399),(1,3289,17,'Quipapá',55415000,1,5400),(1,3290,17,'Quixaba',56828000,1,5402),(1,3291,17,'Recife',NULL,1,5406),(1,3292,17,'Riacho das Almas',55120000,1,5407),(1,3293,17,'Ribeirão',55520000,1,5411),(1,3294,17,'Rio Formoso',55570000,1,5413),(1,3295,17,'Sairé',55695000,1,5414),(1,3296,17,'Salgadinho',55675000,1,5415),(1,3297,17,'Salgueiro',56000000,1,5416),(1,3298,17,'Saloá',55350000,1,5417),(1,3299,17,'Sanharó',55250000,1,5419),(1,3300,17,'Santa Cruz',56215000,1,5420),(1,3301,17,'Santa Cruz da Baixa Verde',56895000,1,5421),(1,3302,17,'Santa Cruz do Capibaribe',55190000,1,5422),(1,3303,17,'Santa Filomena',56210000,1,5423),(1,3304,17,'Santa Maria da Boa Vista',56380000,1,5424),(1,3305,17,'Santa Maria do Cambucá',55765000,1,5425),(1,3306,17,'Santa Terezinha',56750000,1,5427),(1,3307,17,'São Benedito do Sul',55410000,1,5433),(1,3308,17,'São Bento do Una',55370000,1,5434),(1,3309,17,'São Caitano',55130000,1,5436),(1,3310,17,'São João',55435000,1,5438),(1,3311,17,'São Joaquim do Monte',55670000,1,5439),(1,3312,17,'São José da Coroa Grande',55565000,1,5441),(1,3313,17,'São José do Belmonte',56950000,1,5442),(1,3314,17,'São José do Egito',56700000,1,5443),(1,3315,17,'São Lourenço da Mata',NULL,1,5445),(1,3316,17,'São Vicente Ferrer',55860000,1,5448),(1,3317,17,'Serra Talhada',NULL,1,5453),(1,3318,17,'Serrita',56140000,1,5454),(1,3319,17,'Sertânia',56600000,1,5456),(1,3320,17,'Sirinhaém',55580000,1,5459),(1,3321,17,'Solidão',56795000,1,5461),(1,3322,17,'Surubim',55750000,1,5462),(1,3323,17,'Tabira',56780000,1,5463),(1,3324,17,'Tacaimbó',55140000,1,5465),(1,3325,17,'Tacaratu',56480000,1,5466),(1,3326,17,'Tamandaré',55578000,1,5467),(1,3327,17,'Taquaritinga do Norte',55790000,1,5470),(1,3328,17,'Terezinha',55305000,1,5474),(1,3329,17,'Terra Nova',56190000,1,5475),(1,3330,17,'Timbaúba',55870000,1,5476),(1,3331,17,'Toritama',55125000,1,5478),(1,3332,17,'Tracunhaém',55805000,1,5479),(1,3333,17,'Trindade',56250000,1,5482),(1,3334,17,'Triunfo',56870000,1,5483),(1,3335,17,'Tupanatinga',56540000,1,5485),(1,3336,17,'Tuparetama',56760000,1,5487),(1,3337,17,'Venturosa',55270000,1,5496),(1,3338,17,'Verdejante',56120000,1,5497),(1,3339,17,'Vertente do Lério',55760000,1,5498),(1,3340,17,'Vertentes',55770000,1,5499),(1,3341,17,'Vicência',55850000,1,5500),(1,3342,17,'Vitória de Santo Antão',NULL,1,5503),(1,3343,17,'Xexéu',55555000,1,5505),(1,3344,18,'Acauã',64748000,1,5508),(1,3345,18,'Agricolândia',64440000,1,5509),(1,3346,18,'Água Branca',64460000,1,5510),(1,3347,18,'Alagoinha do Piauí',64655000,1,5511),(1,3348,18,'Alegrete do Piauí',64675000,1,5512),(1,3349,18,'Alto Longá',64360000,1,5513),(1,3350,18,'Altos',64290000,1,5514),(1,3351,18,'Alvorada do Gurguéia',64923000,1,5515),(1,3352,18,'Amarante',64400000,1,5516),(1,3353,18,'Angical do Piauí',64410000,1,5517),(1,3354,18,'Anísio de Abreu',64780000,1,5518),(1,3355,18,'Antônio Almeida',64855000,1,5519),(1,3356,18,'Aroazes',64310000,1,5520),(1,3357,18,'Arraial',64480000,1,5521),(1,3358,18,'Assunção do Piauí',64333000,1,5522),(1,3359,18,'Avelino Lopes',64965000,1,5523),(1,3360,18,'Baixa Grande do Ribeiro',64868000,1,5524),(1,3361,18,'Barra D\'Alcântara',64528000,1,5525),(1,3362,18,'Barras',64100000,1,5526),(1,3363,18,'Barreiras do Piauí',64990000,1,5527),(1,3364,18,'Barro Duro',64455000,1,5528),(1,3365,18,'Batalha',64190000,1,5529),(1,3366,18,'Bela Vista do Piauí',64705000,1,5530),(1,3367,18,'Belém do Piauí',64678000,1,5531),(1,3368,18,'Beneditinos',64380000,1,5532),(1,3369,18,'Bertolínia',64870000,1,5533),(1,3370,18,'Betânia do Piauí',64753000,1,5534),(1,3371,18,'Boa Hora',64108000,1,5535),(1,3372,18,'Bocaina',64630000,1,5536),(1,3373,18,'Bom Jesus',64900000,1,5537),(1,3374,18,'Bom Princípio do Piauí',64225000,1,5538),(1,3375,18,'Bonfim do Piauí',64775000,1,5539),(1,3376,18,'Boqueirão do Piauí',64283000,1,5540),(1,3377,18,'Brasileira',64265000,1,5541),(1,3378,18,'Brejo do Piauí',64895000,1,5542),(1,3379,18,'Buriti dos Lopes',64230000,1,5543),(1,3380,18,'Buriti dos Montes',64345000,1,5544),(1,3381,18,'Cabeceiras do Piauí',64105000,1,5545),(1,3382,18,'Cajazeiras do Piauí',64514000,1,5546),(1,3383,18,'Cajueiro da Praia',64222000,1,5547),(1,3384,18,'Caldeirão Grande do Piauí',64695000,1,5548),(1,3385,18,'Campinas do Piauí',64730000,1,5549),(1,3386,18,'Campo Alegre do Fidalgo',64767000,1,5550),(1,3387,18,'Campo Grande do Piauí',64578000,1,5551),(1,3388,18,'Campo Largo do Piauí',64148000,1,5552),(1,3389,18,'Campo Maior',64280000,1,5553),(1,3390,18,'Canavieira',64833000,1,5554),(1,3391,18,'Canto do Buriti',64890000,1,5555),(1,3392,18,'Capitão de Campos',64270000,1,5556),(1,3393,18,'Capitão Gervásio Oliveira',64763000,1,5557),(1,3394,18,'Caracol',64795000,1,5558),(1,3395,18,'Caraúbas do Piauí',64233000,1,5559),(1,3396,18,'Caridade do Piauí',64590000,1,5560),(1,3397,18,'Castelo do Piauí',64340000,1,5561),(1,3398,18,'Caxingó',64228000,1,5562),(1,3399,18,'Cocal',64235000,1,5563),(1,3400,18,'Cocal de Telha',64278000,1,5564),(1,3401,18,'Cocal dos Alves',64238000,1,5565),(1,3402,18,'Coivaras',64335000,1,5566),(1,3403,18,'Colônia do Gurguéia',64885000,1,5567),(1,3404,18,'Colônia do Piauí',64516000,1,5568),(1,3405,18,'Conceição do Canindé',64740000,1,5569),(1,3406,18,'Coronel José Dias',64793000,1,5570),(1,3407,18,'Corrente',64980000,1,5571),(1,3408,18,'Cristalândia do Piauí',64995000,1,5572),(1,3409,18,'Cristino Castro',64920000,1,5573),(1,3410,18,'Curimatá',64960000,1,5574),(1,3411,18,'Currais',64905000,1,5575),(1,3412,18,'Curral Novo do Piauí',64595000,1,5576),(1,3413,18,'Curralinhos',64453000,1,5577),(1,3414,18,'Demerval Lobão',64390000,1,5578),(1,3415,18,'Dirceu Arcoverde',64785000,1,5579),(1,3416,18,'Dom Expedito Lopes',64620000,1,5580),(1,3417,18,'Dom Inocêncio',64790000,1,5581),(1,3418,18,'Domingos Mourão',64250000,1,5582),(1,3419,18,'Elesbão Veloso',64325000,1,5583),(1,3420,18,'Eliseu Martins',64880000,1,5584),(1,3421,18,'Esperantina',64180000,1,5585),(1,3422,18,'Fartura do Piauí',64788000,1,5586),(1,3423,18,'Flores do Piauí',64815000,1,5587),(1,3424,18,'Floresta do Piauí',64563000,1,5588),(1,3425,18,'Floriano',64800000,1,5589),(1,3426,18,'Francinópolis',64520000,1,5590),(1,3427,18,'Francisco Ayres',64475000,1,5591),(1,3428,18,'Francisco Macedo',64683000,1,5592),(1,3429,18,'Francisco Santos',64645000,1,5593),(1,3430,18,'Fronteiras',64690000,1,5594),(1,3431,18,'Geminiano',64613000,1,5595),(1,3432,18,'Gilbués',64930000,1,5596),(1,3433,18,'Guadalupe',64840000,1,5597),(1,3434,18,'Guaribas',64798000,1,5598),(1,3435,18,'Hugo Napoleão',64470000,1,5599),(1,3436,18,'Ilha Grande',64224000,1,5600),(1,3437,18,'Inhuma',64535000,1,5601),(1,3438,18,'Ipiranga do Piauí',64540000,1,5602),(1,3439,18,'Isaías Coelho',64570000,1,5603),(1,3440,18,'Itainópolis',64565000,1,5604),(1,3441,18,'Itaueira',64820000,1,5605),(1,3442,18,'Jacobina do Piauí',64755000,1,5606),(1,3443,18,'Jaicós',64575000,1,5607),(1,3444,18,'Jardim do Mulato',64495000,1,5608),(1,3445,18,'Jatobá do Piauí',64275000,1,5609),(1,3446,18,'Jerumenha',64830000,1,5610),(1,3447,18,'João Costa',64765000,1,5611),(1,3448,18,'Joaquim Pires',64170000,1,5612),(1,3449,18,'Joca Marques',64165000,1,5613),(1,3450,18,'José de Freitas',64110000,1,5614),(1,3451,18,'Juazeiro do Piauí',64343000,1,5615),(1,3452,18,'Júlio Borges',64963000,1,5616),(1,3453,18,'Jurema',64782000,1,5617),(1,3454,18,'Lagoa Alegre',64138000,1,5618),(1,3455,18,'Lagoa de São Francisco',64258000,1,5619),(1,3456,18,'Lagoa do Barro do Piauí',64768000,1,5620),(1,3457,18,'Lagoa do Piauí',64388000,1,5621),(1,3458,18,'Lagoa do Sítio',64308000,1,5622),(1,3459,18,'Lagoinha do Piauí',64465000,1,5623),(1,3460,18,'Landri Sales',64850000,1,5624),(1,3461,18,'Luís Correia',64220000,1,5625),(1,3462,18,'Luzilândia',64160000,1,5626),(1,3463,18,'Madeiro',64168000,1,5627),(1,3464,18,'Manoel Emídio',64875000,1,5628),(1,3465,18,'Marcolândia',64685000,1,5629),(1,3466,18,'Marcos Parente',64845000,1,5630),(1,3467,18,'Massapê do Piauí',64573000,1,5631),(1,3468,18,'Matias Olímpio',64150000,1,5632),(1,3469,18,'Miguel Alves',64130000,1,5633),(1,3470,18,'Miguel Leão',64445000,1,5634),(1,3471,18,'Milton Brandão',64253000,1,5635),(1,3472,18,'Monsenhor Gil',64450000,1,5636),(1,3473,18,'Monsenhor Hipólito',64650000,1,5637),(1,3474,18,'Monte Alegre do Piauí',64940000,1,5638),(1,3475,18,'Morro Cabeça no Tempo',64968000,1,5639),(1,3476,18,'Morro do Chapéu do Piauí',64178000,1,5640),(1,3477,18,'Murici dos Portelas',64175000,1,5641),(1,3478,18,'Nazaré do Piauí',64825000,1,5642),(1,3479,18,'Nossa Senhora de Nazaré',64288000,1,5643),(1,3480,18,'Nossa Senhora dos Remédios',64140000,1,5644),(1,3481,18,'Nova Santa Rita',64764000,1,5645),(1,3482,18,'Novo Oriente do Piauí',64530000,1,5647),(1,3483,18,'Novo Santo Antônio',64365000,1,5648),(1,3484,18,'Oeiras',64500000,1,5649),(1,3485,18,'Olho D\'Água do Piauí',64468000,1,5650),(1,3486,18,'Padre Marcos',64680000,1,5651),(1,3487,18,'Paes Landim',64710000,1,5652),(1,3488,18,'Pajeú do Piauí',64898000,1,5653),(1,3489,18,'Palmeira do Piauí',64925000,1,5654),(1,3490,18,'Palmeirais',64420000,1,5655),(1,3491,18,'Paquetá',64618000,1,5656),(1,3492,18,'Parnaguá',64970000,1,5657),(1,3493,18,'Parnaíba',NULL,1,5658),(1,3494,18,'Passagem Franca do Piauí',64395000,1,5659),(1,3495,18,'Patos do Piauí',64580000,1,5660),(1,3496,18,'Paulistana',64750000,1,5661),(1,3497,18,'Pavussu',64838000,1,5662),(1,3498,18,'Pedro II',64255000,1,5663),(1,3499,18,'Pedro Laurentino',64728000,1,5664),(1,3500,18,'Picos',NULL,1,5665),(1,3501,18,'Pimenteiras',64320000,1,5666),(1,3502,18,'Pio IX',64660000,1,5667),(1,3503,18,'Piracuruca',64240000,1,5668),(1,3504,18,'Piripiri',64260000,1,5669),(1,3505,18,'Porto',64145000,1,5670),(1,3506,18,'Porto Alegre do Piauí',64858000,1,5671),(1,3507,18,'Prata do Piauí',64370000,1,5672),(1,3508,18,'Queimada Nova',64758000,1,5673),(1,3509,18,'Redenção do Gurguéia',64915000,1,5674),(1,3510,18,'Regeneração',64490000,1,5675),(1,3511,18,'Riacho Frio',64975000,1,5676),(1,3512,18,'Ribeira do Piauí',64725000,1,5677),(1,3513,18,'Ribeiro Gonçalves',64865000,1,5678),(1,3514,18,'Rio Grande do Piauí',64835000,1,5679),(1,3515,18,'Santa Cruz do Piauí',64545000,1,5680),(1,3516,18,'Santa Cruz dos Milagres',64315000,1,5681),(1,3517,18,'Santa Filomena',64945000,1,5682),(1,3518,18,'Santa Luz',64910000,1,5683),(1,3519,18,'Santa Rosa do Piauí',64518000,1,5684),(1,3520,18,'Santana do Piauí',64615000,1,5685),(1,3521,18,'Santo Antônio de Lisboa',64640000,1,5686),(1,3522,18,'Santo Antônio dos Milagres',64438000,1,5687),(1,3523,18,'Santo Inácio do Piauí',64560000,1,5688),(1,3524,18,'São Braz do Piauí',64783000,1,5689),(1,3525,18,'São Félix do Piauí',64375000,1,5690),(1,3526,18,'São Francisco de Assis do Piauí',64745000,1,5691),(1,3527,18,'São Francisco do Piauí',64550000,1,5692),(1,3528,18,'São Gonçalo do Gurguéia',64993000,1,5693),(1,3529,18,'São Gonçalo do Piauí',64435000,1,5694),(1,3530,18,'São João da Canabrava',64635000,1,5695),(1,3531,18,'São João da Fronteira',64243000,1,5696),(1,3532,18,'São João da Serra',64350000,1,5697),(1,3533,18,'São João da Varjota',64510000,1,5698),(1,3534,18,'São João do Arraial',64155000,1,5699),(1,3535,18,'São João do Piauí',64760000,1,5700),(1,3536,18,'São José do Divino',64245000,1,5701),(1,3537,18,'São José do Peixe',64555000,1,5702),(1,3538,18,'São José do Piauí',64625000,1,5703),(1,3539,18,'São Julião',64670000,1,5704),(1,3540,18,'São Lourenço do Piauí',64778000,1,5705),(1,3541,18,'São Luis do Piauí',64638000,1,5706),(1,3542,18,'São Miguel da Baixa Grande',64378000,1,5707),(1,3543,18,'São Miguel do Fidalgo',64558000,1,5708),(1,3544,18,'São Miguel do Tapuio',64330000,1,5709),(1,3545,18,'São Pedro do Piauí',64430000,1,5710),(1,3546,18,'São Raimundo Nonato',64770000,1,5711),(1,3547,18,'Sebastião Barros',64985000,1,5712),(1,3548,18,'Sebastião Leal',64873000,1,5713),(1,3549,18,'Sigefredo Pacheco',64285000,1,5714),(1,3550,18,'Simões',64585000,1,5715),(1,3551,18,'Simplício Mendes',64700000,1,5716),(1,3552,18,'Socorro do Piauí',64720000,1,5717),(1,3553,18,'Sussuapara',64610000,1,5718),(1,3554,18,'Tamboril do Piauí',64893000,1,5719),(1,3555,18,'Tanque do Piauí',64512000,1,5720),(1,3556,18,'Teresina',NULL,1,5721),(1,3557,18,'União',64120000,1,5722),(1,3558,18,'Uruçuí',64860000,1,5723),(1,3559,18,'Valença do Piauí',64300000,1,5724),(1,3560,18,'Várzea Branca',64773000,1,5725),(1,3561,18,'Várzea Grande',64525000,1,5726),(1,3562,18,'Vera Mendes',64568000,1,5727),(1,3563,18,'Vila Nova do Piauí',64688000,1,5728),(1,3564,18,'Wall Ferraz',64548000,1,5729),(1,3565,19,'Angra dos Reis',NULL,1,6845),(1,3566,19,'Aperibé',28495000,1,6847),(1,3567,19,'Araruama',28970000,1,6848),(1,3568,19,'Areal',25845000,1,6849),(1,3569,19,'Armação dos Búzios',28950000,1,6850),(1,3570,19,'Arraial do Cabo',28930000,1,6851),(1,3571,19,'Barra do Piraí',NULL,1,6862),(1,3572,19,'Barra Mansa',NULL,1,6863),(1,3573,19,'Belford Roxo',NULL,1,6865),(1,3574,19,'Bom Jardim',28660000,1,6870),(1,3575,19,'Bom Jesus do Itabapoana',28360000,1,6871),(1,3576,19,'Cabo Frio',NULL,1,6873),(1,3577,19,'Cachoeiras de Macacu',28680000,1,6875),(1,3578,19,'Cambuci',28430000,1,6879),(1,3579,19,'Campos dos Goytacazes',NULL,1,6881),(1,3580,19,'Cantagalo',28500000,1,6883),(1,3581,19,'Carapebus',27998000,1,6885),(1,3582,19,'Cardoso Moreira',28180000,1,6886),(1,3583,19,'Carmo',28640000,1,6887),(1,3584,19,'Casimiro de Abreu',28860000,1,6889),(1,3585,19,'Comendador Levy Gasparian',25870000,1,6893),(1,3586,19,'Conceição de Macabu',28740000,1,6896),(1,3587,19,'Cordeiro',28540000,1,6900),(1,3588,19,'Duas Barras',28650000,1,6911),(1,3589,19,'Duque de Caxias',NULL,1,6912),(1,3590,19,'Engenheiro Paulo de Frontin',26650000,1,6914),(1,3591,19,'Guapimirim',NULL,1,6927),(1,3592,19,'Iguaba Grande',28960000,1,6932),(1,3593,19,'Itaboraí',NULL,1,6941),(1,3594,19,'Itaguaí',NULL,1,6943),(1,3595,19,'Italva',28250000,1,6947),(1,3596,19,'Itaocara',28570000,1,6949),(1,3597,19,'Itaperuna',28300000,1,6950),(1,3598,19,'Itatiaia',27580000,1,6951),(1,3599,19,'Japeri',NULL,1,6955),(1,3600,19,'Laje do Muriaé',28350000,1,6957),(1,3601,19,'Macaé',NULL,1,6962),(1,3602,19,'Macuco',28545000,1,6963),(1,3603,19,'Magé',NULL,1,6964),(1,3604,19,'Mangaratiba',23860000,1,6966),(1,3605,19,'Maricá',NULL,1,6971),(1,3606,19,'Mendes',26700000,1,6972),(1,3607,19,'Miguel Pereira',26900000,1,6974),(1,3608,19,'Miracema',28460000,1,6975),(1,3609,19,'Natividade',28380000,1,6985),(1,3610,19,'Nilópolis',NULL,1,6988),(1,3611,19,'Niterói',NULL,1,6989),(1,3612,19,'Nova Friburgo',NULL,1,6993),(1,3613,19,'Nova Iguaçu',NULL,1,6994),(1,3614,19,'Paracambi',26600000,1,6999),(1,3615,19,'Paraíba do Sul',25850000,1,7000),(1,3616,19,'Parati',23970000,1,7004),(1,3617,19,'Paty do Alferes',26950000,1,7007),(1,3618,19,'Petrópolis',NULL,1,7012),(1,3619,19,'Pinheiral',27197000,1,7015),(1,3620,19,'Piraí',27175000,1,7017),(1,3621,19,'Porciúncula',28390000,1,7020),(1,3622,19,'Porto Real',27570000,1,7023),(1,3623,19,'Quatis',NULL,1,7030),(1,3624,19,'Queimados',NULL,1,7031),(1,3625,19,'Quissamã',28735000,1,7032),(1,3626,19,'Resende',NULL,1,7035),(1,3627,19,'Rio Bonito',28800000,1,7039),(1,3628,19,'Rio Claro',27460000,1,7040),(1,3629,19,'Rio das Flores',27660000,1,7041),(1,3630,19,'Rio das Ostras',NULL,1,7042),(1,3631,19,'Rio de Janeiro',NULL,1,7043),(1,3632,19,'Santa Maria Madalena',28770000,1,7057),(1,3633,19,'Santo Antônio de Pádua',28470000,1,7062),(1,3634,19,'São Fidélis',28400000,1,7065),(1,3635,19,'São Francisco de Itabapoana',28230000,1,7066),(1,3636,19,'São Gonçalo',NULL,1,7067),(1,3637,19,'São João da Barra',28200000,1,7068),(1,3638,19,'São João de Meriti',NULL,1,7069),(1,3639,19,'São José de Ubá',28455000,1,7073),(1,3640,19,'São José do Vale do Rio Preto',25780000,1,7076),(1,3641,19,'São Pedro da Aldeia',28940000,1,7078),(1,3642,19,'São Sebastião do Alto',28550000,1,7080),(1,3643,19,'Sapucaia',25880000,1,7084),(1,3644,19,'Saquarema',28990000,1,7085),(1,3645,19,'Seropédica',NULL,1,7088),(1,3646,19,'Silva Jardim',28820000,1,7091),(1,3647,19,'Sumidouro',28637000,1,7095),(1,3648,19,'Tanguá',24890000,1,7099),(1,3649,19,'Teresópolis',NULL,1,7102),(1,3650,19,'Trajano de Morais',28750000,1,7104),(1,3651,19,'Três Rios',NULL,1,7107),(1,3652,19,'Valença',27600000,1,7110),(1,3653,19,'Varre-Sai',28375000,1,7112),(1,3654,19,'Vassouras',27700000,1,7113),(1,3655,19,'Volta Redonda',NULL,1,7121),(1,3656,20,'Acari',59370000,1,7124),(1,3657,20,'Açu',59650000,1,7125),(1,3658,20,'Afonso Bezerra',59510000,1,7126),(1,3659,20,'Água Nova',59995000,1,7127),(1,3660,20,'Alexandria',59965000,1,7128),(1,3661,20,'Almino Afonso',59760000,1,7129),(1,3662,20,'Alto do Rodrigues',59507000,1,7130),(1,3663,20,'Angicos',59515000,1,7131),(1,3664,20,'Antônio Martins',59870000,1,7132),(1,3665,20,'Apodi',59700000,1,7133),(1,3666,20,'Areia Branca',59655000,1,7134),(1,3667,20,'Arez',59170000,1,7135),(1,3668,20,'Campo Grande',59680000,1,7149),(1,3669,20,'Baía Formosa',59194000,1,7136),(1,3670,20,'Baraúna',59695000,1,7138),(1,3671,20,'Barcelona',59410000,1,7139),(1,3672,20,'Bento Fernandes',59555000,1,7141),(1,3673,20,'Bodó',59528000,1,7143),(1,3674,20,'Bom Jesus',59270000,1,7144),(1,3675,20,'Brejinho',59219000,1,7145),(1,3676,20,'Caiçara do Norte',59592000,1,7146),(1,3677,20,'Caiçara do Rio do Vento',59540000,1,7147),(1,3678,20,'Caicó',59300000,1,7148),(1,3679,20,'Campo Redondo',59230000,1,7150),(1,3680,20,'Canguaretama',59190000,1,7151),(1,3681,20,'Caraúbas',59780000,1,7152),(1,3682,20,'Carnaúba dos Dantas',59374000,1,7153),(1,3683,20,'Carnaubais',59665000,1,7154),(1,3684,20,'Ceará-Mirim',59570000,1,7155),(1,3685,20,'Cerro Corá',59395000,1,7156),(1,3686,20,'Coronel Ezequiel',59220000,1,7157),(1,3687,20,'Coronel João Pessoa',59930000,1,7158),(1,3688,20,'Cruzeta',59375000,1,7160),(1,3689,20,'Currais Novos',59380000,1,7161),(1,3690,20,'Doutor Severiano',59910000,1,7162),(1,3691,20,'Encanto',59905000,1,7163),(1,3692,20,'Equador',59355000,1,7164),(1,3693,20,'Espírito Santo',59180000,1,7165),(1,3694,20,'Extremoz',59575000,1,7167),(1,3695,20,'Felipe Guerra',59795000,1,7168),(1,3696,20,'Fernando Pedroza',59517000,1,7169),(1,3697,20,'Florânia',59335000,1,7171),(1,3698,20,'Francisco Dantas',59902000,1,7172),(1,3699,20,'Frutuoso Gomes',59890000,1,7173),(1,3700,20,'Galinhos',59596000,1,7174),(1,3701,20,'Goianinha',59173000,1,7176),(1,3702,20,'Governador Dix-Sept Rosado',59790000,1,7177),(1,3703,20,'Grossos',59675000,1,7178),(1,3704,20,'Guamaré',59598000,1,7179),(1,3705,20,'Ielmo Marinho',59490000,1,7180),(1,3706,20,'Ipanguaçu',59508000,1,7182),(1,3707,20,'Ipueira',59315000,1,7184),(1,3708,20,'Itajá',59513000,1,7185),(1,3709,20,'Itaú',59855000,1,7186),(1,3710,20,'Jaçanã',59225000,1,7187),(1,3711,20,'Jandaíra',59594000,1,7188),(1,3712,20,'Janduís',59690000,1,7189),(1,3713,20,'Boa Saúde',59260000,1,7142),(1,3714,20,'Japi',59213000,1,7190),(1,3715,20,'Jardim de Angicos',59544000,1,7191),(1,3716,20,'Jardim de Piranhas',59324000,1,7192),(1,3717,20,'Jardim do Seridó',59343000,1,7193),(1,3718,20,'João Câmara',59550000,1,7194),(1,3719,20,'João Dias',59880000,1,7195),(1,3720,20,'José da Penha',59980000,1,7196),(1,3721,20,'Jucurutu',59330000,1,7197),(1,3722,20,'Lagoa D\'Anta',59227000,1,7199),(1,3723,20,'Lagoa de Pedras',59244000,1,7200),(1,3724,20,'Lagoa de Velhos',59430000,1,7201),(1,3725,20,'Lagoa Nova',59390000,1,7202),(1,3726,20,'Lagoa Salgada',59247000,1,7203),(1,3727,20,'Lajes',59535000,1,7204),(1,3728,20,'Lajes Pintadas',59235000,1,7205),(1,3729,20,'Lucrécia',59805000,1,7206),(1,3730,20,'Luís Gomes',59940000,1,7207),(1,3731,20,'Macaíba',59280000,1,7208),(1,3732,20,'Macau',59500000,1,7209),(1,3733,20,'Major Sales',59945000,1,7211),(1,3734,20,'Marcelino Vieira',59970000,1,7212),(1,3735,20,'Martins',59800000,1,7213),(1,3736,20,'Maxaranguape',59580000,1,7215),(1,3737,20,'Messias Targino',59775000,1,7216),(1,3738,20,'Montanhas',59198000,1,7217),(1,3739,20,'Monte Alegre',59182000,1,7218),(1,3740,20,'Monte das Gameleiras',59217000,1,7219),(1,3741,20,'Mossoró',NULL,1,7220),(1,3742,20,'Natal',NULL,1,7221),(1,3743,20,'Nísia Floresta',59164000,1,7222),(1,3744,20,'Nova Cruz',59215000,1,7223),(1,3745,20,'Olho-D\'Água do Borges',59730000,1,7224),(1,3746,20,'Ouro Branco',59347000,1,7225),(1,3747,20,'Paraná',59950000,1,7226),(1,3748,20,'Paraú',59660000,1,7166),(1,3749,20,'Parazinho',59586000,1,7227),(1,3750,20,'Parelhas',59360000,1,7228),(1,3751,20,'Parnamirim',NULL,1,7229),(1,3752,20,'Passa e Fica',59218000,1,7230),(1,3753,20,'Passagem',59259000,1,7231),(1,3754,20,'Patu',59770000,1,7232),(1,3755,20,'Pau dos Ferros',59900000,1,7233),(1,3756,20,'Pedra Grande',59588000,1,7234),(1,3757,20,'Pedra Preta',59547000,1,7235),(1,3758,20,'Pedro Avelino',59530000,1,7236),(1,3759,20,'Pedro Velho',59196000,1,7237),(1,3760,20,'Pendências',59504000,1,7238),(1,3761,20,'Pilões',59960000,1,7239),(1,3762,20,'Poço Branco',59560000,1,7240),(1,3763,20,'Portalegre',59810000,1,7241),(1,3764,20,'Porto do Mangue',59668000,1,7242),(1,3765,20,'Serra Caiada',59245000,1,7283),(1,3766,20,'Pureza',59582000,1,7243),(1,3767,20,'Rafael Fernandes',59990000,1,7244),(1,3768,20,'Rafael Godeiro',59740000,1,7245),(1,3769,20,'Riacho da Cruz',59820000,1,7246),(1,3770,20,'Riacho de Santana',59987000,1,7247),(1,3771,20,'Riachuelo',59470000,1,7248),(1,3772,20,'Rio do Fogo',59578000,1,7249),(1,3773,20,'Rodolfo Fernandes',59830000,1,7250),(1,3774,20,'Ruy Barbosa',59420000,1,7252),(1,3775,20,'Santa Cruz',59200000,1,7254),(1,3776,20,'Santa Maria',59464000,1,7256),(1,3777,20,'Santana do Matos',59520000,1,7258),(1,3778,20,'Santana do Seridó',59350000,1,7259),(1,3779,20,'Santo Antônio',59255000,1,7260),(1,3780,20,'São Bento do Norte',59590000,1,7262),(1,3781,20,'São Bento do Trairí',59210000,1,7263),(1,3782,20,'São Fernando',59327000,1,7265),(1,3783,20,'São Francisco do Oeste',59908000,1,7266),(1,3784,20,'São Gonçalo do Amarante',59290000,1,7268),(1,3785,20,'São João do Sabugi',59310000,1,7269),(1,3786,20,'São José de Mipibu',59162000,1,7271),(1,3787,20,'São José do Campestre',59275000,1,7272),(1,3788,20,'São José do Seridó',59378000,1,7273),(1,3789,20,'São Miguel',59920000,1,7274),(1,3790,20,'São Miguel de Touros',NULL,1,NULL),(1,3791,20,'São Paulo do Potengi',59460000,1,7276),(1,3792,20,'São Pedro',59480000,1,7277),(1,3793,20,'São Rafael',59518000,1,7278),(1,3794,20,'São Tomé',59400000,1,7279),(1,3795,20,'São Vicente',59340000,1,7280),(1,3796,20,'Senador Elói de Souza',59250000,1,7281),(1,3797,20,'Senador Georgino Avelino',59168000,1,7282),(1,3798,20,'Serra de São Bento',59214000,1,7285),(1,3799,20,'Serra do Mel',59663000,1,7286),(1,3800,20,'Serra Negra do Norte',59318000,1,7287),(1,3801,20,'Serrinha',59258000,1,7288),(1,3802,20,'Serrinha dos Pintos',59808000,1,7289),(1,3803,20,'Severiano Melo',59856000,1,7290),(1,3804,20,'Sítio Novo',59440000,1,7291),(1,3805,20,'Taboleiro Grande',59840000,1,7292),(1,3806,20,'Taipu',59565000,1,7293),(1,3807,20,'Tangará',59240000,1,7294),(1,3808,20,'Tenente Ananias',59955000,1,7295),(1,3809,20,'Tenente Laurentino Cruz',59338000,1,7296),(1,3810,20,'Tibau',59678000,1,7297),(1,3811,20,'Tibau do Sul',59178000,1,7298),(1,3812,20,'Timbaúba dos Batistas',59320000,1,7299),(1,3813,20,'Touros',59584000,1,7300),(1,3814,20,'Triunfo Potiguar',59685000,1,7302),(1,3815,20,'Umarizal',59865000,1,7303),(1,3816,20,'Upanema',59670000,1,7304),(1,3817,20,'Várzea',59185000,1,7305),(1,3818,20,'Venha-Ver',59925000,1,7306),(1,3819,20,'Vera Cruz',59184000,1,7307),(1,3820,20,'Viçosa',59815000,1,7308),(1,3821,20,'Vila Flor',59192000,1,7309),(1,3822,21,'Água Santa',99965000,1,7390),(1,3823,21,'Agudo',96540000,1,7392),(1,3824,21,'Ajuricaba',98750000,1,7393),(1,3825,21,'Alecrim',98950000,1,7395),(1,3826,21,'Alegrete',NULL,1,7396),(1,3827,21,'Alegria',98905000,1,7397),(1,3828,21,'Alpestre',98480000,1,7400),(1,3829,21,'Alto Alegre',99430000,1,7401),(1,3830,21,'Alto Feliz',95773000,1,7404),(1,3831,21,'Alvorada',NULL,1,7408),(1,3832,21,'Amaral Ferrador',96635000,1,7409),(1,3833,21,'Ametista do Sul',98465000,1,7410),(1,3834,21,'André da Rocha',95310000,1,7411),(1,3835,21,'Anta Gorda',95980000,1,7412),(1,3836,21,'Antônio Prado',95250000,1,7414),(1,3837,21,'Arambaré',96178000,1,7415),(1,3838,21,'Araricá',93880000,1,7416),(1,3839,21,'Aratiba',99770000,1,7417),(1,3840,21,'Arroio do Meio',95940000,1,7421),(1,3841,21,'Arroio do Sal',95585000,1,7423),(1,3842,21,'Arroio do Tigre',96950000,1,7425),(1,3843,21,'Arroio dos Ratos',96740000,1,7426),(1,3844,21,'Arroio Grande',96330000,1,7427),(1,3845,21,'Arvorezinha',95995000,1,7431),(1,3846,21,'Augusto Pestana',98740000,1,7434),(1,3847,21,'Áurea',99835000,1,7435),(1,3848,21,'Bagé',NULL,1,7439),(1,3849,21,'Balneário Pinhal',95599000,1,7441),(1,3850,21,'Barão',95730000,1,7443),(1,3851,21,'Barão de Cotegipe',99740000,1,7444),(1,3852,21,'Barão do Triunfo',96735000,1,7445),(1,3853,21,'Barra do Guarita',98530000,1,7446),(1,3854,21,'Barra do Quaraí',97538000,1,7448),(1,3855,21,'Barra do Ribeiro',96790000,1,7449),(1,3856,21,'Barra do Rio Azul',99795000,1,7450),(1,3857,21,'Barra Funda',99585000,1,7451),(1,3858,21,'Barracão',95370000,1,7452),(1,3859,21,'Barros Cassal',99360000,1,7458),(1,3860,21,'Benjamin Constant do Sul',99650000,1,7465),(1,3861,21,'Bento Gonçalves',95700000,1,7466),(1,3862,21,'Boa Vista das Missões',98335000,1,7472),(1,3863,21,'Boa Vista do Buricá',98918000,1,7473),(1,3864,21,'Boa Vista do Sul',95727000,1,7476),(1,3865,21,'Bom Jesus',95290000,1,7481),(1,3866,21,'Bom Princípio',95765000,1,7482),(1,3867,21,'Bom Progresso',98575000,1,7483),(1,3868,21,'Bom Retiro do Sul',95870000,1,7486),(1,3869,21,'Boqueirão do Leão',95920000,1,7490),(1,3870,21,'Bossoroca',97850000,1,7492),(1,3871,21,'Braga',98560000,1,7494),(1,3872,21,'Brochier',95790000,1,7495),(1,3873,21,'Butiá',96750000,1,7497),(1,3874,21,'Caçapava do Sul',96570000,1,7499),(1,3875,21,'Cacequi',97450000,1,7500),(1,3876,21,'Cachoeira do Sul',NULL,1,7501),(1,3877,21,'Cachoeirinha',NULL,1,7502),(1,3878,21,'Cacique Doble',99860000,1,7503),(1,3879,21,'Caibaté',97930000,1,7505),(1,3880,21,'Caiçara',98440000,1,7506),(1,3881,21,'Camaquã',96180000,1,7507),(1,3882,21,'Camargo',99165000,1,7508),(1,3883,21,'Cambará do Sul',95480000,1,7509),(1,3884,21,'Campestre da Serra',95255000,1,7512),(1,3885,21,'Campina das Missões',98975000,1,7513),(1,3886,21,'Campinas do Sul',99660000,1,7516),(1,3887,21,'Campo Bom',93700000,1,7517),(1,3888,21,'Campo Novo',98570000,1,7520),(1,3889,21,'Campos Borges',99435000,1,7525),(1,3890,21,'Candelária',96930000,1,7526),(1,3891,21,'Cândido Godói',98970000,1,7528),(1,3892,21,'Candiota',96495000,1,7529),(1,3893,21,'Canela',95680000,1,7530),(1,3894,21,'Canguçu',96600000,1,7531),(1,3895,21,'Canoas',NULL,1,7533),(1,3896,21,'Capão da Canoa',95555000,1,7539),(1,3897,21,'Capão do Leão',96160000,1,7543),(1,3898,21,'Capela de Santana',95745000,1,7544),(1,3899,21,'Capitão',95935000,1,7547),(1,3900,21,'Capivari do Sul',95552000,1,7548),(1,3901,21,'Caraá',95515000,1,7552),(1,3902,21,'Carazinho',99500000,1,7554),(1,3903,21,'Carlos Barbosa',95185000,1,7555),(1,3904,21,'Carlos Gomes',99825000,1,7556),(1,3905,21,'Casca',99260000,1,7558),(1,3906,21,'Caseiros',95315000,1,7561),(1,3907,21,'Catuípe',98770000,1,7563),(1,3908,21,'Caxias do Sul',NULL,1,7566),(1,3909,21,'Centenário',99838000,1,7569),(1,3910,21,'Cerrito',96395000,1,7572),(1,3911,21,'Cerro Branco',96535000,1,7576),(1,3912,21,'Cerro Grande',98340000,1,7580),(1,3913,21,'Cerro Grande do Sul',96770000,1,7581),(1,3914,21,'Cerro Largo',97900000,1,7582),(1,3915,21,'Chapada',99530000,1,7583),(1,3916,21,'Charqueadas',96745000,1,7585),(1,3917,21,'Charrua',99960000,1,7586),(1,3918,21,'Chiapetta',98760000,1,7587),(1,3919,21,'Chuí',96255000,1,7591),(1,3920,21,'Chuvisca',96193000,1,7592),(1,3921,21,'Cidreira',95595000,1,7593),(1,3922,21,'Ciríaco',99970000,1,7595),(1,3923,21,'Colinas',95895000,1,7599),(1,3924,21,'Colorado',99460000,1,7607),(1,3925,21,'Condor',98290000,1,7609),(1,3926,21,'Constantina',99680000,1,7611),(1,3927,21,'Coqueiros do Sul',99528000,1,7613),(1,3928,21,'Coronel Barros',98735000,1,7616),(1,3929,21,'Coronel Bicaco',98580000,1,7617),(1,3930,21,'Cotiporã',95335000,1,7624),(1,3931,21,'Coxilha',99145000,1,7625),(1,3932,21,'Crissiumal',98640000,1,7628),(1,3933,21,'Cristal',96195000,1,7629),(1,3934,21,'Cristal do Sul',98368000,1,7630),(1,3935,21,'Cruz Alta',NULL,1,7632),(1,3936,21,'Cruzeiro do Sul',95930000,1,7635),(1,3937,21,'David Canabarro',99980000,1,7642),(1,3938,21,'Derrubadas',98528000,1,7646),(1,3939,21,'Dezesseis de Novembro',97845000,1,7647),(1,3940,21,'Dilermando de Aguiar',97180000,1,7648),(1,3941,21,'Dois Irmãos',93950000,1,7650),(1,3942,21,'Dois Irmãos das Missões',98385000,1,7651),(1,3943,21,'Dois Lajeados',99220000,1,7652),(1,3944,21,'Dom Feliciano',96190000,1,7654),(1,3945,21,'Dom Pedrito',96450000,1,7656),(1,3946,21,'Dom Pedro de Alcântara',95568000,1,7657),(1,3947,21,'Dona Francisca',97280000,1,7658),(1,3948,21,'Doutor Maurício Cardoso',98925000,1,7663),(1,3949,21,'Doutor Ricardo',95967000,1,7664),(1,3950,21,'Eldorado do Sul',92990000,1,7665),(1,3951,21,'Encantado',95960000,1,7667),(1,3952,21,'Encruzilhada do Sul',96610000,1,7669),(1,3953,21,'Engenho Velho',99698000,1,7670),(1,3954,21,'Entre Rios do Sul',99645000,1,7671),(1,3955,21,'Entre-Ijuís',98855000,1,7672),(1,3956,21,'Erebango',99920000,1,7674),(1,3957,21,'Erechim',99700000,1,7675),(1,3958,21,'Ernestina',99140000,1,7676),(1,3959,21,'Erval Grande',99750000,1,7678),(1,3960,21,'Erval Seco',98390000,1,7679),(1,3961,21,'Esmeralda',95380000,1,7681),(1,3962,21,'Esperança do Sul',98635000,1,7682),(1,3963,21,'Espumoso',99400000,1,7687),(1,3964,21,'Estação',99930000,1,7694),(1,3965,21,'Estância Velha',93600000,1,7696),(1,3966,21,'Esteio',NULL,1,7697),(1,3967,21,'Estrela',95880000,1,7700),(1,3968,21,'Estrela Velha',96990000,1,7702),(1,3969,21,'Eugênio de Castro',98860000,1,7703),(1,3970,21,'Fagundes Varela',95333000,1,7705),(1,3971,21,'Farroupilha',95180000,1,7710),(1,3972,21,'Faxinal do Soturno',97220000,1,7712),(1,3973,21,'Faxinalzinho',99655000,1,7713),(1,3974,21,'Fazenda Vilanova',95875000,1,7716),(1,3975,21,'Feliz',95770000,1,7717),(1,3976,21,'Flores da Cunha',95270000,1,7719),(1,3977,21,'Floriano Peixoto',99910000,1,7722),(1,3978,21,'Fontoura Xavier',99370000,1,7724),(1,3979,21,'Formigueiro',97210000,1,7725),(1,3980,21,'Fortaleza dos Valos',98125000,1,7729),(1,3981,21,'Frederico Westphalen',98400000,1,7730),(1,3982,21,'Garibaldi',95720000,1,7733),(1,3983,21,'Garruchos',97690000,1,7735),(1,3984,21,'Gaurama',99830000,1,7736),(1,3985,21,'General Câmara',95820000,1,7737),(1,3986,21,'Gentil',99160000,1,7738),(1,3987,21,'Getúlio Vargas',99900000,1,7739),(1,3988,21,'Giruá',98870000,1,7740),(1,3989,21,'Glorinha',94380000,1,7742),(1,3990,21,'Gramado',95670000,1,7744),(1,3991,21,'Gramado dos Loureiros',99605000,1,7745),(1,3992,21,'Gramado Xavier',96875000,1,7747),(1,3993,21,'Gravataí',NULL,1,7748),(1,3994,21,'Guabiju',95355000,1,7749),(1,3995,21,'Guaíba',92500000,1,7750),(1,3996,21,'Guaporé',99200000,1,7752),(1,3997,21,'Guarani das Missões',97950000,1,7753),(1,3998,21,'Harmonia',95785000,1,7755),(1,3999,21,'Herval',96310000,1,7756),(1,4000,21,'Herveiras',96888000,1,7757),(1,4001,21,'Horizontina',98920000,1,7759),(1,4002,21,'Hulha Negra',96460000,1,7760),(1,4003,21,'Humaitá',98670000,1,7761),(1,4004,21,'Ibarama',96925000,1,7762),(1,4005,21,'Ibiaçá',99940000,1,7764),(1,4006,21,'Ibiraiaras',95305000,1,7765),(1,4007,21,'Ibirapuitã',99320000,1,7766),(1,4008,21,'Ibirubá',98200000,1,7767),(1,4009,21,'Igrejinha',95650000,1,7768),(1,4010,21,'Ijuí',98700000,1,7771),(1,4011,21,'Ilópolis',95990000,1,7773),(1,4012,21,'Imbé',95625000,1,7774),(1,4013,21,'Imigrante',95885000,1,7775),(1,4014,21,'Independência',98915000,1,7776),(1,4015,21,'Inhacorá',98765000,1,7777),(1,4016,21,'Ipê',95240000,1,7778),(1,4017,21,'Ipiranga do Sul',99925000,1,7780),(1,4018,21,'Iraí',98460000,1,7782),(1,4019,21,'Itaara',97185000,1,7784),(1,4020,21,'Itacurubi',97685000,1,7786),(1,4021,21,'Itapuca',95997000,1,7792),(1,4022,21,'Itaqui',97650000,1,7794),(1,4023,21,'Itatiba do Sul',99760000,1,7796),(1,4024,21,'Ivorá',98160000,1,7800),(1,4025,21,'Ivoti',93900000,1,7801),(1,4026,21,'Jaboticaba',98350000,1,7802),(1,4027,21,'Jacutinga',99730000,1,7804),(1,4028,21,'Jaguarão',96300000,1,7805),(1,4029,21,'Jaguari',97760000,1,7807),(1,4030,21,'Jaquirana',95420000,1,7809),(1,4031,21,'Jari',98175000,1,7810),(1,4032,21,'Jóia',98180000,1,7815),(1,4033,21,'Júlio de Castilhos',98130000,1,7818),(1,4034,21,'Lagoa dos Três Cantos',99495000,1,7820),(1,4035,21,'Lagoa Vermelha',95300000,1,7821),(1,4036,21,'Lagoão',99340000,1,7822),(1,4037,21,'Lajeado',95900000,1,7823),(1,4038,21,'Lajeado do Bugre',98320000,1,7827),(1,4039,21,'Lavras do Sul',97390000,1,7833),(1,4040,21,'Liberato Salzano',99690000,1,7835),(1,4041,21,'Lindolfo Collor',93940000,1,7836),(1,4042,21,'Linha Nova',95768000,1,7838),(1,4043,21,'Maçambará',97645000,1,7841),(1,4044,21,'Machadinho',99880000,1,7842),(1,4045,21,'Mampituba',95572000,1,7844),(1,4046,21,'Manoel Viana',97640000,1,7847),(1,4047,21,'Maquiné',95530000,1,7848),(1,4048,21,'Maratá',95793000,1,7849),(1,4049,21,'Marau',99150000,1,7850),(1,4050,21,'Marcelino Ramos',99800000,1,7851),(1,4051,21,'Mariana Pimentel',92900000,1,7853),(1,4052,21,'Mariano Moro',99790000,1,7854),(1,4053,21,'Marques de Souza',95923000,1,7857),(1,4054,21,'Mata',97410000,1,7858),(1,4055,21,'Mato Castelhano',99180000,1,7860),(1,4056,21,'Mato Leitão',95835000,1,7862),(1,4057,21,'Maximiliano de Almeida',99890000,1,7866),(1,4058,21,'Minas do Leão',96755000,1,7868),(1,4059,21,'Miraguaí',98540000,1,7869),(1,4060,21,'Montauri',99255000,1,7873),(1,4061,21,'Monte Alegre dos Campos',95236000,1,7876),(1,4062,21,'Monte Belo do Sul',95718000,1,7878),(1,4063,21,'Montenegro',95780000,1,7880),(1,4064,21,'Mormaço',99315000,1,7881),(1,4065,21,'Morrinhos do Sul',95577000,1,7883),(1,4066,21,'Morro Redondo',96150000,1,7886),(1,4067,21,'Morro Reuter',93990000,1,7887),(1,4068,21,'Mostardas',96270000,1,7889),(1,4069,21,'Muçum',95970000,1,7890),(1,4070,21,'Muitos Capões',95230000,1,7891),(1,4071,21,'Muliterno',99990000,1,7892),(1,4072,21,'Não-Me-Toque',99470000,1,7893),(1,4073,21,'Nicolau Vergueiro',99175000,1,7895),(1,4074,21,'Nonoai',99600000,1,7896),(1,4075,21,'Nova Alvorada',95985000,1,7899),(1,4076,21,'Nova Araçá',95350000,1,7900),(1,4077,21,'Nova Bassano',95340000,1,7901),(1,4078,21,'Nova Boa Vista',99580000,1,7902),(1,4079,21,'Nova Bréscia',95950000,1,7903),(1,4080,21,'Nova Candelária',98919000,1,7904),(1,4081,21,'Nova Esperança do Sul',97770000,1,7905),(1,4082,21,'Nova Hartz',93890000,1,7906),(1,4083,21,'Nova Pádua',95275000,1,7908),(1,4084,21,'Nova Palma',97250000,1,7909),(1,4085,21,'Nova Petrópolis',95150000,1,7910),(1,4086,21,'Nova Prata',95320000,1,7911),(1,4087,21,'Nova Ramada',98758000,1,7912),(1,4088,21,'Nova Roma do Sul',95260000,1,7913),(1,4089,21,'Nova Santa Rita',92480000,1,7914),(1,4090,21,'Novo Barreiro',98338000,1,7916),(1,4091,21,'Novo Cabrais',96545000,1,7917),(1,4092,21,'Novo Hamburgo',NULL,1,7918),(1,4093,21,'Novo Machado',98955000,1,7920),(1,4094,21,'Novo Tiradentes',98370000,1,7922),(1,4095,21,'Osório',95520000,1,7925),(1,4096,21,'Paim Filho',99850000,1,7932),(1,4097,21,'Palmares do Sul',95540000,1,7933),(1,4098,21,'Palmeira das Missões',98300000,1,7935),(1,4099,21,'Palmitinho',98430000,1,7936),(1,4100,21,'Panambi',98280000,1,7938),(1,4101,21,'Pantano Grande',96690000,1,7939),(1,4102,21,'Paraí',95360000,1,7940),(1,4103,21,'Paraíso do Sul',96530000,1,7941),(1,4104,21,'Pareci Novo',95783000,1,7942),(1,4105,21,'Parobé',95630000,1,7943),(1,4106,21,'Passa Sete',96908000,1,7944),(1,4107,21,'Passo do Sobrado',96685000,1,7952),(1,4108,21,'Passo Fundo',NULL,1,7953),(1,4109,21,'Paverama',95865000,1,7958),(1,4110,21,'Pedro Osório',96360000,1,7962),(1,4111,21,'Pejuçara',98270000,1,7964),(1,4112,21,'Pelotas',NULL,1,7965),(1,4113,21,'Picada Café',95175000,1,7966),(1,4114,21,'Pinhal',98345000,1,7967),(1,4115,21,'Pinhal Grande',98150000,1,7973),(1,4116,21,'Pinheirinho do Vale',98435000,1,7976),(1,4117,21,'Pinheiro Machado',96470000,1,7977),(1,4118,21,'Pirapó',97885000,1,7982),(1,4119,21,'Piratini',96490000,1,7983),(1,4120,21,'Planalto',98470000,1,7985),(1,4121,21,'Poço das Antas',95740000,1,7988),(1,4122,21,'Pontão',99190000,1,7991),(1,4123,21,'Ponte Preta',99735000,1,7992),(1,4124,21,'Portão',93180000,1,7993),(1,4125,21,'Porto Alegre',NULL,1,7994),(1,4126,21,'Porto Lucena',98980000,1,7996),(1,4127,21,'Porto Mauá',98947000,1,7997),(1,4128,21,'Porto Vera Cruz',98985000,1,7998),(1,4129,21,'Porto Xavier',98995000,1,7999),(1,4130,21,'Pouso Novo',95945000,1,8000),(1,4131,21,'Presidente Lucena',93945000,1,8005),(1,4132,21,'Progresso',95925000,1,8006),(1,4133,21,'Protásio Alves',95345000,1,8010),(1,4134,21,'Putinga',95975000,1,8012),(1,4135,21,'Quaraí',97560000,1,8013),(1,4136,21,'Quevedos',98140000,1,8016),(1,4137,21,'Quinze de Novembro',98230000,1,8020),(1,4138,21,'Redentora',98550000,1,8023),(1,4139,21,'Relvado',95965000,1,8025),(1,4140,21,'Restinga Seca',97200000,1,8026),(1,4141,21,'Rio dos Índios',99610000,1,8040),(1,4142,21,'Rio Grande',NULL,1,8041),(1,4143,21,'Rio Pardo',96640000,1,8043),(1,4144,21,'Riozinho',95695000,1,8047),(1,4145,21,'Roca Sales',95735000,1,8048),(1,4146,21,'Rodeio Bonito',98360000,1,8049),(1,4147,21,'Rolante',95690000,1,8051),(1,4148,21,'Ronda Alta',99670000,1,8053),(1,4149,21,'Rondinha',99590000,1,8054),(1,4150,21,'Roque Gonzales',97970000,1,8055),(1,4151,21,'Rosário do Sul',97590000,1,8057),(1,4152,21,'Sagrada Família',98330000,1,8058),(1,4153,21,'Saldanha Marinho',98250000,1,8060),(1,4154,21,'Salto do Jacuí',99440000,1,8064),(1,4155,21,'Salvador das Missões',97940000,1,8065),(1,4156,21,'Salvador do Sul',95750000,1,8066),(1,4157,21,'Sananduva',99840000,1,8067),(1,4158,21,'Santa Bárbara do Sul',98240000,1,8071),(1,4159,21,'Santa Clara do Sul',95915000,1,8075),(1,4160,21,'Santa Cruz do Sul',NULL,1,8079),(1,4161,21,'Santa Maria',NULL,1,8087),(1,4162,21,'Santa Maria do Herval',93995000,1,8088),(1,4163,21,'Santa Rosa',98900000,1,8090),(1,4164,21,'Santa Tereza',95715000,1,8094),(1,4165,21,'Santa Vitória do Palmar',96230000,1,8096),(1,4166,21,'Santana da Boa Vista',96590000,1,8100),(1,4167,21,'Santana do Livramento',NULL,1,8101),(1,4168,21,'Santiago',97700000,1,8102),(1,4169,21,'Santo Ângelo',NULL,1,8104),(1,4170,21,'Santo Antônio da Patrulha',95500000,1,8108),(1,4171,21,'Santo Antônio das Missões',97870000,1,8109),(1,4172,21,'Santo Antônio do Palma',99265000,1,8112),(1,4173,21,'Santo Antônio do Planalto',99525000,1,8113),(1,4174,21,'Santo Augusto',98590000,1,8114),(1,4175,21,'Santo Cristo',98960000,1,8115),(1,4176,21,'Santo Expedito do Sul',99895000,1,8116),(1,4177,21,'São Borja',97670000,1,8120),(1,4178,21,'São Domingos do Sul',99270000,1,8122),(1,4179,21,'São Francisco de Assis',97610000,1,8124),(1,4180,21,'São Francisco de Paula',95400000,1,8125),(1,4181,21,'São Gabriel',97300000,1,8126),(1,4182,21,'São Jerônimo',96700000,1,8127),(1,4183,21,'São João da Urtiga',99855000,1,8131),(1,4184,21,'São João do Polêsine',97230000,1,8132),(1,4185,21,'São Jorge',95365000,1,8133),(1,4186,21,'São José das Missões',98325000,1,8137),(1,4187,21,'São José do Herval',99380000,1,8140),(1,4188,21,'São José do Hortêncio',95755000,1,8141),(1,4189,21,'São José do Inhacorá',98958000,1,8142),(1,4190,21,'São José do Norte',96225000,1,8143),(1,4191,21,'São José do Ouro',99870000,1,8144),(1,4192,21,'São José dos Ausentes',95280000,1,8145),(1,4193,21,'São Leopoldo',NULL,1,8146),(1,4194,21,'São Lourenço do Sul',96170000,1,8148),(1,4195,21,'São Luiz Gonzaga',97800000,1,8151),(1,4196,21,'São Marcos',95190000,1,8153),(1,4197,21,'São Martinho',98690000,1,8155),(1,4198,21,'São Martinho da Serra',97190000,1,8156),(1,4199,21,'São Miguel das Missões',98865000,1,8158),(1,4200,21,'São Nicolau',97880000,1,8159),(1,4201,21,'São Paulo das Missões',97980000,1,8161),(1,4202,21,'São Pedro da Serra',95758000,1,8164),(1,4203,21,'São Pedro do Butiá',97920000,1,8165),(1,4204,21,'São Pedro do Sul',97400000,1,8167),(1,4205,21,'São Sebastião do Caí',95760000,1,8171),(1,4206,21,'São Sepé',97340000,1,8172),(1,4207,21,'São Valentim',99640000,1,8174),(1,4208,21,'São Valentim do Sul',99240000,1,8176),(1,4209,21,'São Valério do Sul',98595000,1,8177),(1,4210,21,'São Vendelino',95795000,1,8178),(1,4211,21,'São Vicente do Sul',97420000,1,8179),(1,4212,21,'Sapiranga',93800000,1,8180),(1,4213,21,'Sapucaia do Sul',NULL,1,8181),(1,4214,21,'Sarandi',99560000,1,8182),(1,4215,21,'Seberi',98380000,1,8184),(1,4216,21,'Sede Nova',98675000,1,8187),(1,4217,21,'Segredo',96910000,1,8188),(1,4218,21,'Selbach',99450000,1,8191),(1,4219,21,'Senador Salgado Filho',98895000,1,8192),(1,4220,21,'Sentinela do Sul',96765000,1,8193),(1,4221,21,'Serafina Corrêa',99250000,1,8195),(1,4222,21,'Sério',95918000,1,8196),(1,4223,21,'Sertão',99170000,1,8199),(1,4224,21,'Sertão Santana',92850000,1,8200),(1,4225,21,'Sete de Setembro',97960000,1,8202),(1,4226,21,'Severiano de Almeida',99810000,1,8206),(1,4227,21,'Silveira Martins',97195000,1,8209),(1,4228,21,'Sinimbu',96890000,1,8210),(1,4229,21,'Sobradinho',96900000,1,8213),(1,4230,21,'Soledade',99300000,1,8214),(1,4231,21,'Tabaí',95863000,1,8217),(1,4232,21,'Tapejara',99950000,1,8223),(1,4233,21,'Tapera',99490000,1,8224),(1,4234,21,'Tapes',96760000,1,8226),(1,4235,21,'Taquara',95600000,1,8227),(1,4236,21,'Taquari',95860000,1,8228),(1,4237,21,'Taquaruçu do Sul',98410000,1,8230),(1,4238,21,'Tavares',96290000,1,8231),(1,4239,21,'Tenente Portela',98500000,1,8232),(1,4240,21,'Terra de Areia',95535000,1,8233),(1,4241,21,'Teutônia',95890000,1,8235),(1,4242,21,'Tiradentes do Sul',98680000,1,8238),(1,4243,21,'Toropi',97418000,1,8239),(1,4244,21,'Torres',95560000,1,8242),(1,4245,21,'Tramandaí',95590000,1,8245),(1,4246,21,'Travesseiro',95948000,1,8246),(1,4247,21,'Três Arroios',99725000,1,8248),(1,4248,21,'Três Cachoeiras',95580000,1,8250),(1,4249,21,'Três Coroas',95660000,1,8251),(1,4250,21,'Três de Maio',98910000,1,8252),(1,4251,21,'Três Forquilhas',95575000,1,8253),(1,4252,21,'Três Palmeiras',99675000,1,8254),(1,4253,21,'Três Passos',98600000,1,8255),(1,4254,21,'Trindade do Sul',99615000,1,8257),(1,4255,21,'Triunfo',95840000,1,8258),(1,4256,21,'Tucunduva',98930000,1,8260),(1,4257,21,'Tunas',99330000,1,8262),(1,4258,21,'Tupanci do Sul',99878000,1,8264),(1,4259,21,'Tupanciretã',98170000,1,8265),(1,4260,21,'Tupandi',95775000,1,8267),(1,4261,21,'Tuparendi',98940000,1,8269),(1,4262,21,'Turuçu',96148000,1,8272),(1,4263,21,'Ubiretama',98898000,1,8274),(1,4264,21,'União da Serra',99215000,1,8276),(1,4265,21,'Unistalda',97755000,1,8277),(1,4266,21,'Uruguaiana',NULL,1,8278),(1,4267,21,'Vacaria',95200000,1,8280),(1,4268,21,'Vale do Sol',96878000,1,8283),(1,4269,21,'Vale Real',95778000,1,8284),(1,4270,21,'Vale Verde',95833000,1,8286),(1,4271,21,'Vanini',99290000,1,8287),(1,4272,21,'Venâncio Aires',95800000,1,8288),(1,4273,21,'Vera Cruz',96880000,1,8289),(1,4274,21,'Veranópolis',95330000,1,8290),(1,4275,21,'Vespasiano Correa',95972000,1,8292),(1,4276,21,'Viadutos',99820000,1,8293),(1,4277,21,'Viamão',NULL,1,8294),(1,4278,21,'Vicente Dutra',98450000,1,8295),(1,4279,21,'Victor Graeff',99350000,1,8296),(1,4280,21,'Vila Flores',95334000,1,8299),(1,4281,21,'Vila Lângaro',99955000,1,8300),(1,4282,21,'Vila Maria',99155000,1,8302),(1,4283,21,'Vila Nova do Sul',97385000,1,8303),(1,4284,21,'Vista Alegre',98415000,1,8307),(1,4285,21,'Vista Alegre do Prata',95325000,1,8309),(1,4286,21,'Vista Gaúcha',98535000,1,8310),(1,4287,21,'Vitória das Missões',98850000,1,8312),(1,4288,21,'Xangri-lá',95588000,1,8317),(1,4289,22,'Alta Floresta D\'Oeste',76954000,1,7312),(1,4290,22,'Alto Alegre dos Parecis',76952000,1,7311),(1,4291,22,'Alto Paraíso',76862000,1,7313),(1,4292,22,'Alvorada D\'Oeste',76930000,1,7314),(1,4293,22,'Ariquemes',NULL,1,7315),(1,4294,22,'Buritis',76880000,1,7316),(1,4295,22,'Cabixi',76994000,1,7317),(1,4296,22,'Cacaulândia',76889000,1,7318),(1,4297,22,'Cacoal',NULL,1,7319),(1,4298,22,'Campo Novo de Rondônia',76887000,1,7321),(1,4299,22,'Candeias do Jamari',76860000,1,7322),(1,4300,22,'Castanheiras',76948000,1,7323),(1,4301,22,'Cerejeiras',76997000,1,7324),(1,4302,22,'Chupinguaia',76990000,1,7325),(1,4303,22,'Colorado do Oeste',76993000,1,7326),(1,4304,22,'Corumbiara',76995000,1,7327),(1,4305,22,'Costa Marques',76937000,1,7328),(1,4306,22,'Cujubim',76864000,1,7329),(1,4307,22,'Espigão do Oeste',76974000,1,7330),(1,4308,22,'Governador Jorge Teixeira',76898000,1,7331),(1,4309,22,'Guajará-Mirim',76850000,1,7332),(1,4310,22,'Itapuã do Oeste',76861000,1,7334),(1,4311,22,'Jaru',76890000,1,7335),(1,4312,22,'Ji-Paraná',NULL,1,7336),(1,4313,22,'Machadinho D\'Oeste',76868000,1,7337),(1,4314,22,'Ministro Andreazza',76919000,1,7339),(1,4315,22,'Mirante da Serra',76926000,1,7340),(1,4316,22,'Monte Negro',76888000,1,7341),(1,4317,22,'Nova Brasilândia D\'Oeste',76958000,1,7342),(1,4318,22,'Nova Mamoré',76857000,1,7343),(1,4319,22,'Nova União',76924000,1,7344),(1,4320,22,'Novo Horizonte do Oeste',76956000,1,7346),(1,4321,22,'Ouro Preto do Oeste',76920000,1,7347),(1,4322,22,'Parecis',76979000,1,7348),(1,4323,22,'Pimenta Bueno',76970000,1,7350),(1,4324,22,'Pimenteiras do Oeste',76999000,1,7351),(1,4325,22,'Porto Velho',NULL,1,7352),(1,4326,22,'Presidente Médici',76916000,1,7353),(1,4327,22,'Primavera de Rondônia',76976000,1,7354),(1,4328,22,'Rio Crespo',76863000,1,7356),(1,4329,22,'Rolim de Moura',76940000,1,7358),(1,4330,22,'Santa Luzia D\'Oeste',76950000,1,7359),(1,4331,22,'São Felipe D\'Oeste',76977000,1,7360),(1,4332,22,'São Francisco do Guaporé',76935000,1,7361),(1,4333,22,'São Miguel do Guaporé',76932000,1,7362),(1,4334,22,'Seringueiras',76934000,1,7363),(1,4335,22,'Teixeirópolis',76928000,1,7365),(1,4336,22,'Theobroma',76866000,1,7366),(1,4337,22,'Urupá',76929000,1,7367),(1,4338,22,'Vale do Anari',76867000,1,7368),(1,4339,22,'Vale do Paraíso',76923000,1,7369),(1,4340,22,'Vilhena',76980000,1,7371),(1,4341,23,'Alto Alegre',69350000,1,7373),(1,4342,23,'Amajari',69343000,1,7374),(1,4343,23,'Boa Vista',NULL,1,7375),(1,4344,23,'Bonfim',69380000,1,7376),(1,4345,23,'Cantá',69390000,1,7377),(1,4346,23,'Caracaraí',69360000,1,7378),(1,4347,23,'Caroebe',69378000,1,7379),(1,4348,23,'Iracema',69348000,1,7380),(1,4349,23,'Mucajaí',69340000,1,7381),(1,4350,23,'Normandia',69355000,1,7382),(1,4351,23,'Pacaraima',69345000,1,7383),(1,4352,23,'Rorainópolis',69373000,1,7384),(1,4353,23,'São João da Baliza',69375000,1,7385),(1,4354,23,'São Luiz',69370000,1,7386),(1,4355,23,'Uiramutã',69358000,1,7387),(1,4356,24,'Abdon Batista',89636000,1,8319),(1,4357,24,'Abelardo Luz',89830000,1,8320),(1,4358,24,'Agrolândia',88420000,1,8321),(1,4359,24,'Agronômica',89188000,1,8322),(1,4360,24,'Água Doce',89654000,1,8323),(1,4361,24,'Águas de Chapecó',89883000,1,8326),(1,4362,24,'Águas Frias',89843000,1,8327),(1,4363,24,'Águas Mornas',88150000,1,8328),(1,4364,24,'Alfredo Wagner',88450000,1,8331),(1,4365,24,'Alto Bela Vista',89730000,1,8333),(1,4366,24,'Anchieta',89970000,1,8335),(1,4367,24,'Angelina',88460000,1,8336),(1,4368,24,'Anita Garibaldi',88590000,1,8337),(1,4369,24,'Anitápolis',88475000,1,8338),(1,4370,24,'Antônio Carlos',88180000,1,8340),(1,4371,24,'Apiúna',89135000,1,8341),(1,4372,24,'Arabutã',89740000,1,8342),(1,4373,24,'Araquari',89245000,1,8343),(1,4374,24,'Araranguá',NULL,1,8344),(1,4375,24,'Armazém',88740000,1,8345),(1,4376,24,'Arroio Trinta',89590000,1,8347),(1,4377,24,'Arvoredo',89778000,1,8348),(1,4378,24,'Ascurra',89138000,1,8349),(1,4379,24,'Atalanta',88410000,1,8350),(1,4380,24,'Aurora',89186000,1,8352),(1,4381,24,'Balneário Arroio do Silva',88914000,1,8355),(1,4382,24,'Balneário Barra do Sul',89247000,1,8356),(1,4383,24,'Balneário Camboriú',NULL,1,8357),(1,4384,24,'Balneário Gaivota',88955000,1,8358),(1,4385,24,'Bandeirante',89905000,1,8360),(1,4386,24,'Barra Bonita',89909000,1,8361),(1,4387,24,'Barra Velha',88390000,1,8367),(1,4388,24,'Bela Vista do Toldo',89478000,1,8373),(1,4389,24,'Belmonte',89925000,1,8374),(1,4390,24,'Benedito Novo',89124000,1,8375),(1,4391,24,'Biguaçu',88160000,1,8376),(1,4392,24,'Blumenau',NULL,1,8377),(1,4393,24,'Bocaina do Sul',88538000,1,8378),(1,4394,24,'Bom Jardim da Serra',88640000,1,8380),(1,4395,24,'Bom Jesus',89824000,1,8381),(1,4396,24,'Bom Jesus do Oeste',89873000,1,8382),(1,4397,24,'Bom Retiro',88680000,1,8383),(1,4398,24,'Bombinhas',88215000,1,8385),(1,4399,24,'Botuverá',88295000,1,8386),(1,4400,24,'Braço do Norte',88750000,1,8387),(1,4401,24,'Braço do Trombudo',89178000,1,8388),(1,4402,24,'Brunópolis',89634000,1,8389),(1,4403,24,'Brusque',NULL,1,8390),(1,4404,24,'Caçador',89500000,1,8391),(1,4405,24,'Caibi',89888000,1,8394),(1,4406,24,'Calmon',89430000,1,8395),(1,4407,24,'Camboriú',NULL,1,8396),(1,4408,24,'Campo Alegre',89294000,1,8400),(1,4409,24,'Campo Belo do Sul',88580000,1,8401),(1,4410,24,'Campo Erê',89980000,1,8402),(1,4411,24,'Campos Novos',89620000,1,8403),(1,4412,24,'Canelinha',88230000,1,8405),(1,4413,24,'Canoinhas',89460000,1,8407),(1,4414,24,'Capão Alto',88548000,1,8408),(1,4415,24,'Capinzal',89665000,1,8409),(1,4416,24,'Capivari de Baixo',88745000,1,8410),(1,4417,24,'Catanduvas',89670000,1,8412),(1,4418,24,'Caxambu do Sul',89880000,1,8414),(1,4419,24,'Celso Ramos',88598000,1,8416),(1,4420,24,'Cerro Negro',88585000,1,8417),(1,4421,24,'Chapadão do Lageado',88407000,1,8418),(1,4422,24,'Chapecó',NULL,1,8419),(1,4423,24,'Cocal do Sul',88845000,1,8421),(1,4424,24,'Concórdia',89700000,1,8424),(1,4425,24,'Cordilheira Alta',89819000,1,8425),(1,4426,24,'Coronel Freitas',89840000,1,8426),(1,4427,24,'Coronel Martins',89837000,1,8427),(1,4428,24,'Correia Pinto',88535000,1,8428),(1,4429,24,'Corupá',89278000,1,8429),(1,4430,24,'Criciúma',NULL,1,8430),(1,4431,24,'Cunha Porã',89890000,1,8431),(1,4432,24,'Cunhataí',89886000,1,8432),(1,4433,24,'Curitibanos',89520000,1,8433),(1,4434,24,'Descanso',89910000,1,8436),(1,4435,24,'Dionísio Cerqueira',89950000,1,8437),(1,4436,24,'Dona Emma',89155000,1,8438),(1,4437,24,'Doutor Pedrinho',89126000,1,8439),(1,4438,24,'Entre Rios',89862000,1,8442),(1,4439,24,'Ermo',88935000,1,8443),(1,4440,24,'Erval Velho',89613000,1,8444),(1,4441,24,'Faxinal dos Guedes',89694000,1,8447),(1,4442,24,'Flor do Sertão',89878000,1,8451),(1,4443,24,'Florianópolis',NULL,1,8452),(1,4444,24,'Formosa do Sul',89859000,1,8453),(1,4445,24,'Forquilhinha',88850000,1,8454),(1,4446,24,'Fraiburgo',89580000,1,8456),(1,4447,24,'Frei Rogério',89530000,1,8458),(1,4448,24,'Galvão',89838000,1,8459),(1,4449,24,'Garopaba',88495000,1,8461),(1,4450,24,'Garuva',89248000,1,8462),(1,4451,24,'Gaspar',89110000,1,8463),(1,4452,24,'Governador Celso Ramos',88190000,1,8465),(1,4453,24,'Grão Pará',88890000,1,8466),(1,4454,24,'Gravatal',88735000,1,8468),(1,4455,24,'Guabiruba',88360000,1,8469),(1,4456,24,'Guaraciaba',89920000,1,8471),(1,4457,24,'Guaramirim',89270000,1,8472),(1,4458,24,'Guarujá do Sul',89940000,1,8473),(1,4459,24,'Guatambú',89817000,1,8475),(1,4460,24,'Herval d\'Oeste',89610000,1,8478),(1,4461,24,'Ibiam',89652000,1,8479),(1,4462,24,'Ibicaré',89640000,1,8480),(1,4463,24,'Ibirama',89140000,1,8482),(1,4464,24,'Içara',88820000,1,8483),(1,4465,24,'Ilhota',88320000,1,8484),(1,4466,24,'Imaruí',88770000,1,8485),(1,4467,24,'Imbituba',88780000,1,8486),(1,4468,24,'Imbuia',88440000,1,8487),(1,4469,24,'Indaial',89130000,1,8488),(1,4470,24,'Iomerê',89558000,1,8492),(1,4471,24,'Ipira',89669000,1,8493),(1,4472,24,'Iporã do Oeste',89899000,1,8495),(1,4473,24,'Ipuaçu',89832000,1,8496),(1,4474,24,'Ipumirim',89790000,1,8497),(1,4475,24,'Iraceminha',89891000,1,8498),(1,4476,24,'Irani',89680000,1,8500),(1,4477,24,'Irati',89856000,1,8502),(1,4478,24,'Irineópolis',89440000,1,8503),(1,4479,24,'Itá',89760000,1,8504),(1,4480,24,'Itaiópolis',89340000,1,8506),(1,4481,24,'Itajaí',NULL,1,8507),(1,4482,24,'Itapema',88220000,1,8509),(1,4483,24,'Itapiranga',89896000,1,8510),(1,4484,24,'Itapoá',89249000,1,8511),(1,4485,24,'Ituporanga',88400000,1,8514),(1,4486,24,'Jaborá',89677000,1,8515),(1,4487,24,'Jacinto Machado',88950000,1,8516),(1,4488,24,'Jaguaruna',88715000,1,8517),(1,4489,24,'Jaraguá do Sul',NULL,1,8518),(1,4490,24,'Jardinópolis',89848000,1,8519),(1,4491,24,'Joaçaba',89600000,1,8520),(1,4492,24,'Joinville',NULL,1,8521),(1,4493,24,'José Boiteux',89145000,1,8522),(1,4494,24,'Jupiá',89839000,1,8523),(1,4495,24,'Lacerdópolis',89660000,1,8524),(1,4496,24,'Lages',NULL,1,8525),(1,4497,24,'Laguna',88790000,1,8528),(1,4498,24,'Lajeado Grande',89828000,1,8529),(1,4499,24,'Laurentino',89170000,1,8530),(1,4500,24,'Lauro Muller',88880000,1,8531),(1,4501,24,'Lebon Régis',89515000,1,8533),(1,4502,24,'Leoberto Leal',88445000,1,8534),(1,4503,24,'Lindóia do Sul',89735000,1,8535),(1,4504,24,'Lontras',89182000,1,8537),(1,4505,24,'Luiz Alves',89115000,1,8539),(1,4506,24,'Luzerna',89609000,1,8540),(1,4507,24,'Macieira',89518000,1,8542),(1,4508,24,'Mafra',89300000,1,8543),(1,4509,24,'Major Gercino',88260000,1,8544),(1,4510,24,'Major Vieira',89480000,1,8545),(1,4511,24,'Maracajá',88915000,1,8546),(1,4512,24,'Maravilha',89874000,1,8549),(1,4513,24,'Marema',89860000,1,8552),(1,4514,24,'Massaranduba',89108000,1,8556),(1,4515,24,'Matos Costa',89420000,1,8557),(1,4516,24,'Meleiro',88920000,1,8558),(1,4517,24,'Mirim Doce',89194000,1,8561),(1,4518,24,'Modelo',89872000,1,8562),(1,4519,24,'Mondaí',89893000,1,8563),(1,4520,24,'Monte Carlo',89618000,1,8565),(1,4521,24,'Monte Castelo',89380000,1,8566),(1,4522,24,'Morro da Fumaça',88830000,1,8568),(1,4523,24,'Morro Grande',88925000,1,8570),(1,4524,24,'Navegantes',NULL,1,8571),(1,4525,24,'Nova Erechim',89865000,1,8574),(1,4526,24,'Nova Itaberaba',89818000,1,8576),(1,4527,24,'Nova Trento',88270000,1,8579),(1,4528,24,'Nova Veneza',88865000,1,8580),(1,4529,24,'Novo Horizonte',89998000,1,8581),(1,4530,24,'Orleans',88870000,1,8582),(1,4531,24,'Otacílio Costa',88540000,1,8583),(1,4532,24,'Ouro',89663000,1,8584),(1,4533,24,'Ouro Verde',89834000,1,8585),(1,4534,24,'Paial',89765000,1,8587),(1,4535,24,'Painel',88543000,1,8588),(1,4536,24,'Palhoça',NULL,1,8589),(1,4537,24,'Palma Sola',89985000,1,8590),(1,4538,24,'Palmeira',88545000,1,8591),(1,4539,24,'Palmitos',89887000,1,8592),(1,4540,24,'Papanduva',89370000,1,8594),(1,4541,24,'Paraíso',89906000,1,8595),(1,4542,24,'Passo de Torres',88980000,1,8596),(1,4543,24,'Passos Maia',89687000,1,8598),(1,4544,24,'Paulo Lopes',88490000,1,8600),(1,4545,24,'Pedras Grandes',88720000,1,8601),(1,4546,24,'Penha',88385000,1,8602),(1,4547,24,'Peritiba',89750000,1,8604),(1,4548,24,'Petrolândia',88430000,1,8606),(1,4549,24,'Balneário Piçarras',88380000,1,8607),(1,4550,24,'Pinhalzinho',89870000,1,8609),(1,4551,24,'Pinheiro Preto',89570000,1,8611),(1,4552,24,'Piratuba',89667000,1,8614),(1,4553,24,'Planalto Alegre',89882000,1,8616),(1,4554,24,'Pomerode',89107000,1,8618),(1,4555,24,'Ponte Alta',88550000,1,8619),(1,4556,24,'Ponte Alta do Norte',89535000,1,8620),(1,4557,24,'Ponte Serrada',89683000,1,8621),(1,4558,24,'Porto Belo',88210000,1,8622),(1,4559,24,'Porto União',89400000,1,8623),(1,4560,24,'Pouso Redondo',89172000,1,8624),(1,4561,24,'Praia Grande',88990000,1,8625),(1,4562,24,'Presidente Castello Branco',89745000,1,8627),(1,4563,24,'Presidente Getúlio',89150000,1,8628),(1,4564,24,'Presidente Nereu',89184000,1,8631),(1,4565,24,'Princesa',89935000,1,8632),(1,4566,24,'Quilombo',89850000,1,8634),(1,4567,24,'Rancho Queimado',88470000,1,8636),(1,4568,24,'Rio das Antas',89550000,1,8646),(1,4569,24,'Rio do Campo',89198000,1,8648),(1,4570,24,'Rio do Oeste',89180000,1,8649),(1,4571,24,'Rio do Sul',NULL,1,8650),(1,4572,24,'Rio dos Cedros',89121000,1,8652),(1,4573,24,'Rio Fortuna',88760000,1,8653),(1,4574,24,'Rio Negrinho',89295000,1,8655),(1,4575,24,'Rio Rufino',88658000,1,8657),(1,4576,24,'Riqueza',89895000,1,8658),(1,4577,24,'Rodeio',89136000,1,8659),(1,4578,24,'Romelândia',89908000,1,8660),(1,4579,24,'Salete',89196000,1,8662),(1,4580,24,'Saltinho',89981000,1,8663),(1,4581,24,'Salto Veloso',89595000,1,8664),(1,4582,24,'Sangão',88717000,1,8666),(1,4583,24,'Santa Cecília',89540000,1,8667),(1,4584,24,'Santa Helena',89915000,1,8669),(1,4585,24,'Santa Rosa de Lima',88763000,1,8675),(1,4586,24,'Santa Rosa do Sul',88965000,1,8676),(1,4587,24,'Santa Terezinha',89199000,1,8677),(1,4588,24,'Santa Terezinha do Progresso',89983000,1,8678),(1,4589,24,'Santiago do Sul',89854000,1,8680),(1,4590,24,'Santo Amaro da Imperatriz',88140000,1,8681),(1,4591,24,'São Bento do Sul',NULL,1,8684),(1,4592,24,'São Bernardino',89982000,1,8685),(1,4593,24,'São Bonifácio',88485000,1,8686),(1,4594,24,'São Carlos',89885000,1,8687),(1,4595,24,'São Cristovão do Sul',89533000,1,8689),(1,4596,24,'São Domingos',89835000,1,8691),(1,4597,24,'São Francisco do Sul',89240000,1,8692),(1,4598,24,'São João Batista',88240000,1,8694),(1,4599,24,'São João do Itaperiú',88395000,1,8695),(1,4600,24,'São João do Oeste',89897000,1,8696),(1,4601,24,'São João do Sul',88970000,1,8698),(1,4602,24,'São Joaquim',88600000,1,8699),(1,4603,24,'São José',NULL,1,8700),(1,4604,24,'São José do Cedro',89930000,1,8701),(1,4605,24,'São José do Cerrito',88570000,1,8702),(1,4606,24,'São Lourenço do Oeste',89990000,1,8705),(1,4607,24,'São Ludgero',88730000,1,8706),(1,4608,24,'São Martinho',88765000,1,8707),(1,4609,24,'São Miguel da Boa Vista',89879000,1,8709),(1,4610,24,'São Miguel do Oeste',89900000,1,8708),(1,4611,24,'São Pedro de Alcântara',88125000,1,8711),(1,4612,24,'Saudades',89868000,1,8717),(1,4613,24,'Schroeder',89275000,1,8718),(1,4614,24,'Seara',89770000,1,8719),(1,4615,24,'Serra Alta',89871000,1,8721),(1,4616,24,'Siderópolis',88860000,1,8723),(1,4617,24,'Sombrio',88960000,1,8724),(1,4618,24,'Sul Brasil',89855000,1,8726),(1,4619,24,'Taió',89190000,1,8727),(1,4620,24,'Tangará',89642000,1,8728),(1,4621,24,'Tigrinhos',89875000,1,8732),(1,4622,24,'Tijucas',88200000,1,8733),(1,4623,24,'Timbé do Sul',88940000,1,8734),(1,4624,24,'Timbó',89120000,1,8735),(1,4625,24,'Timbó Grande',89545000,1,8736),(1,4626,24,'Três Barras',89490000,1,8737),(1,4627,24,'Treviso',88862000,1,8738),(1,4628,24,'Treze de Maio',88710000,1,8739),(1,4629,24,'Treze Tílias',89650000,1,8740),(1,4630,24,'Trombudo Central',89176000,1,8741),(1,4631,24,'Tubarão',NULL,1,8742),(1,4632,24,'Tunápolis',89898000,1,8743),(1,4633,24,'Turvo',88930000,1,8745),(1,4634,24,'União do Oeste',89845000,1,8746),(1,4635,24,'Urubici',88650000,1,8747),(1,4636,24,'Urupema',88625000,1,8749),(1,4637,24,'Urussanga',88840000,1,8750),(1,4638,24,'Vargeão',89690000,1,8751),(1,4639,24,'Vargem',89638000,1,8752),(1,4640,24,'Vargem Bonita',89675000,1,8753),(1,4641,24,'Vidal Ramos',88443000,1,8755),(1,4642,24,'Videira',89560000,1,8756),(1,4643,24,'Vitor Meireles',89148000,1,8761),(1,4644,24,'Witmarsum',89157000,1,8762),(1,4645,24,'Xanxerê',89820000,1,8763),(1,4646,24,'Xavantina',89780000,1,8764),(1,4647,24,'Xaxim',89825000,1,8765),(1,4648,24,'Zortéa',89633000,1,8766),(1,4649,25,'Adamantina',17800000,1,8853),(1,4650,25,'Adolfo',15230000,1,8854),(1,4651,25,'Aguaí',13860000,1,8857),(1,4652,25,'Águas da Prata',13890000,1,8858),(1,4653,25,'Águas de Lindóia',13940000,1,8859),(1,4654,25,'Águas de Santa Bárbara',18770000,1,8860),(1,4655,25,'Águas de São Pedro',13525000,1,8861),(1,4656,25,'Agudos',17120000,1,8862),(1,4657,25,'Alambari',18220000,1,8865),(1,4658,25,'Alfredo Marcondes',19180000,1,8870),(1,4659,25,'Altair',15430000,1,8871),(1,4660,25,'Altinópolis',14350000,1,8872),(1,4661,25,'Alto Alegre',16310000,1,8873),(1,4662,25,'Alumínio',18125000,1,8875),(1,4663,25,'Álvares Florence',15540000,1,8876),(1,4664,25,'Álvares Machado',19160000,1,8877),(1,4665,25,'Álvaro de Carvalho',17410000,1,8878),(1,4666,25,'Alvinlândia',17430000,1,8879),(1,4667,25,'Americana',NULL,1,8883),(1,4668,25,'Américo Brasiliense',14820000,1,8884),(1,4669,25,'Américo de Campos',15550000,1,8885),(1,4670,25,'Amparo',NULL,1,8886),(1,4671,25,'Analândia',13550000,1,8888),(1,4672,25,'Andradina',NULL,1,8891),(1,4673,25,'Angatuba',18240000,1,8892),(1,4674,25,'Anhembi',18620000,1,8893),(1,4675,25,'Anhumas',19580000,1,8894),(1,4676,25,'Aparecida',12570000,1,8896),(1,4677,25,'Aparecida D\'Oeste',15735000,1,8897),(1,4678,25,'Apiaí',18320000,1,8901),(1,4679,25,'Araçariguama',18147000,1,8906),(1,4680,25,'Araçatuba',NULL,1,8907),(1,4681,25,'Araçoiaba da Serra',18190000,1,8908),(1,4682,25,'Aramina',14550000,1,8909),(1,4683,25,'Arandu',18710000,1,8910),(1,4684,25,'Arapeí',12870000,1,8911),(1,4685,25,'Araraquara',NULL,1,8912),(1,4686,25,'Araras',NULL,1,8913),(1,4687,25,'Arco-Íris',17630000,1,8916),(1,4688,25,'Arealva',17160000,1,8917),(1,4689,25,'Areias',12820000,1,8918),(1,4690,25,'Areiópolis',18670000,1,8919),(1,4691,25,'Ariranha',15960000,1,8920),(1,4692,25,'Artur Nogueira',13160000,1,8923),(1,4693,25,'Arujá',NULL,1,8924),(1,4694,25,'Aspásia',15763000,1,8925),(1,4695,25,'Assis',NULL,1,8926),(1,4696,25,'Atibaia',NULL,1,8928),(1,4697,25,'Auriflama',15350000,1,8930),(1,4698,25,'Avaí',16680000,1,8931),(1,4699,25,'Avanhandava',16360000,1,8932),(1,4700,25,'Avaré',NULL,1,8933),(1,4701,25,'Bady Bassitt',15115000,1,8937),(1,4702,25,'Balbinos',16640000,1,8940),(1,4703,25,'Bálsamo',15140000,1,8941),(1,4704,25,'Bananal',12850000,1,8942),(1,4705,25,'Barão de Antonina',18490000,1,8945),(1,4706,25,'Barbosa',16350000,1,8947),(1,4707,25,'Bariri',17250000,1,8948),(1,4708,25,'Barra Bonita',17340000,1,8949),(1,4709,25,'Barra do Chapéu',18325000,1,8950),(1,4710,25,'Barra do Turvo',11955000,1,8951),(1,4711,25,'Barretos',NULL,1,8954),(1,4712,25,'Barrinha',14860000,1,8955),(1,4713,25,'Barueri',NULL,1,8956),(1,4714,25,'Bastos',17690000,1,8957),(1,4715,25,'Batatais',14300000,1,8958),(1,4716,25,'Bauru',NULL,1,8961),(1,4717,25,'Bebedouro',NULL,1,8962),(1,4718,25,'Bento de Abreu',16790000,1,8965),(1,4719,25,'Bernardino de Campos',18960000,1,8966),(1,4720,25,'Bertioga',11250000,1,8967),(1,4721,25,'Bilac',16210000,1,8968),(1,4722,25,'Birigui',NULL,1,8969),(1,4723,25,'Biritiba-Mirim',8940000,1,8970),(1,4724,25,'Boa Esperança do Sul',14930000,1,8972),(1,4725,25,'Bocaina',17240000,1,8975),(1,4726,25,'Bofete',18590000,1,8976),(1,4727,25,'Boituva',18550000,1,8977),(1,4728,25,'Bom Jesus dos Perdões',12955000,1,8979),(1,4729,25,'Bom Sucesso de Itararé',18475000,1,8981),(1,4730,25,'Borá',19740000,1,8983),(1,4731,25,'Boracéia',17270000,1,8984),(1,4732,25,'Borborema',14955000,1,8985),(1,4733,25,'Borebi',18675000,1,8986),(1,4734,25,'Botucatu',NULL,1,8989),(1,4735,25,'Bragança Paulista',NULL,1,8992),(1,4736,25,'Braúna',16290000,1,8995),(1,4737,25,'Brejo Alegre',16265000,1,8996),(1,4738,25,'Brodowski',14340000,1,8997),(1,4739,25,'Brotas',17380000,1,8998),(1,4740,25,'Buri',18290000,1,9000),(1,4741,25,'Buritama',15290000,1,9001),(1,4742,25,'Buritizal',14570000,1,9002),(1,4743,25,'Cabrália Paulista',17480000,1,9003),(1,4744,25,'Cabreúva',13315000,1,9004),(1,4745,25,'Caçapava',NULL,1,9005),(1,4746,25,'Cachoeira Paulista',12630000,1,9007),(1,4747,25,'Caconde',13770000,1,9008),(1,4748,25,'Cafelândia',16500000,1,9009),(1,4749,25,'Caiabu',19530000,1,9011),(1,4750,25,'Caieiras',NULL,1,9013),(1,4751,25,'Caiuá',19450000,1,9014),(1,4752,25,'Cajamar',NULL,1,9015),(1,4753,25,'Cajati',11950000,1,9016),(1,4754,25,'Cajobi',15410000,1,9017),(1,4755,25,'Cajuru',14240000,1,9018),(1,4756,25,'Campina do Monte Alegre',18245000,1,9023),(1,4757,25,'Campinas',NULL,1,9025),(1,4758,25,'Campo Limpo Paulista',NULL,1,9026),(1,4759,25,'Campos do Jordão',12460000,1,9028),(1,4760,25,'Campos Novos Paulista',19960000,1,9029),(1,4761,25,'Cananéia',11990000,1,9030),(1,4762,25,'Canas',12615000,1,9031),(1,4763,25,'Cândido Mota',19880000,1,9033),(1,4764,25,'Cândido Rodrigues',15930000,1,9034),(1,4765,25,'Canitar',18990000,1,9036),(1,4766,25,'Capão Bonito',NULL,1,9037),(1,4767,25,'Capela do Alto',18195000,1,9038),(1,4768,25,'Capivari',13360000,1,9039),(1,4769,25,'Caraguatatuba',NULL,1,9043),(1,4770,25,'Carapicuíba',NULL,1,9044),(1,4771,25,'Cardoso',15570000,1,9046),(1,4772,25,'Casa Branca',13700000,1,9049),(1,4773,25,'Cássia dos Coqueiros',14260000,1,9050),(1,4774,25,'Castilho',16920000,1,9051),(1,4775,25,'Catanduva',NULL,1,9052),(1,4776,25,'Catiguá',15870000,1,9053),(1,4777,25,'Cedral',15895000,1,9056),(1,4778,25,'Cerqueira César',18760000,1,9057),(1,4779,25,'Cerquilho',18520000,1,9058),(1,4780,25,'Cesário Lange',18285000,1,9059),(1,4781,25,'Charqueada',13515000,1,9061),(1,4782,25,'Chavantes',18970000,1,9062),(1,4783,25,'Clementina',16250000,1,9065),(1,4784,25,'Colina',14770000,1,9067),(1,4785,25,'Colômbia',14795000,1,9068),(1,4786,25,'Conchal',13835000,1,9070),(1,4787,25,'Conchas',18570000,1,9071),(1,4788,25,'Cordeirópolis',13490000,1,9072),(1,4789,25,'Coroados',16260000,1,9073),(1,4790,25,'Coronel Macedo',18745000,1,9075),(1,4791,25,'Corumbataí',13540000,1,9078),(1,4792,25,'Cosmópolis',13150000,1,9079),(1,4793,25,'Cosmorama',15530000,1,9080),(1,4794,25,'Cotia',NULL,1,9082),(1,4795,25,'Cravinhos',14140000,1,9083),(1,4796,25,'Cristais Paulista',14460000,1,9084),(1,4797,25,'Cruzália',19860000,1,9086),(1,4798,25,'Cruzeiro',NULL,1,9087),(1,4799,25,'Cubatão',NULL,1,9088),(1,4800,25,'Cunha',12530000,1,9090),(1,4801,25,'Descalvado',13690000,1,9093),(1,4802,25,'Diadema',NULL,1,9094),(1,4803,25,'Dirce Reis',15715000,1,9095),(1,4804,25,'Divinolândia',13780000,1,9097),(1,4805,25,'Dobrada',15980000,1,9098),(1,4806,25,'Dois Córregos',17300000,1,9099),(1,4807,25,'Dolcinópolis',15740000,1,9100),(1,4808,25,'Dourado',13590000,1,9102),(1,4809,25,'Dracena',17900000,1,9103),(1,4810,25,'Duartina',17470000,1,9104),(1,4811,25,'Dumont',14120000,1,9105),(1,4812,25,'Echaporã',19830000,1,9107),(1,4813,25,'Eldorado',11960000,1,9108),(1,4814,25,'Elias Fausto',13350000,1,9110),(1,4815,25,'Elisiário',15823000,1,9111),(1,4816,25,'Embaúba',15425000,1,9112),(1,4817,25,'Embu das Artes',NULL,1,9113),(1,4818,25,'Embu-Guaçu',6900000,1,9114),(1,4819,25,'Emilianópolis',19350000,1,9115),(1,4820,25,'Engenheiro Coelho',13165000,1,9118),(1,4821,25,'Espírito Santo do Pinhal',13990000,1,9124),(1,4822,25,'Espírito Santo do Turvo',18935000,1,9125),(1,4823,25,'Estiva Gerbi',13857000,1,9126),(1,4824,25,'Estrela D\'Oeste',15650000,1,9127),(1,4825,25,'Estrela do Norte',19230000,1,9128),(1,4826,25,'Euclides da Cunha Paulista',19275000,1,9129),(1,4827,25,'Fartura',18870000,1,9131),(1,4828,25,'Fernando Prestes',15940000,1,9135),(1,4829,25,'Fernandópolis',15600000,1,9136),(1,4830,25,'Fernão',17455000,1,9137),(1,4831,25,'Ferraz de Vasconcelos',NULL,1,9138),(1,4832,25,'Flora Rica',17870000,1,9139),(1,4833,25,'Floreal',15320000,1,9140),(1,4834,25,'Florínia',19870000,1,9143),(1,4835,25,'Flórida Paulista',17830000,1,9142),(1,4836,25,'Franca',NULL,1,9144),(1,4837,25,'Francisco Morato',NULL,1,9145),(1,4838,25,'Franco da Rocha',NULL,1,9146),(1,4839,25,'Gabriel Monteiro',16220000,1,9148),(1,4840,25,'Gália',17450000,1,9149),(1,4841,25,'Garça',17400000,1,9150),(1,4842,25,'Gastão Vidigal',15330000,1,9152),(1,4843,25,'Gavião Peixoto',14813000,1,9153),(1,4844,25,'General Salgado',15300000,1,9154),(1,4845,25,'Getulina',16450000,1,9155),(1,4846,25,'Glicério',16270000,1,9156),(1,4847,25,'Guaiçara',16430000,1,9160),(1,4848,25,'Guaimbê',16480000,1,9161),(1,4849,25,'Guaíra',14790000,1,9162),(1,4850,25,'Guapiaçu',15110000,1,9164),(1,4851,25,'Guapiara',18310000,1,9165),(1,4852,25,'Guará',14580000,1,9167),(1,4853,25,'Guaraçaí',16980000,1,9168),(1,4854,25,'Guaraci',15420000,1,9169),(1,4855,25,'Guarani D\'Oeste',15680000,1,9171),(1,4856,25,'Guarantã',16570000,1,9172),(1,4857,25,'Guararapes',16700000,1,9175),(1,4858,25,'Guararema',8900000,1,9176),(1,4859,25,'Guaratinguetá',NULL,1,9177),(1,4860,25,'Guareí',18250000,1,9178),(1,4861,25,'Guariba',14840000,1,9179),(1,4862,25,'Guarujá',NULL,1,9182),(1,4863,25,'Guarulhos',NULL,1,9183),(1,4864,25,'Guatapará',14115000,1,9184),(1,4865,25,'Guzolândia',15355000,1,9185),(1,4866,25,'Herculândia',17650000,1,9186),(1,4867,25,'Holambra',13825000,1,9187),(1,4868,25,'Hortolândia',NULL,1,9189),(1,4869,25,'Iacanga',17180000,1,9190),(1,4870,25,'Iacri',17680000,1,9191),(1,4871,25,'Iaras',18775000,1,9192),(1,4872,25,'Ibaté',14815000,1,9193),(1,4873,25,'Ibirá',15860000,1,9195),(1,4874,25,'Ibirarema',19940000,1,9196),(1,4875,25,'Ibitinga',14940000,1,9197),(1,4876,25,'Ibiúna',18150000,1,9201),(1,4877,25,'Icém',15460000,1,9202),(1,4878,25,'Iepê',19640000,1,9204),(1,4879,25,'Igaraçu do Tietê',17350000,1,9206),(1,4880,25,'Igarapava',14540000,1,9208),(1,4881,25,'Igaratá',12350000,1,9209),(1,4882,25,'Iguape',11920000,1,9210),(1,4883,25,'Ilha Comprida',11925000,1,9211),(1,4884,25,'Ilha Solteira',15385000,1,9213),(1,4885,25,'Ilhabela',11630000,1,9214),(1,4886,25,'Indaiatuba',NULL,1,9216),(1,4887,25,'Indiana',19560000,1,9217),(1,4888,25,'Indiaporã',15690000,1,9218),(1,4889,25,'Inúbia Paulista',17760000,1,9220),(1,4890,25,'Ipaussu',18950000,1,9221),(1,4891,25,'Iperó',18560000,1,9222),(1,4892,25,'Ipeúna',13537000,1,9223),(1,4893,25,'Ipiguá',15108000,1,9224),(1,4894,25,'Iporanga',18330000,1,9225),(1,4895,25,'Ipuã',14610000,1,9226),(1,4896,25,'Iracemápolis',13495000,1,9227),(1,4897,25,'Irapuã',14990000,1,9229),(1,4898,25,'Irapuru',17880000,1,9230),(1,4899,25,'Itaberá',18440000,1,9231),(1,4900,25,'Itaí',18730000,1,9233),(1,4901,25,'Itajobi',15840000,1,9235),(1,4902,25,'Itaju',17260000,1,9236),(1,4903,25,'Itanhaém',11740000,1,9237),(1,4904,25,'Itaóca',18360000,1,9238),(1,4905,25,'Itapecerica da Serra',NULL,1,9239),(1,4906,25,'Itapetininga',NULL,1,9240),(1,4907,25,'Itapeva',NULL,1,9242),(1,4908,25,'Itapevi',NULL,1,9243),(1,4909,25,'Itapira',NULL,1,9244),(1,4910,25,'Itapirapuã Paulista',18385000,1,9245),(1,4911,25,'Itápolis',14900000,1,9246),(1,4912,25,'Itaporanga',18480000,1,9247),(1,4913,25,'Itapuí',17230000,1,9248),(1,4914,25,'Itapura',15390000,1,9249),(1,4915,25,'Itaquaquecetuba',NULL,1,9250),(1,4916,25,'Itararé',18460000,1,9252),(1,4917,25,'Itariri',11760000,1,9253),(1,4918,25,'Itatiba',NULL,1,9254),(1,4919,25,'Itatinga',18690000,1,9255),(1,4920,25,'Itirapina',13530000,1,9256),(1,4921,25,'Itirapuã',14420000,1,9257),(1,4922,25,'Itobi',13715000,1,9258),(1,4923,25,'Itu',NULL,1,9260),(1,4924,25,'Itupeva',13295000,1,9261),(1,4925,25,'Ituverava',14500000,1,9262),(1,4926,25,'Jaborandi',14775000,1,9264),(1,4927,25,'Jaboticabal',NULL,1,9265),(1,4928,25,'Jacareí',NULL,1,9267),(1,4929,25,'Jaci',15155000,1,9268),(1,4930,25,'Jacupiranga',11940000,1,9271),(1,4931,25,'Jaguariúna',13820000,1,9273),(1,4932,25,'Jales',NULL,1,9274),(1,4933,25,'Jambeiro',12270000,1,9276),(1,4934,25,'Jandira',NULL,1,9277),(1,4935,25,'Jardinópolis',14680000,1,9282),(1,4936,25,'Jarinu',13240000,1,9283),(1,4937,25,'Jaú',NULL,1,9285),(1,4938,25,'Jeriquara',14450000,1,9286),(1,4939,25,'Joanópolis',12980000,1,9287),(1,4940,25,'João Ramalho',19680000,1,9288),(1,4941,25,'José Bonifácio',15200000,1,9291),(1,4942,25,'Júlio Mesquita',17550000,1,9293),(1,4943,25,'Jumirim',18535000,1,9294),(1,4944,25,'Jundiaí',NULL,1,9295),(1,4945,25,'Junqueirópolis',17890000,1,9298),(1,4946,25,'Juquiá',11800000,1,9299),(1,4947,25,'Juquitiba',6950000,1,9301),(1,4948,25,'Lagoinha',12130000,1,9309),(1,4949,25,'Laranjal Paulista',18500000,1,9310),(1,4950,25,'Lavínia',16850000,1,9313),(1,4951,25,'Lavrinhas',12760000,1,9314),(1,4952,25,'Leme',NULL,1,9315),(1,4953,25,'Lençóis Paulista',NULL,1,9316),(1,4954,25,'Limeira',NULL,1,9317),(1,4955,25,'Lindóia',13950000,1,9318),(1,4956,25,'Lins',NULL,1,9319),(1,4957,25,'Lorena',NULL,1,9321),(1,4958,25,'Lourdes',15285000,1,9322),(1,4959,25,'Louveira',13290000,1,9323),(1,4960,25,'Lucélia',17780000,1,9324),(1,4961,25,'Lucianópolis',17475000,1,9325),(1,4962,25,'Luís Antônio',14210000,1,9326),(1,4963,25,'Luiziânia',16340000,1,9327),(1,4964,25,'Lupércio',17420000,1,9328),(1,4965,25,'Lutécia',19750000,1,9330),(1,4966,25,'Macatuba',17290000,1,9331),(1,4967,25,'Macaubal',15270000,1,9332),(1,4968,25,'Macedônia',15620000,1,9333),(1,4969,25,'Magda',15310000,1,9335),(1,4970,25,'Mairinque',18120000,1,9337),(1,4971,25,'Mairiporã',7600000,1,9338),(1,4972,25,'Manduri',18780000,1,9340),(1,4973,25,'Marabá Paulista',19430000,1,9342),(1,4974,25,'Maracaí',19840000,1,9343),(1,4975,25,'Marapoama',15845000,1,9344),(1,4976,25,'Mariápolis',17810000,1,9347),(1,4977,25,'Marília',NULL,1,9348),(1,4978,25,'Marinópolis',15730000,1,9349),(1,4979,25,'Martinópolis',19500000,1,9353),(1,4980,25,'Matão',NULL,1,9354),(1,4981,25,'Mauá',NULL,1,9355),(1,4982,25,'Mendonça',15220000,1,9356),(1,4983,25,'Meridiano',15625000,1,9357),(1,4984,25,'Mesópolis',15748000,1,9358),(1,4985,25,'Miguelópolis',14530000,1,9359),(1,4986,25,'Mineiros do Tietê',17320000,1,9360),(1,4987,25,'Mira Estrela',15580000,1,9361),(1,4988,25,'Miracatu',11850000,1,9362),(1,4989,25,'Mirandópolis',16800000,1,9364),(1,4990,25,'Mirante do Paranapanema',19260000,1,9365),(1,4991,25,'Mirassol',15130000,1,9366),(1,4992,25,'Mirassolândia',15145000,1,9367),(1,4993,25,'Mococa',NULL,1,9368),(1,4994,25,'Mogi das Cruzes',NULL,1,9369),(1,4995,25,'Mogi Guaçu',NULL,1,9370),(1,4996,25,'Mogi Mirim',NULL,1,9371),(1,4997,25,'Mombuca',13380000,1,9372),(1,4998,25,'Monções',15275000,1,9373),(1,4999,25,'Mongaguá',11730000,1,9374),(1,5000,25,'Monte Alegre do Sul',13910000,1,9376),(1,5001,25,'Monte Alto',15910000,1,9377),(1,5002,25,'Monte Aprazível',15150000,1,9378),(1,5003,25,'Monte Azul Paulista',14730000,1,9379),(1,5004,25,'Monte Castelo',17960000,1,9381),(1,5005,25,'Monte Mor',13190000,1,9382),(1,5006,25,'Monteiro Lobato',12250000,1,9384),(1,5007,25,'Morro Agudo',14640000,1,9386),(1,5008,25,'Morungaba',13260000,1,9388),(1,5009,25,'Motuca',14835000,1,9390),(1,5010,25,'Murutinga do Sul',16950000,1,9392),(1,5011,25,'Nantes',19645000,1,9393),(1,5012,25,'Narandiba',19220000,1,9394),(1,5013,25,'Natividade da Serra',12180000,1,9395),(1,5014,25,'Nazaré Paulista',12960000,1,9396),(1,5015,25,'Neves Paulista',15120000,1,9397),(1,5016,25,'Nhandeara',15190000,1,9398),(1,5017,25,'Nipoã',15240000,1,9399),(1,5018,25,'Nova Aliança',15210000,1,9403),(1,5019,25,'Nova Campina',18435000,1,9406),(1,5020,25,'Nova Canaã Paulista',15773000,1,9407),(1,5021,25,'Nova Castilho',15313000,1,9408),(1,5022,25,'Nova Europa',14920000,1,9409),(1,5023,25,'Nova Granada',15440000,1,9410),(1,5024,25,'Nova Guataporanga',17950000,1,9411),(1,5025,25,'Nova Independência',16940000,1,9412),(1,5026,25,'Nova Luzitânia',15340000,1,9414),(1,5027,25,'Nova Odessa',13460000,1,9415),(1,5028,25,'Novais',15885000,1,9418),(1,5029,25,'Novo Horizonte',14960000,1,9420),(1,5030,25,'Nuporanga',14670000,1,9421),(1,5031,25,'Ocauçu',17540000,1,9423),(1,5032,25,'Óleo',18790000,1,9424),(1,5033,25,'Olímpia',15400000,1,9425),(1,5034,25,'Onda Verde',15450000,1,9428),(1,5035,25,'Oriente',17570000,1,9429),(1,5036,25,'Orindiúva',15480000,1,9430),(1,5037,25,'Orlândia',14620000,1,9431),(1,5038,25,'Osasco',NULL,1,9432),(1,5039,25,'Oscar Bressane',19770000,1,9433),(1,5040,25,'Osvaldo Cruz',17700000,1,9434),(1,5041,25,'Ourinhos',NULL,1,9435),(1,5042,25,'Ouro Verde',17920000,1,9437),(1,5043,25,'Ouroeste',15685000,1,9438),(1,5044,25,'Pacaembu',17860000,1,9439),(1,5045,25,'Palestina',15470000,1,9441),(1,5046,25,'Palmares Paulista',15828000,1,9442),(1,5047,25,'Palmeira D\'Oeste',15720000,1,9443),(1,5048,25,'Palmital',19970000,1,9445),(1,5049,25,'Panorama',17980000,1,9446),(1,5050,25,'Paraguaçu Paulista',19700000,1,9447),(1,5051,25,'Paraibuna',12260000,1,9448),(1,5052,25,'Paraíso',15825000,1,9449),(1,5053,25,'Paranapanema',18720000,1,9452),(1,5054,25,'Paranapuã',15745000,1,9454),(1,5055,25,'Parapuã',17730000,1,9455),(1,5056,25,'Pardinho',18640000,1,9456),(1,5057,25,'Pariquera-Açu',11930000,1,9457),(1,5058,25,'Parisi',15525000,1,9458),(1,5059,25,'Patrocínio Paulista',14415000,1,9462),(1,5060,25,'Paulicéia',17990000,1,9463),(1,5061,25,'Paulínia',NULL,1,9464),(1,5062,25,'Paulistânia',17150000,1,9465),(1,5063,25,'Paulo de Faria',15490000,1,9466),(1,5064,25,'Pederneiras',17280000,1,9468),(1,5065,25,'Pedra Bela',12990000,1,9469),(1,5066,25,'Pedranópolis',15630000,1,9471),(1,5067,25,'Pedregulho',14470000,1,9472),(1,5068,25,'Pedreira',13920000,1,9473),(1,5069,25,'Pedrinhas Paulista',19865000,1,9474),(1,5070,25,'Pedro de Toledo',11790000,1,9476),(1,5071,25,'Penápolis',16300000,1,9477),(1,5072,25,'Pereira Barreto',15370000,1,9478),(1,5073,25,'Pereiras',18580000,1,9479),(1,5074,25,'Peruíbe',11750000,1,9480),(1,5075,25,'Piacatu',16230000,1,9481),(1,5076,25,'Piedade',18170000,1,9483),(1,5077,25,'Pilar do Sul',18185000,1,9484),(1,5078,25,'Pindamonhangaba',NULL,1,9485),(1,5079,25,'Pindorama',15830000,1,9486),(1,5080,25,'Pinhalzinho',12995000,1,9487),(1,5081,25,'Piquerobi',19410000,1,9490),(1,5082,25,'Piquete',12620000,1,9491),(1,5083,25,'Piracaia',12970000,1,9492),(1,5084,25,'Piracicaba',NULL,1,9493),(1,5085,25,'Piraju',18800000,1,9494),(1,5086,25,'Pirajuí',16600000,1,9495),(1,5087,25,'Pirangi',15820000,1,9497),(1,5088,25,'Pirapora do Bom Jesus',6550000,1,9499),(1,5089,25,'Pirapozinho',19200000,1,9500),(1,5090,25,'Pirassununga',NULL,1,9501),(1,5091,25,'Piratininga',17490000,1,9502),(1,5092,25,'Pitangueiras',14750000,1,9503),(1,5093,25,'Planalto',15260000,1,9504),(1,5094,25,'Platina',19990000,1,9507),(1,5095,25,'Poá',NULL,1,9508),(1,5096,25,'Poloni',15160000,1,9509),(1,5097,25,'Pompéia',17580000,1,9511),(1,5098,25,'Pongaí',16660000,1,9512),(1,5099,25,'Pontal',14180000,1,9513),(1,5100,25,'Pontalinda',15718000,1,9514),(1,5101,25,'Pontes Gestal',15560000,1,9515),(1,5102,25,'Populina',15670000,1,9516),(1,5103,25,'Porangaba',18260000,1,9517),(1,5104,25,'Porto Feliz',18540000,1,9518),(1,5105,25,'Porto Ferreira',13660000,1,9519),(1,5106,25,'Potim',12525000,1,9521),(1,5107,25,'Potirendaba',15105000,1,9522),(1,5108,25,'Pracinha',17790000,1,9524),(1,5109,25,'Pradópolis',14850000,1,9526),(1,5110,25,'Praia Grande',NULL,1,9527),(1,5111,25,'Pratânia',18660000,1,9528),(1,5112,25,'Presidente Alves',16670000,1,9529),(1,5113,25,'Presidente Bernardes',19300000,1,9530),(1,5114,25,'Presidente Epitácio',19470000,1,9531),(1,5115,25,'Presidente Prudente',NULL,1,9532),(1,5116,25,'Presidente Venceslau',19400000,1,9533),(1,5117,25,'Promissão',16370000,1,9535),(1,5118,25,'Quadra',18255000,1,9537),(1,5119,25,'Quatá',19780000,1,9538),(1,5120,25,'Queiroz',17590000,1,9539),(1,5121,25,'Queluz',12800000,1,9540),(1,5122,25,'Quintana',17670000,1,9541),(1,5123,25,'Rafard',13370000,1,9543),(1,5124,25,'Rancharia',19600000,1,9544),(1,5125,25,'Redenção da Serra',12170000,1,9546),(1,5126,25,'Regente Feijó',19570000,1,9547),(1,5127,25,'Reginópolis',17190000,1,9548),(1,5128,25,'Registro',11900000,1,9549),(1,5129,25,'Restinga',14430000,1,9550),(1,5130,25,'Ribeira',18380000,1,9552),(1,5131,25,'Ribeirão Bonito',13580000,1,9553),(1,5132,25,'Ribeirão Branco',18430000,1,9554),(1,5133,25,'Ribeirão Corrente',14445000,1,9555),(1,5134,25,'Ribeirão do Sul',19930000,1,9556),(1,5135,25,'Ribeirão dos Índios',19380000,1,9557),(1,5136,25,'Ribeirão Grande',18315000,1,9558),(1,5137,25,'Ribeirão Pires',NULL,1,9559),(1,5138,25,'Ribeirão Preto',NULL,1,9560),(1,5139,25,'Rifaina',14490000,1,9563),(1,5140,25,'Rincão',14830000,1,9564),(1,5141,25,'Rinópolis',17740000,1,9565),(1,5142,25,'Rio Claro',NULL,1,9566),(1,5143,25,'Rio das Pedras',13390000,1,9567),(1,5144,25,'Rio Grande da Serra',9450000,1,9568),(1,5145,25,'Riolândia',15495000,1,9569),(1,5146,25,'Riversul',18470000,1,9570),(1,5147,25,'Rosana',19273000,1,9573),(1,5148,25,'Roseira',12580000,1,9574),(1,5149,25,'Rubiácea',16750000,1,9575),(1,5150,25,'Rubinéia',15790000,1,9577),(1,5151,25,'Sabino',16440000,1,9580),(1,5152,25,'Sagres',17710000,1,9581),(1,5153,25,'Sales',14980000,1,9582),(1,5154,25,'Sales Oliveira',14660000,1,9583),(1,5155,25,'Salesópolis',8970000,1,9584),(1,5156,25,'Salmourão',17720000,1,9585),(1,5157,25,'Saltinho',13440000,1,9586),(1,5158,25,'Salto',NULL,1,9587),(1,5159,25,'Salto de Pirapora',18160000,1,9588),(1,5160,25,'Salto Grande',19920000,1,9590),(1,5161,25,'Sandovalina',19250000,1,9591),(1,5162,25,'Santa Adélia',15950000,1,9592),(1,5163,25,'Santa Albertina',15750000,1,9593),(1,5164,25,'Santa Bárbara D\'Oeste',NULL,1,9595),(1,5165,25,'Santa Branca',12380000,1,9596),(1,5166,25,'Santa Clara D\'Oeste',15785000,1,9597),(1,5167,25,'Santa Cruz da Conceição',13625000,1,9598),(1,5168,25,'Santa Cruz da Esperança',14250000,1,9599),(1,5169,25,'Santa Cruz das Palmeiras',13650000,1,9601),(1,5170,25,'Santa Cruz do Rio Pardo',18900000,1,9602),(1,5171,25,'Santa Ernestina',15970000,1,9604),(1,5172,25,'Santa Fé do Sul',15775000,1,9606),(1,5173,25,'Santa Gertrudes',13510000,1,9607),(1,5174,25,'Santa Isabel',7500000,1,9608),(1,5175,25,'Santa Lúcia',14825000,1,9610),(1,5176,25,'Santa Maria da Serra',17370000,1,9612),(1,5177,25,'Santa Mercedes',17940000,1,9614),(1,5178,25,'Santa Rita D\'Oeste',15780000,1,9615),(1,5179,25,'Santa Rita do Passa Quatro',13670000,1,9616),(1,5180,25,'Santa Rosa de Viterbo',14270000,1,9618),(1,5181,25,'Santa Salete',15768000,1,9619),(1,5182,25,'Santana da Ponte Pensa',15765000,1,9621),(1,5183,25,'Santana de Parnaíba',NULL,1,9622),(1,5184,25,'Santo Anastácio',19360000,1,9624),(1,5185,25,'Santo André',NULL,1,9625),(1,5186,25,'Santo Antônio da Alegria',14390000,1,9626),(1,5187,25,'Santo Antônio de Posse',13830000,1,9628),(1,5188,25,'Santo Antônio do Aracanguá',16130000,1,9629),(1,5189,25,'Santo Antônio do Jardim',13995000,1,9630),(1,5190,25,'Santo Antônio do Pinhal',12450000,1,9632),(1,5191,25,'Santo Expedito',19190000,1,9634),(1,5192,25,'Santópolis do Aguapeí',16240000,1,9635),(1,5193,25,'Santos',NULL,1,9636),(1,5194,25,'São Bento do Sapucaí',12490000,1,9639),(1,5195,25,'São Bernardo do Campo',NULL,1,9640),(1,5196,25,'São Caetano do Sul',NULL,1,9642),(1,5197,25,'São Carlos',NULL,1,9643),(1,5198,25,'São Francisco',15710000,1,9644),(1,5199,25,'São João da Boa Vista',NULL,1,9647),(1,5200,25,'São João das Duas Pontes',15640000,1,9648),(1,5201,25,'São João de Iracema',15315000,1,9649),(1,5202,25,'São João do Pau d\'Alho',17970000,1,9652),(1,5203,25,'São Joaquim da Barra',14600000,1,9654),(1,5204,25,'São José da Bela Vista',14440000,1,9655),(1,5205,25,'São José do Barreiro',12830000,1,9657),(1,5206,25,'São José do Rio Pardo',13720000,1,9658),(1,5207,25,'São José do Rio Preto',NULL,1,9659),(1,5208,25,'São José dos Campos',NULL,1,9660),(1,5209,25,'São Lourenço da Serra',6890000,1,9661),(1,5210,25,'São Luiz do Paraitinga',12140000,1,9663),(1,5211,25,'São Manuel',18650000,1,9665),(1,5212,25,'São Miguel Arcanjo',18230000,1,9667),(1,5213,25,'São Paulo',NULL,1,9668),(1,5214,25,'São Pedro',13520000,1,9669),(1,5215,25,'São Pedro do Turvo',18940000,1,9670),(1,5216,25,'São Roque',NULL,1,9671),(1,5217,25,'São Sebastião',11600000,1,9673),(1,5218,25,'São Sebastião da Grama',13790000,1,9674),(1,5219,25,'São Simão',14200000,1,9677),(1,5220,25,'São Vicente',NULL,1,9678),(1,5221,25,'Sarapuí',18225000,1,9680),(1,5222,25,'Sarutaiá',18840000,1,9681),(1,5223,25,'Sebastianópolis do Sul',15180000,1,9682),(1,5224,25,'Serra Azul',14230000,1,9683),(1,5225,25,'Serra Negra',13930000,1,9684),(1,5226,25,'Serrana',14150000,1,9685),(1,5227,25,'Sertãozinho',NULL,1,9686),(1,5228,25,'Sete Barras',11910000,1,9687),(1,5229,25,'Severínia',14735000,1,9688),(1,5230,25,'Silveiras',12690000,1,9690),(1,5231,25,'Socorro',13960000,1,9693),(1,5232,25,'Sorocaba',NULL,1,9696),(1,5233,25,'Sud Mennucci',15360000,1,9698),(1,5234,25,'Sumaré',NULL,1,9700),(1,5235,25,'Suzanápolis',15380000,1,9702),(1,5236,25,'Suzano',NULL,1,9703),(1,5237,25,'Tabapuã',15880000,1,9705),(1,5238,25,'Tabatinga',14910000,1,9706),(1,5239,25,'Taboão da Serra',NULL,1,9707),(1,5240,25,'Taciba',19590000,1,9708),(1,5241,25,'Taguaí',18890000,1,9709),(1,5242,25,'Taiaçu',14725000,1,9710),(1,5243,25,'Taiúva',14720000,1,9712),(1,5244,25,'Tambaú',13710000,1,9714),(1,5245,25,'Tanabi',15170000,1,9715),(1,5246,25,'Tapiraí',18180000,1,9717),(1,5247,25,'Tapiratiba',13760000,1,9718),(1,5248,25,'Taquaral',14765000,1,9719),(1,5249,25,'Taquaritinga',15900000,1,9720),(1,5250,25,'Taquarituba',18740000,1,9721),(1,5251,25,'Taquarivaí',18425000,1,9722),(1,5252,25,'Tarabai',19210000,1,9723),(1,5253,25,'Tarumã',19820000,1,9724),(1,5254,25,'Tatuí',NULL,1,9725),(1,5255,25,'Taubaté',NULL,1,9726),(1,5256,25,'Tejupá',18830000,1,9728),(1,5257,25,'Teodoro Sampaio',19280000,1,9729),(1,5258,25,'Terra Roxa',14745000,1,9732),(1,5259,25,'Tietê',18530000,1,9735),(1,5260,25,'Timburi',18860000,1,9736),(1,5261,25,'Torre de Pedra',18265000,1,9738),(1,5262,25,'Torrinha',17360000,1,9739),(1,5263,25,'Trabiju',14935000,1,9740),(1,5264,25,'Tremembé',12120000,1,9741),(1,5265,25,'Três Fronteiras',15770000,1,9743),(1,5266,25,'Tuiuti',12930000,1,9746),(1,5267,25,'Tupã',NULL,1,9748),(1,5268,25,'Tupi Paulista',17930000,1,9750),(1,5269,25,'Turiúba',15280000,1,9752),(1,5270,25,'Turmalina',15755000,1,9753),(1,5271,25,'Ubarana',15225000,1,9755),(1,5272,25,'Ubatuba',11680000,1,9756),(1,5273,25,'Ubirajara',17440000,1,9757),(1,5274,25,'Uchoa',15890000,1,9758),(1,5275,25,'União Paulista',15250000,1,9759),(1,5276,25,'Urânia',15760000,1,9761),(1,5277,25,'Uru',16650000,1,9762),(1,5278,25,'Urupês',15850000,1,9763),(1,5279,25,'Valentim Gentil',15520000,1,9767),(1,5280,25,'Valinhos',NULL,1,9768),(1,5281,25,'Valparaíso',16880000,1,9769),(1,5282,25,'Vargem',12935000,1,9771),(1,5283,25,'Vargem Grande do Sul',13880000,1,9772),(1,5284,25,'Vargem Grande Paulista',6730000,1,9773),(1,5285,25,'Várzea Paulista',NULL,1,9775),(1,5286,25,'Vera Cruz',17560000,1,9777),(1,5287,25,'Vinhedo',13280000,1,9783),(1,5288,25,'Viradouro',14740000,1,9784),(1,5289,25,'Vista Alegre do Alto',15920000,1,9785),(1,5290,25,'Vitória Brasil',15713000,1,9786),(1,5291,25,'Votorantim',NULL,1,9788),(1,5292,25,'Votuporanga',NULL,1,9789),(1,5293,25,'Zacarias',15265000,1,9790),(1,5294,26,'Amparo de São Francisco',49920000,1,8768),(1,5295,26,'Aquidabã',49790000,1,8769),(1,5296,26,'Aracaju',NULL,1,8770),(1,5297,26,'Arauá',49220000,1,8771),(1,5298,26,'Areia Branca',49580000,1,8772),(1,5299,26,'Barra dos Coqueiros',49140000,1,8774),(1,5300,26,'Boquim',49360000,1,8776),(1,5301,26,'Brejo Grande',49995000,1,8777),(1,5302,26,'Campo do Brito',49520000,1,8778),(1,5303,26,'Canhoba',49880000,1,8779),(1,5304,26,'Canindé de São Francisco',49820000,1,8780),(1,5305,26,'Capela',49700000,1,8781),(1,5306,26,'Carira',49550000,1,8782),(1,5307,26,'Carmópolis',49740000,1,8783),(1,5308,26,'Cedro de São João',49930000,1,8784),(1,5309,26,'Cristinápolis',49270000,1,8785),(1,5310,26,'Cumbe',49660000,1,8786),(1,5311,26,'Divina Pastora',49650000,1,8787),(1,5312,26,'Estância',49200000,1,8788),(1,5313,26,'Feira Nova',49670000,1,8789),(1,5314,26,'Frei Paulo',49514000,1,8790),(1,5315,26,'Gararu',49830000,1,8791),(1,5316,26,'General Maynard',49750000,1,8792),(1,5317,26,'Graccho Cardoso',49860000,1,8793),(1,5318,26,'Ilha das Flores',49990000,1,8794),(1,5319,26,'Indiaroba',49250000,1,8795),(1,5320,26,'Itabaiana',49500000,1,8796),(1,5321,26,'Itabaianinha',49290000,1,8797),(1,5322,26,'Itabi',49870000,1,8798),(1,5323,26,'Itaporanga D\'Ajuda',49120000,1,8799),(1,5324,26,'Japaratuba',49960000,1,8800),(1,5325,26,'Japoatã',49950000,1,8801),(1,5326,26,'Lagarto',49400000,1,8802),(1,5327,26,'Laranjeiras',49170000,1,8804),(1,5328,26,'Macambira',49565000,1,8805),(1,5329,26,'Malhada dos Bois',49940000,1,8806),(1,5330,26,'Malhador',49570000,1,8807),(1,5331,26,'Maruim',49770000,1,8808),(1,5332,26,'Moita Bonita',49560000,1,8810),(1,5333,26,'Monte Alegre de Sergipe',49690000,1,8811),(1,5334,26,'Muribeca',49780000,1,8813),(1,5335,26,'Neópolis',49980000,1,8814),(1,5336,26,'Nossa Senhora Aparecida',49540000,1,8815),(1,5337,26,'Nossa Senhora da Glória',49680000,1,8816),(1,5338,26,'Nossa Senhora das Dores',49600000,1,8817),(1,5339,26,'Nossa Senhora de Lourdes',49890000,1,8818),(1,5340,26,'Nossa Senhora do Socorro',49160000,1,8819),(1,5341,26,'Pacatuba',49970000,1,8820),(1,5342,26,'Pedra Mole',49512000,1,8822),(1,5343,26,'Pedrinhas',49350000,1,8824),(1,5344,26,'Pinhão',49517000,1,8825),(1,5345,26,'Pirambu',49190000,1,8826),(1,5346,26,'Poço Redondo',49810000,1,8827),(1,5347,26,'Poço Verde',49490000,1,8828),(1,5348,26,'Porto da Folha',49800000,1,8829),(1,5349,26,'Propriá',49900000,1,8830),(1,5350,26,'Riachão do Dantas',49320000,1,8831),(1,5351,26,'Riachuelo',49130000,1,8832),(1,5352,26,'Ribeirópolis',49530000,1,8833),(1,5353,26,'Rosário do Catete',49760000,1,8834),(1,5354,26,'Salgado',49390000,1,8835),(1,5355,26,'Santa Luzia do Itanhy',49230000,1,8837),(1,5356,26,'Santa Rosa de Lima',49640000,1,8838),(1,5357,26,'Santana do São Francisco',49985000,1,8839),(1,5358,26,'Santo Amaro das Brotas',49180000,1,8840),(1,5359,26,'São Cristóvão',49100000,1,8841),(1,5360,26,'São Domingos',49525000,1,8842),(1,5361,26,'São Francisco',49945000,1,8843),(1,5362,26,'São Miguel do Aleixo',49535000,1,8846),(1,5363,26,'Simão Dias',49480000,1,8847),(1,5364,26,'Siriri',49630000,1,8848),(1,5365,26,'Telha',49910000,1,8849),(1,5366,26,'Tobias Barreto',49300000,1,8850),(1,5367,26,'Tomar do Geru',49280000,1,8851),(1,5368,26,'Umbaúba',49260000,1,8852),(1,5369,27,'Abreulândia',77693000,1,9791),(1,5370,27,'Aguiarnópolis',77908000,1,9792),(1,5371,27,'Aliança do Tocantins',77455000,1,9793),(1,5372,27,'Almas',77310000,1,9794),(1,5373,27,'Alvorada',77480000,1,9795),(1,5374,27,'Ananás',77890000,1,9797),(1,5375,27,'Angico',77905000,1,9798),(1,5376,27,'Aparecida do Rio Negro',77620000,1,9799),(1,5377,27,'Aragominas',77845000,1,9802),(1,5378,27,'Araguacema',77690000,1,9803),(1,5379,27,'Araguaçu',77475000,1,9804),(1,5380,27,'Araguaína',NULL,1,9805),(1,5381,27,'Araguanã',77855000,1,9806),(1,5382,27,'Araguatins',77950000,1,9807),(1,5383,27,'Arapoema',77780000,1,9808),(1,5384,27,'Arraias',77330000,1,9809),(1,5385,27,'Augustinópolis',77960000,1,9810),(1,5386,27,'Aurora do Tocantins',77325000,1,9811),(1,5387,27,'Axixá do Tocantins',77930000,1,9812),(1,5388,27,'Babaçulândia',77870000,1,9813),(1,5389,27,'Bandeirantes do Tocantins',77783000,1,9814),(1,5390,27,'Barra do Ouro',77765000,1,9816),(1,5391,27,'Barrolândia',77665000,1,9817),(1,5392,27,'Bernardo Sayão',77755000,1,9818),(1,5393,27,'Bom Jesus do Tocantins',77714000,1,9819),(1,5394,27,'Brasilândia do Tocantins',77735000,1,9821),(1,5395,27,'Brejinho de Nazaré',77560000,1,9822),(1,5396,27,'Buriti do Tocantins',77995000,1,9823),(1,5397,27,'Cachoeirinha',77915000,1,9824),(1,5398,27,'Campos Lindos',77777000,1,9825),(1,5399,27,'Cariri do Tocantins',77453000,1,9827),(1,5400,27,'Carmolândia',77840000,1,9828),(1,5401,27,'Carrasco Bonito',77985000,1,9829),(1,5402,27,'Caseara',77680000,1,9831),(1,5403,27,'Centenário',77723000,1,9832),(1,5404,27,'Chapada da Natividade',77378000,1,9834),(1,5405,27,'Chapada de Areia',77575000,1,9833),(1,5406,27,'Colinas do Tocantins',77760000,1,9837),(1,5407,27,'Colméia',77725000,1,9838),(1,5408,27,'Combinado',77350000,1,9839),(1,5409,27,'Conceição do Tocantins',77305000,1,9840),(1,5410,27,'Couto de Magalhães',77750000,1,9842),(1,5411,27,'Cristalândia',77490000,1,9844),(1,5412,27,'Crixás do Tocantins',77463000,1,9846),(1,5413,27,'Darcinópolis',77910000,1,9847),(1,5414,27,'Dianópolis',77300000,1,9848),(1,5415,27,'Divinópolis do Tocantins',77670000,1,9849),(1,5416,27,'Dois Irmãos do Tocantins',77685000,1,9850),(1,5417,27,'Dueré',77485000,1,9851),(1,5418,27,'Esperantina',77993000,1,9853),(1,5419,27,'Fátima',77555000,1,9854),(1,5420,27,'Figueirópolis',77465000,1,9855),(1,5421,27,'Filadélfia',77795000,1,9856),(1,5422,27,'Formoso do Araguaia',77470000,1,9857),(1,5423,27,'Fortaleza do Tabocão',77708000,1,9858),(1,5424,27,'Goianorte',77695000,1,9859),(1,5425,27,'Goiatins',77770000,1,9860),(1,5426,27,'Guaraí',77700000,1,9861),(1,5427,27,'Gurupi',NULL,1,9862),(1,5428,27,'Ipueiras',77553000,1,9864),(1,5429,27,'Itacajá',77720000,1,9865),(1,5430,27,'Itaguatins',77920000,1,9866),(1,5431,27,'Itapiratins',77718000,1,9867),(1,5432,27,'Itaporã do Tocantins',77740000,1,9868),(1,5433,27,'Jaú do Tocantins',77450000,1,9869),(1,5434,27,'Juarina',77753000,1,9870),(1,5435,27,'Lagoa da Confusão',77493000,1,9872),(1,5436,27,'Lagoa do Tocantins',77613000,1,9873),(1,5437,27,'Lajeado',77645000,1,9874),(1,5438,27,'Lavandeira',77328000,1,9875),(1,5439,27,'Lizarda',77630000,1,9876),(1,5440,27,'Luzinópolis',77903000,1,9877),(1,5441,27,'Marianópolis do Tocantins',77675000,1,9878),(1,5442,27,'Mateiros',77593000,1,9879),(1,5443,27,'Maurilândia do Tocantins',77918000,1,9880),(1,5444,27,'Miracema do Tocantins',77650000,1,9881),(1,5445,27,'Miranorte',77660000,1,9883),(1,5446,27,'Monte do Carmo',77585000,1,9884),(1,5447,27,'Monte Santo do Tocantins',77673000,1,9886),(1,5448,27,'Muricilândia',77850000,1,9888),(1,5449,27,'Natividade',77370000,1,9890),(1,5450,27,'Nazaré',77895000,1,9891),(1,5451,27,'Nova Olinda',77790000,1,9892),(1,5452,27,'Nova Rosalândia',77495000,1,9893),(1,5453,27,'Novo Acordo',77610000,1,9894),(1,5454,27,'Novo Alegre',77353000,1,9895),(1,5455,27,'Novo Jardim',77318000,1,9897),(1,5456,27,'Oliveira de Fátima',77558000,1,9898),(1,5457,27,'Palmas',NULL,1,9899),(1,5458,27,'Palmeirante',77798000,1,9900),(1,5459,27,'Palmeiras do Tocantins',77913000,1,9887),(1,5460,27,'Palmeirópolis',77365000,1,9901),(1,5461,27,'Paraíso do Tocantins',77600000,1,9902),(1,5462,27,'Paranã',77360000,1,9903),(1,5463,27,'Pau D\'Arco',77785000,1,9904),(1,5464,27,'Pedro Afonso',77710000,1,9906),(1,5465,27,'Peixe',77460000,1,9908),(1,5466,27,'Pequizeiro',77730000,1,9910),(1,5467,27,'Pindorama do Tocantins',77380000,1,9912),(1,5468,27,'Piraquê',77888000,1,9913),(1,5469,27,'Pium',77570000,1,9914),(1,5470,27,'Ponte Alta do Bom Jesus',77315000,1,9915),(1,5471,27,'Ponte Alta do Tocantins',77590000,1,9916),(1,5472,27,'Porto Alegre do Tocantins',77395000,1,9919),(1,5473,27,'Porto Nacional',77500000,1,9921),(1,5474,27,'Praia Norte',77970000,1,9922),(1,5475,27,'Presidente Kennedy',77745000,1,9923),(1,5476,27,'Pugmil',77603000,1,9925),(1,5477,27,'Recursolândia',77733000,1,9926),(1,5478,27,'Riachinho',77893000,1,9927),(1,5479,27,'Rio da Conceição',77303000,1,9928),(1,5480,27,'Rio dos Bois',77655000,1,9929),(1,5481,27,'Rio Sono',77635000,1,9930),(1,5482,27,'Sampaio',77980000,1,9931),(1,5483,27,'Sandolândia',77478000,1,9932),(1,5484,27,'Santa Fé do Araguaia',77848000,1,9933),(1,5485,27,'Santa Maria do Tocantins',77716000,1,9934),(1,5486,27,'Santa Rita do Tocantins',77565000,1,9935),(1,5487,27,'Santa Rosa do Tocantins',77375000,1,9936),(1,5488,27,'Santa Tereza do Tocantins',77615000,1,9937),(1,5489,27,'Santa Terezinha do Tocantins',77885000,1,9938),(1,5490,27,'São Bento do Tocantins',77958000,1,9939),(1,5491,27,'São Félix do Tocantins',77605000,1,9940),(1,5492,27,'São Miguel do Tocantins',77925000,1,9941),(1,5493,27,'São Salvador do Tocantins',77368000,1,9942),(1,5494,27,'São Sebastião do Tocantins',77990000,1,9943),(1,5495,27,'São Valério da Natividade',77390000,1,9944),(1,5496,27,'Silvanópolis',77580000,1,9945),(1,5497,27,'Sítio Novo do Tocantins',77940000,1,9946),(1,5498,27,'Sucupira',77458000,1,9947),(1,5499,27,'Taguatinga',77320000,1,9948),(1,5500,27,'Taipas do Tocantins',77308000,1,9949),(1,5501,27,'Talismã',77483000,1,9950),(1,5502,27,'Tocantínia',77640000,1,9954),(1,5503,27,'Tocantinópolis',77900000,1,9955),(1,5504,27,'Tupirama',77704000,1,9956),(1,5505,27,'Tupiratins',77743000,1,9958),(1,5506,27,'Wanderlândia',77860000,1,9960),(1,5507,27,'Xambioá',77880000,1,9961),(1,5508,7,'Gama',NULL,1,NULL),(1,5509,7,'Taguatinga',NULL,1,NULL),(1,5510,7,'Brazlândia',NULL,1,NULL),(1,5511,7,'Sobradinho',NULL,1,NULL),(1,5512,7,'Planaltina',NULL,1,NULL),(1,5513,7,'Paranoá',NULL,1,NULL),(1,5514,7,'Núcleo Bandeirante',NULL,1,NULL),(1,5515,7,'Ceilândia',NULL,1,NULL),(1,5516,7,'Guará',NULL,1,NULL),(1,5517,7,'Cruzeiro',NULL,1,NULL),(1,5518,7,'Samambaia',NULL,1,NULL),(1,5519,7,'Santa Maria',NULL,1,NULL),(1,5520,7,'São Sebastião',NULL,1,NULL),(1,5521,7,'Recanto das Emas',NULL,1,NULL),(1,5522,7,'Lago Sul',NULL,1,NULL),(1,5523,7,'Riacho Fundo',NULL,1,NULL),(1,5524,7,'Lago Norte',NULL,1,NULL),(1,5525,7,'Candangolândia',NULL,1,NULL),(1,5526,18,'Aroeiras do Itaim',64612000,1,11019),(1,5527,18,'Nazária',64415000,1,11896),(1,5528,18,'Pau D\'Arco do Piauí',64295000,1,10100),(1,5529,20,'Jundiá',59188000,1,7198),(1,5530,20,'São Miguel do Gostoso',59585000,1,7275),(1,5531,15,'Tacima',58240000,1,5117),(1,5532,15,'Joca Claudino',58928000,1,5072),(1,5533,2,'Jequiá da Praia',57244000,1,10089),(1,5534,5,'Barro Preto',45625000,1,405),(1,5535,5,'Barrocas',48705000,1,407),(1,5536,5,'Luís Eduardo Magalhães',47850000,1,834),(1,5537,8,'Governador Lindenberg',29720000,1,1874),(1,5538,19,'Mesquita',NULL,1,6973),(1,5539,16,'Alto Paraíso',87528000,1,6812),(1,5540,21,'Aceguá',96445000,1,7388),(1,5541,21,'Almirante Tamandaré do Sul',99523000,1,7399),(1,5542,21,'Arroio do Padre',96155000,1,7422),(1,5543,21,'Boa Vista do Cadeado',98118000,1,7474),(1,5544,21,'Boa Vista do Incra',98120000,1,7475),(1,5545,21,'Bozano',98733000,1,7661),(1,5546,21,'Canudos do Vale',95933000,1,7534),(1,5547,21,'Capão Bonito do Sul',95308000,1,7536),(1,5548,21,'Capão do Cipó',97753000,1,7542),(1,5549,21,'Coqueiro Baixo',95955000,1,7612),(1,5550,21,'Coronel Pilar',95726000,1,7619),(1,5551,21,'Cruzaltense',99665000,1,7633),(1,5552,21,'Forquetinha',95937000,1,7728),(1,5553,21,'Itati',95538000,1,7795),(1,5554,21,'Jacuizinho',99457000,1,7803),(1,5555,21,'Lagoa Bonita do Sul',96920000,1,7819),(1,5556,21,'Mato Queimado',97935000,1,7863),(1,5557,21,'Novo Xingu',99687000,1,8318),(1,5558,21,'Paulo Bento',99718000,1,7956),(1,5559,21,'Pedras Altas',96487000,1,7959),(1,5560,21,'Pinhal da Serra',95390000,1,7972),(1,5561,21,'Quatro Irmãos',99720000,1,8015),(1,5562,21,'Rolador',97843000,1,8050),(1,5563,21,'Santa Cecília do Sul',99952000,1,8073),(1,5564,21,'Santa Margarida do Sul',97335000,1,10102),(1,5565,21,'São José do Sul',95748000,1,7653),(1,5566,21,'São Pedro das Missões',98323000,1,8163),(1,5567,21,'Tio Hugo',99345000,1,10103),(1,5568,21,'Westfalia',95893000,1,10101),(1,5569,12,'Figueirão',79428000,1,4166),(1,5570,11,'Bom Jesus do Araguaia',78678000,1,10099),(1,5571,11,'Colniza',78335000,1,10092),(1,5572,11,'Conquista D\'Oeste',78254000,1,10091),(1,5573,11,'Curvelândia',78237000,1,4348),(1,5574,11,'Ipiranga do Norte',78578000,1,11020),(1,5575,11,'Itanhangá',78579000,1,11021),(1,5576,11,'Nova Nazaré',78638000,1,10097),(1,5577,11,'Nova Santa Helena',78548000,1,10095),(1,5578,11,'Novo Santo Antônio',78674000,1,4521),(1,5579,11,'Rondolândia',78338000,1,10093),(1,5580,11,'Santa Cruz do Xingu',78664000,1,10098),(1,5581,11,'Santa Rita do Trivelato',78453000,1,10094),(1,5582,11,'Santo Antônio do Leste',78628000,1,10096),(1,5583,11,'Serra Nova Dourada',78668000,1,4492),(1,5584,11,'Vale de São Domingos',78253000,1,4476),(1,5585,9,'Campo Limpo de Goiás',75160000,1,2300),(1,5586,9,'Gameleira de Goiás',75184000,1,2168),(1,5587,9,'Ipiranga de Goiás',76304000,1,10090),(1,5588,9,'Lagoa Santa',75819000,1,2347),(1,5589,12,'Paraíso das Águas',79556000,1,4219),(1,5590,14,'Mojuí dos Campos',68129000,1,4701),(1,5591,21,'Pinto Bandeira',95717000,1,7980),(1,5592,24,'Pescaria Brava',88798000,1,8605),(1,5593,24,'Balneário Rincão',88828000,1,12786);
/*!40000 ALTER TABLE `cidade` ENABLE KEYS */;
UNLOCK TABLES;

--
-- Table structure for table `cliente`
--

DROP TABLE IF EXISTS `cliente`;
/*!40101 SET @saved_cs_client     = @@character_set_client */;
/*!40101 SET character_set_client = utf8 */;
CREATE TABLE `cliente` (
  `id` int(10) unsigned NOT NULL AUTO_INCREMENT,
  `razaoSocial` varchar(255) DEFAULT NULL,
  `tipoPessoa` varchar(2) DEFAULT NULL,
  `representanteLegal` varchar(200) DEFAULT NULL,
  `dataAniversario` varchar(10) DEFAULT NULL,
  `nacionalidade` varchar(100) DEFAULT NULL,
  `estadoCivil` varchar(45) DEFAULT NULL,
  `profissao` varchar(45) DEFAULT NULL,
  `cargo` varchar(45) DEFAULT NULL,
  `rg` varchar(45) DEFAULT NULL,
  `cpf` varchar(14) DEFAULT NULL,
  `emailrepresentantelegal` varchar(255) DEFAULT NULL,
  `contatoPrincipalNome` varchar(200) DEFAULT NULL,
  `contatoDataNascimento` varchar(10) DEFAULT NULL,
  `contatoNacionalidade` varchar(100) DEFAULT NULL,
  `contatoEstadoCivil` varchar(45) DEFAULT NULL,
  `contatoProfissao` varchar(45) DEFAULT NULL,
  `contatoPrincipalCargo` varchar(45) DEFAULT NULL,
  `contatoRg` varchar(45) DEFAULT NULL,
  `contatoCpf` varchar(14) DEFAULT NULL,
  `emailcontatoprincipal` varchar(255) DEFAULT NULL,
  `cnpj` varchar(18) DEFAULT NULL,
  `cep` varchar(9) DEFAULT NULL,
  `estadoId` int(9) unsigned DEFAULT NULL,
  `cidadeId` int(9) unsigned DEFAULT NULL,
  `endereco` varchar(255) DEFAULT NULL,
  `telefone` varchar(40) DEFAULT NULL,
  `email1` varchar(255) DEFAULT NULL,
  `contratoObjeto` text,
  `contratoPrecoFormaPagamento` text,
  `modificacaoData` timestamp NOT NULL DEFAULT CURRENT_TIMESTAMP ON UPDATE CURRENT_TIMESTAMP,
  `modificacaoUsuario` int(10) unsigned DEFAULT NULL,
  `status` enum('1','0') DEFAULT '1',
  `nomeFantasia` varchar(45) DEFAULT NULL,
  `alertaArtValidade` int(3) unsigned DEFAULT NULL,
  `contratoNumero` int(10) DEFAULT NULL,
  `dataVencimentoContrato` varchar(10) DEFAULT NULL,
  `alertaValidade` int(3) DEFAULT NULL,
  `bairro` varchar(255) DEFAULT NULL,
  `enderecoNumero` int(10) unsigned DEFAULT NULL,
  `ehImportado` int(1) unsigned NOT NULL DEFAULT '0',
  `complemento` varchar(255) DEFAULT NULL,
  `ehMensalista` int(1) unsigned NOT NULL DEFAULT '0',
  `alertaDocumentoValidade` int(3) unsigned DEFAULT NULL,
  `observacoes` text,
  PRIMARY KEY (`id`)
) ENGINE=InnoDB AUTO_INCREMENT=62 DEFAULT CHARSET=utf8;
/*!40101 SET character_set_client = @saved_cs_client */;

--
-- Dumping data for table `cliente`
--

LOCK TABLES `cliente` WRITE;
/*!40000 ALTER TABLE `cliente` DISABLE KEYS */;
INSERT INTO `cliente` VALUES (1,'Sucateiro SA','pj','Armando Silva','15/02/2020','','Santa Catarina','','','','','armando@sucateiro.com.br','Augusto Nunes','','','','','','','','sucateiro@ambisis.com.br','01.465.000/0001-02','89012-500',24,4392,'Rua Antônio da Veiga - lado ímpar','','airan.possamai@edu.sc.senai.br','\r\n				\r\n				\r\n				\r\n				\r\n				\r\n				\r\n				\r\n				\r\n				\r\n				\r\n				\r\n				\r\n				\r\n				\r\n				\r\n				\r\n				\r\n				\r\n				\r\n				\r\n				\r\n				\r\n				\r\n				\r\n				\r\n				\r\n				\r\n				\r\n				\r\n				\r\n				\r\n				\r\n				\r\n				\r\n				\r\n				\r\n				\r\n				\r\n				\r\n				\r\n				\r\n				\r\n				\r\n				\r\n				\r\n				\r\n				\r\n				\r\n				\r\n				\r\n				\r\n				\r\n				\r\n				\r\n				\r\n				\r\n				\r\n				\r\n				\r\n				\r\n				\r\n				\r\n				\r\n				\r\n				\r\n				\r\n				\r\n				\r\n				\r\n				\r\n				\r\n				\r\n													\r\n													\r\n													\r\n													\r\n													\r\n													\r\n													\r\n													\r\n													\r\n													\r\n													\r\n													<div><b>Clausula Primeira</b>: Assessoria perante IBAMA: Gerenciamento do Cadastro Técnico Federal do IBAMA, com resolução\r\nde pendências/alterações/inclusões/exclusões necessárias, atuando a CONTRATADA meramente como intermediadora de\r\ninformações, sendo as informações lançadas no CTF todas de responsabilidade da CONTRATANTE, devendo manter o\r\nCTF ativo, o Certificado de Regularidade sempre válido e entregá-lo a CONTRATANTE para que fixe em local visível nas\r\nsuas dependências, fazer a entrega dos RAPP (Relatórios Anuais de Atividades Desenvolvidas), fazer a emissão das Taxas\r\nambientais geradas pela devida inscrição da CONTRATANTE no CTF e acompanhamento para ver se foram baixadas no\r\nCTF após serem quitadas pela CONTRATANTE, sempre cumprindo os prazos legais.<br></div><div><b>Parágrafo único</b>: O presente contrato não contempla adequações retroativas a data do mesmo, que a CONTRATANTE\r\ntenha ou possa ter junto ao IBAMA. <br></div><div>asd<br></div><div><br></div>																																																																																																																																																\r\n			\r\n			\r\n			\r\n			\r\n			\r\n			\r\n			\r\n			\r\n			\r\n			\r\n			\r\n			\r\n			\r\n			\r\n			\r\n			\r\n			\r\n			\r\n			\r\n			\r\n			\r\n			\r\n			\r\n			\r\n			\r\n			\r\n			\r\n			\r\n			\r\n			\r\n			\r\n			\r\n			\r\n			\r\n			\r\n			\r\n			\r\n			\r\n			\r\n			\r\n			\r\n			\r\n			\r\n			\r\n			\r\n			\r\n			\r\n			\r\n			\r\n			\r\n			\r\n			\r\n			\r\n			\r\n			\r\n			\r\n			\r\n			\r\n			\r\n			\r\n			\r\n			\r\n			\r\n			\r\n			\r\n			\r\n			\r\n			\r\n			\r\n			\r\n			\r\n			','\r\n				\r\n				\r\n				\r\n				\r\n				\r\n				\r\n				\r\n				\r\n				\r\n				\r\n				\r\n				\r\n				\r\n				\r\n				\r\n				\r\n				\r\n				\r\n				\r\n				\r\n				\r\n				\r\n				\r\n				\r\n				\r\n				\r\n				\r\n				\r\n				\r\n				\r\n				\r\n				\r\n				\r\n				\r\n				\r\n				\r\n				\r\n				\r\n				\r\n				\r\n				\r\n				\r\n				\r\n				\r\n				\r\n				\r\n				\r\n				\r\n				\r\n				\r\n				\r\n				\r\n				\r\n				\r\n				\r\n				\r\n				\r\n				\r\n				\r\n				\r\n				\r\n				\r\n				\r\n				\r\n				\r\n				\r\n				\r\n				\r\n				\r\n				\r\n				\r\n				\r\n													\r\n													\r\n													\r\n													\r\n													\r\n													\r\n													\r\n													\r\n													\r\n													\r\n													\r\n													<div><b>Clausula Segunda</b>: A CONTRATADA será remunerada pela quantia de <b>50% (Cinquenta por cento) do salário mínimo\r\nmensais</b>, atualizados a cada aumento do salário mínimo, hoje no valor de R$440,00(Quatrocentos e quarenta reais)\r\ndevendo ser pago através de <b>Boleto Bancário</b>, ou na falta do recebimento de boleto, deverá ser creditado em <b>Conta\r\nCorrente da Viacredi nº 690.880.2</b>, em favor da CONTRATADA, impreterivelmente <b>até o dia 10 (dez) do mês seguinte\r\n</b>ao serviço prestado.&nbsp;</div><div><b>Parágrafo Segundo</b>: Do preço ajustado está inclusa uma visita mensal à CONTRATANTE, não obrigatória e não\r\ncumulativa, com dia e horário programado pela CONTRATADA, para prestar orientações, pegar e/ou entregar documentos,\r\nou ainda, por quaisquer necessidades pertinentes a este contrato, enquanto a sede da CONTRATANTE for no endereço\r\nacima descrito. Havendo mudança de endereço da sede da CONTRATANTE, será combinado entre as partes o valor de\r\ndeslocamento em favor da CONTRATADA.&nbsp;</div><div><b>Parágrafo Terceiro</b>: Do preço ajustado não estão inclusas despesas como taxas, autenticações e reconhecimento de firma\r\nem cartório ou outras mais que se fizerem necessárias, as quais ficam a cargo da CONTRATANTE, bem como eventuais\r\ndespesas por deslocamentos que se fizerem necessários até a unidade do IBAMA para realização de quaisquer\r\nprocedimentos, ou então deslocamentos adicionais a pedido da CONTRATADA, sendo estas remuneradas no valor de\r\nR$1,00 (um real) por Km rodado.&nbsp;</div>																																																																																																																																																\r\n			\r\n			\r\n			\r\n			\r\n			\r\n			\r\n			\r\n			\r\n			\r\n			\r\n			\r\n			\r\n			\r\n			\r\n			\r\n			\r\n			\r\n			\r\n			\r\n			\r\n			\r\n			\r\n			\r\n			\r\n			\r\n			\r\n			\r\n			\r\n			\r\n			\r\n			\r\n			\r\n			\r\n			\r\n			\r\n			\r\n			\r\n			\r\n			\r\n			\r\n			\r\n			\r\n			\r\n			\r\n			\r\n			\r\n			\r\n			\r\n			\r\n			\r\n			\r\n			\r\n			\r\n			\r\n			\r\n			\r\n			\r\n			\r\n			\r\n			\r\n			\r\n			\r\n			\r\n			\r\n			\r\n			\r\n			\r\n			\r\n			\r\n			\r\n			\r\n			','2022-02-11 18:57:22',13,'','Sucateiro',30,1,'29/04/2022',35,'Victor Konder',0,0,'',1,NULL,NULL),(2,'Gecal Matriz','pj','Adalto Silva','12/11/1978','Brasileiro','Solteiro','','','54945491','065.844.154-54','adalto@gecal.com.br','','','','','','','','','','02.014.320/0001-02','35582-000',13,2086,'Rua das Palmeiras','(47) 3232-2323','adalto@ambisis.com.br','\r\n				\r\n				\r\n				\r\n				\r\n				\r\n				\r\n				\r\n				\r\n				\r\n				\r\n				\r\n				\r\n				\r\n				\r\n				\r\n				\r\n				\r\n				\r\n													\r\n													<div><b>Clausula Primeira</b>: Assessoria perante IBAMA: Gerenciamento do Cadastro Técnico Federal do IBAMA, com resolução\r\nde pendências/alterações/inclusões/exclusões necessárias, atuando a CONTRATADA meramente como intermediadora de\r\ninformações, sendo as informações lançadas no CTF todas de responsabilidade da CONTRATANTE, devendo manter o\r\nCTF ativo, o Certificado de Regularidade sempre válido e entregá-lo a CONTRATANTE para que fixe em local visível nas\r\nsuas dependências, fazer a entrega dos RAPP (Relatórios Anuais de Atividades Desenvolvidas), fazer a emissão das Taxas\r\nambientais geradas pela devida inscrição da CONTRATANTE no CTF e acompanhamento para ver se foram baixadas no\r\nCTF após serem quitadas pela CONTRATANTE, sempre cumprindo os prazos legais.<br></div><div><b>Parágrafo único</b>: O presente contrato não contempla adequações retroativas a data do mesmo, que a CONTRATANTE\r\ntenha ou possa ter junto ao IBAMA.&nbsp;</div>																								\r\n			\r\n			\r\n			\r\n			\r\n			\r\n			\r\n			\r\n			\r\n			\r\n			\r\n			\r\n			\r\n			\r\n			\r\n			\r\n			\r\n			\r\n			','\r\n				\r\n				\r\n				\r\n				\r\n				\r\n				\r\n				\r\n				\r\n				\r\n				\r\n				\r\n				\r\n				\r\n				\r\n				\r\n				\r\n				\r\n				\r\n													\r\n													<div><b>Clausula Segunda</b>: A CONTRATADA será remunerada pela quantia de <b>50% (Cinquenta por cento) do salário mínimo\r\nmensais</b>, atualizados a cada aumento do salário mínimo, hoje no valor de R$440,00(Quatrocentos e quarenta reais)\r\ndevendo ser pago através de <b>Boleto Bancário</b>, ou na falta do recebimento de boleto, deverá ser creditado em <b>Conta\r\nCorrente da Viacredi nº 690.880.2</b>, em favor da CONTRATADA, impreterivelmente <b>até o dia 10 (dez) do mês seguinte\r\n</b>ao serviço prestado.&nbsp;</div><div><b>Parágrafo Segundo</b>: Do preço ajustado está inclusa uma visita mensal à CONTRATANTE, não obrigatória e não\r\ncumulativa, com dia e horário programado pela CONTRATADA, para prestar orientações, pegar e/ou entregar documentos,\r\nou ainda, por quaisquer necessidades pertinentes a este contrato, enquanto a sede da CONTRATANTE for no endereço\r\nacima descrito. Havendo mudança de endereço da sede da CONTRATANTE, será combinado entre as partes o valor de\r\ndeslocamento em favor da CONTRATADA.&nbsp;</div><div><b>Parágrafo Terceiro</b>: Do preço ajustado não estão inclusas despesas como taxas, autenticações e reconhecimento de firma\r\nem cartório ou outras mais que se fizerem necessárias, as quais ficam a cargo da CONTRATANTE, bem como eventuais\r\ndespesas por deslocamentos que se fizerem necessários até a unidade do IBAMA para realização de quaisquer\r\nprocedimentos, ou então deslocamentos adicionais a pedido da CONTRATADA, sendo estas remuneradas no valor de\r\nR$1,00 (um real) por Km rodado.&nbsp;<br></div><div>temp<br></div>																								\r\n			\r\n			\r\n			\r\n			\r\n			\r\n			\r\n			\r\n			\r\n			\r\n			\r\n			\r\n			\r\n			\r\n			\r\n			\r\n			\r\n			\r\n			','2022-02-25 17:43:08',11,'1','Gecal',10,2,'18/08/2022',60,'Sol Nascente',201,0,'Galpão 1',0,NULL,NULL),(3,'Adalto Maciel da Silva','pj','','','','','',NULL,'','',NULL,'','','','','',NULL,'','',NULL,'21.321.312/3213-21','89180-000',24,4570,' Rua ABC','','','\r\n													<div><b>Clausula Primeira</b>: Assessoria perante IBAMA: Gerenciamento do Cadastro Técnico Federal do IBAMA, com resolução\r\nde pendências/alterações/inclusões/exclusões necessárias, atuando a CONTRATADA meramente como intermediadora de\r\ninformações, sendo as informações lançadas no CTF todas de responsabilidade da CONTRATANTE, devendo manter o\r\nCTF ativo, o Certificado de Regularidade sempre válido e entregá-lo a CONTRATANTE para que fixe em local visível nas\r\nsuas dependências, fazer a entrega dos RAPP (Relatórios Anuais de Atividades Desenvolvidas), fazer a emissão das Taxas\r\nambientais geradas pela devida inscrição da CONTRATANTE no CTF e acompanhamento para ver se foram baixadas no\r\nCTF após serem quitadas pela CONTRATANTE, sempre cumprindo os prazos legais.<br></div><div><b>Parágrafo único</b>: O presente contrato não contempla adequações retroativas a data do mesmo, que a CONTRATANTE\r\ntenha ou possa ter junto ao IBAMA.&nbsp;</div>												','\r\n													<div><b>Clausula Segunda</b>: A CONTRATADA será remunerada pela quantia de <b>50% (Cinquenta por cento) do salário mínimo\r\nmensais</b>, atualizados a cada aumento do salário mínimo, hoje no valor de R$440,00(Quatrocentos e quarenta reais)\r\ndevendo ser pago através de <b>Boleto Bancário</b>, ou na falta do recebimento de boleto, deverá ser creditado em <b>Conta\r\nCorrente da Viacredi nº 690.880.2</b>, em favor da CONTRATADA, impreterivelmente <b>até o dia 10 (dez) do mês seguinte\r\n</b>ao serviço prestado.&nbsp;</div><div><b>Parágrafo Segundo</b>: Do preço ajustado está inclusa uma visita mensal à CONTRATANTE, não obrigatória e não\r\ncumulativa, com dia e horário programado pela CONTRATADA, para prestar orientações, pegar e/ou entregar documentos,\r\nou ainda, por quaisquer necessidades pertinentes a este contrato, enquanto a sede da CONTRATANTE for no endereço\r\nacima descrito. Havendo mudança de endereço da sede da CONTRATANTE, será combinado entre as partes o valor de\r\ndeslocamento em favor da CONTRATADA.&nbsp;</div><div><b>Parágrafo Terceiro</b>: Do preço ajustado não estão inclusas despesas como taxas, autenticações e reconhecimento de firma\r\nem cartório ou outras mais que se fizerem necessárias, as quais ficam a cargo da CONTRATANTE, bem como eventuais\r\ndespesas por deslocamentos que se fizerem necessários até a unidade do IBAMA para realização de quaisquer\r\nprocedimentos, ou então deslocamentos adicionais a pedido da CONTRATADA, sendo estas remuneradas no valor de\r\nR$1,00 (um real) por Km rodado.&nbsp;<br></div><div>temp<br></div>												','2019-11-14 11:18:07',NULL,'',NULL,NULL,NULL,NULL,NULL,NULL,NULL,0,NULL,0,NULL,NULL),(4,'Indústria Têxtil Ltda','pj','Jozival Silveira','','','','Administrador','Sócio Administrador','','','jozival@textilsc.com.br','','','','','','','','','','01.896.054/0001-54','89182-000',24,4504,'Rua do Interior','','','\r\n				\r\n				\r\n				\r\n				\r\n				\r\n																									\r\n			\r\n			\r\n			\r\n			\r\n			','\r\n				\r\n				\r\n				\r\n				\r\n				\r\n																									\r\n			\r\n			\r\n			\r\n			\r\n			','2021-12-17 12:49:50',11,'1','Têxtil Ltda',0,4,'',0,'Floresta ',10,0,'',0,NULL,NULL),(5,'Auto Posto Blumenau LTDA','pj','Marcos da Silva Letter','28/03/2020','','Casado','','Sócio Administrador','','','marcosletter@postoblu.com.br','Julia','07/03/2020','','','','','','','','00.777.000/0001-99','89012-150',24,4392,'Rua Desembargador Pedro Silva / Victor Konder','','','\r\n				\r\n				\r\n				\r\n				\r\n				\r\n													\r\n													\r\n													\r\n																																																													\r\n			\r\n			\r\n			\r\n			\r\n			','\r\n				\r\n				\r\n				\r\n				\r\n				\r\n													\r\n													\r\n													\r\n																																																													\r\n			\r\n			\r\n			\r\n			\r\n			','2021-12-17 12:28:10',11,'1','Posto Blu',0,5,'',0,'Centro',100,0,'',0,NULL,NULL),(6,'Mineradora São José','pj','','','','','','','','','','Marcos Prestes','','','Casado','','Executivo de Canais','','','prestes@mineradorasj.com.br','35.095.030/0001-10','89012-510',24,4603,'Rua Max Hering','','','\r\n				\r\n				\r\n				\r\n				\r\n				teste\r\n			\r\n			\r\n			\r\n			\r\n			','\r\n				\r\n				\r\n				\r\n				\r\n				\r\n			\r\n			\r\n			\r\n			\r\n			','2021-12-17 12:31:58',11,'1','Mineradora São José',0,2020,'',0,'Via Sul',350,0,'',0,NULL,NULL),(7,'Riocoletas Transportes e Coletas','pj','Maria de Fátima Souza','','Brasileira','Casada','','Gerente de Produção','','','mfatimasouza@riocoletas.com.br','Lucas Caetano','','','','','','','','lucas@riocoletas.com.br','01.510.085/0001-36','89012-150',17,3174,'Rua Desembargador Pedro Silva / Victor Konder',NULL,NULL,'\r\n				\r\n				teste\r\n			\r\n			','\r\n				\r\n				\r\n			\r\n			','2021-12-17 12:37:11',11,'1','Riocoletas',0,7,'',0,'Vale ',620,0,'',0,NULL,NULL),(8,'Catarinense Engenharia Ambiental','pj','Elton Zimmerman','','Brasileiro','Divorciado','','CEO','','','eltonz@cea.com.br','','','','','','','','','','00.030.040/0001-02','89012-510',24,4392,'Rua Max Hering / ',NULL,NULL,'\r\n				\r\n				\r\n				teste\r\n			\r\n			\r\n			','\r\n				\r\n				\r\n				\r\n			\r\n			\r\n			','2021-12-17 12:40:55',11,'1','CEA',0,8,'',0,'Victor Konder',30,0,'',0,NULL,NULL),(9,'CATARINENSE ENGENHARIA','pj','','','','','','','','','','','','','','','','','','','','89012-510',24,4392,'Rua Max Hering / Victor Konder',NULL,NULL,'\r\n				\r\n				\r\n				\r\n				teste\r\n			\r\n			\r\n			\r\n			','\r\n				\r\n				\r\n				\r\n				\r\n			\r\n			\r\n			\r\n			','2021-04-16 18:20:42',1,'','',0,9,'',0,'',0,0,'',0,NULL,NULL),(10,'JC Embalagens Ltda','pf','Fábio Lemos','','','','','','','','fabio@jcembalagens.com.br',NULL,NULL,NULL,NULL,NULL,NULL,NULL,NULL,NULL,'012.200.100-30','89030-000',24,4358,'Rua São Paulo',NULL,NULL,'\r\n				\r\n				\r\n				\r\n				teste\r\n			\r\n			\r\n			\r\n			','\r\n				\r\n				\r\n				\r\n				\r\n			\r\n			\r\n			\r\n			','2021-12-17 14:11:41',11,'1','',0,10,'',0,'Solares',100,0,'bloco 2',0,NULL,NULL),(11,'Caminho Ambiental Ltda','pj','Alan Oliveira de Andrade','','','','','Diretor Administrativo','','','alan@caminhoambiental.com.br','','','','','','','','','','02.060.100/0001-11','68507-670',14,2459,'Quadra Especial (Fl.31) / Nova Marabá','','','\r\n				\r\n				\r\n				teste\r\n			\r\n			\r\n			','\r\n				\r\n				\r\n				\r\n			\r\n			\r\n			','2021-12-17 12:45:47',11,'1','Caminho Ambiental',0,2021,'',0,'Ribeirão Negro',84,0,'',0,NULL,NULL),(12,'Airan Possamai','pf','','','','','','','','','','','','','','','','','','','','89012-150',24,4392,'Rua Desembargador Pedro Silva / Victor Konder','','','\r\n				\r\n				teste\r\n			\r\n			','\r\n				\r\n				\r\n			\r\n			','2020-07-15 11:28:58',7,'','',0,2022,'',0,'',0,0,NULL,0,NULL,NULL),(13,'Indústria de Compensados Lontras ','pj','Arlindo Krisman Porto','','','','','Diretor Geral','','','arlindo@compensadoslontras.com.br','','','','','','','','','','56.132.356/0001-89','89182-000',24,4504,'Rua da Bromelias','','','\r\n				\r\n				teste\r\n			\r\n			','\r\n				\r\n				\r\n			\r\n			','2021-12-17 12:49:27',11,'1','Compensados Lontras',0,2023,'',0,'Furnas',30,0,'',0,NULL,NULL),(14,'Indústria Têxtil Azul Celeste','pj','Luiz Meneto ','','','Solteiro','','Gerente de Operação','','','luiz@textilazulceleste.com.br','','','','','','','','','','01.508.700/0001-20','89012-500',24,4392,'Rua Antônio da Veiga - lado ímpar / Victor Konder','','','\r\n				\r\n				teste\r\n			\r\n			','\r\n				\r\n				\r\n			\r\n			','2021-12-17 12:54:36',11,'1','Têxtil Azul Celeste',0,2024,'',0,'Victor Konder',100,0,'',0,NULL,NULL),(15,'7.0 industria e comercio de madeira','pj','','','','','','','','','',NULL,'','','','',NULL,'','','','','68795-000',14,2414,' / ',NULL,NULL,'\r\n				teste\r\n			','\r\n				\r\n			','2020-07-15 12:37:45',7,'1','',0,400,'',0,'',0,0,NULL,0,NULL,NULL),(20,'Augusto Mancha','pf','Augusto Mancha','','','','','','','','augustom@consultoriabnu.com.br',NULL,NULL,NULL,NULL,NULL,NULL,NULL,NULL,NULL,'564.198.165-88','89021-500',24,4392,'Rua Jaborá',NULL,NULL,'\r\n				\r\n				\r\n				testea\r\n			\r\n			','\r\n				\r\n				\r\n				\r\n			\r\n			\r\n			','2021-12-17 14:11:25',11,'1','',15,405,'',15,'Garcia',0,0,'',1,NULL,NULL),(23,'Empresa Brasileira de Energia SA','pj','','','','','','','','','','','','','','','','','','','','04547-006',25,5213,'Rua Gomes de Carvalho - de 1552/1553 ao fim',NULL,NULL,'\r\n				\r\n				\r\n				\r\n				\r\n				testea\r\n			\r\n			\r\n			\r\n			','\r\n				\r\n				\r\n				\r\n				\r\n				\r\n			\r\n			\r\n			\r\n			\r\n			','2021-06-23 18:47:06',1,'1','',15,408,'',15,'Vila Olímpia',0,0,'',1,NULL,NULL),(28,'Gecal Formiga','pj','','','','','','','','','','','','','','','','','','','','35582-000',13,2086,'',NULL,NULL,'\r\n				\r\n				\r\n				\r\n				testea\r\n			\r\n			\r\n			','\r\n				\r\n				\r\n				\r\n				\r\n			\r\n			\r\n			\r\n			','2021-04-27 20:24:39',1,'1','',15,413,'',15,'',0,0,'',1,NULL,NULL),(33,'Gecal MS','pj','','','','','','','','','','','','','','','','','','','','35582-000',13,2086,'',NULL,NULL,'\r\n				\r\n				\r\n				\r\n				testea\r\n			\r\n			\r\n			','\r\n				\r\n				\r\n				\r\n				\r\n			\r\n			\r\n			\r\n			','2021-04-27 20:25:57',1,'1','',15,418,'',15,'',0,0,'',1,NULL,NULL),(34,'MJM Indústria','pj','','','','','','','','','','','','','','','','','','','','77015-577',27,5457,'ARSO 41 Alameda 15',NULL,NULL,'\r\n				\r\n				\r\n				testea\r\n			\r\n			','\r\n				\r\n				\r\n				\r\n			\r\n			\r\n			','2021-03-11 20:32:46',1,'1','',15,419,'',15,'Plano Diretor Sul',0,0,'',1,NULL,NULL),(35,'Crescer Alimentos','pj','','','','','','','','','','','','','','','','','','','','88210-000',24,4558,'',NULL,NULL,'\r\n				\r\n				\r\n				\r\n				\r\n				testea\r\n			\r\n			\r\n			\r\n			','\r\n				\r\n				\r\n				\r\n				\r\n				\r\n			\r\n			\r\n			\r\n			\r\n			','2021-04-13 11:44:17',1,'1','',15,420,'',15,'',0,0,'',0,NULL,NULL),(38,'Agropecuária Santa Vitória','pj','','','','','','','','','','','','','','','','','','','','77403-050',27,5427,'Avenida Paraná',NULL,NULL,'\r\n				\r\n				\r\n				\r\n				\r\n				testea\r\n			\r\n			\r\n			\r\n			','\r\n				\r\n				\r\n				\r\n				\r\n				\r\n			\r\n			\r\n			\r\n			\r\n			','2022-02-24 11:46:03',1,'1','',15,423,'',15,'Setor Central',0,0,'',1,NULL,NULL),(40,'LAR COOPERATIVA AGROINDUSTRIAL','pj','','','','','','','','','','','','','','','','','','','77.752.293/0115-56','85887-000',16,2975,'Avenida Trancredo Neves',NULL,NULL,'\r\n				\r\n				\r\n				\r\n				testea\r\n			\r\n			\r\n			','\r\n				\r\n				\r\n				\r\n				\r\n			\r\n			\r\n			\r\n			','2021-08-25 20:10:39',1,'1','LAR',15,425,'',15,'Agrocafeeira',337,0,'',1,NULL,NULL),(41,'Auto Mecância Santinho','pj','','','','','','','','','','','','','','','','','','','','87702-260',16,3015,'Rua Paraíba - até 1597/1598',NULL,NULL,'\r\n				\r\n				\r\n				\r\n				testea\r\n			\r\n			\r\n			','\r\n				\r\n				\r\n				\r\n				\r\n			\r\n			\r\n			\r\n			','2021-08-30 17:01:29',1,'1','',15,426,'',15,'Jardim São Cristóvão',0,0,'',1,NULL,NULL),(46,'Abdala Dagner Neto','pf','Abdala Dagner Neto','','','','','','','','abdala.neto@fazconsultoria.com.br',NULL,NULL,NULL,NULL,NULL,NULL,NULL,NULL,NULL,'461.934.566-00','38550-000',1,1,'DANTE PEREIRA DOS SANTOS','',NULL,'\r\n				\r\n				\r\n				\r\n				\r\n				\r\n				testea\r\n			\r\n			\r\n			\r\n			\r\n			','\r\n				\r\n				\r\n				\r\n				\r\n				\r\n				\r\n			\r\n			\r\n			\r\n			\r\n			\r\n			','2021-12-17 14:13:43',11,'1','-',0,46,'',0,'Rio Turvo',100,0,'',0,NULL,NULL),(47,'Acácio Toratti','pf','Acácio Toratti','','','','','','','','acacio@ambientalismo.com.br',NULL,NULL,NULL,NULL,NULL,NULL,NULL,NULL,NULL,'06850415816','38740-000',1,1,'FARIA PEREIRA','34  38326202',NULL,'\r\n				\r\n				\r\n				\r\n				\r\n				testea\r\n			\r\n			\r\n			\r\n			','\r\n				\r\n				\r\n				\r\n				\r\n				\r\n			\r\n			\r\n			\r\n			\r\n			','2021-12-17 14:14:49',11,'1','-',0,47,'',0,'Cepal',3591,0,'',0,NULL,NULL),(48,'Indústria Cerâmica Volkmann LTDA - ME','pj','','','','','','','','','','','','','','','','','','','85.460.129/0001-35','89107-000',24,4554,'Rua Alberto Volkmann',NULL,NULL,'\r\n				\r\n				\r\n				\r\n				\r\n				testea\r\n			\r\n			\r\n			\r\n			','\r\n				\r\n				\r\n				\r\n				\r\n				\r\n			\r\n			\r\n			\r\n			\r\n			','2021-09-22 17:15:52',10,'1','',15,427,'30/09/2021',15,'Testo Central',200,0,'',1,NULL,NULL),(49,'COOPAVEL COOPERATIVA AGROINDUSTRIAL','pj','','','','','','','','','','','','','','','','','','','76.098.219/0001-37','85803-490',16,2828,'Rodovia BR-277 - do km 590,001 ao km 592,000',NULL,NULL,'\r\n				\r\n				\r\n				\r\n				testea\r\n			\r\n			\r\n			','\r\n				\r\n				\r\n				\r\n				\r\n			\r\n			\r\n			\r\n			','2021-10-27 18:54:54',1,'1','',15,428,'',15,'Santa Felicidade',0,0,'',1,NULL,NULL),(50,'Hiperpan Indústria e Comércio de Alimentos Congelados Ltda ME','pj','Adilson Vargas Cardoso','','','','','','','','','','','','','','','','','','10.213.780/0001-01','94010-310',21,3993,'Rua Venâncio Aires',NULL,NULL,'\r\n				\r\n				\r\n				\r\n				\r\n				\r\n				\r\n				\r\n				\r\n				testea\r\n			\r\n			\r\n			\r\n			\r\n			\r\n			\r\n			\r\n			','\r\n				\r\n				\r\n				\r\n				\r\n				\r\n				\r\n				\r\n				\r\n				\r\n			\r\n			\r\n			\r\n			\r\n			\r\n			\r\n			\r\n			\r\n			','2021-11-25 12:53:57',11,'1','Hiperpan',120,429,'',15,'Centro',40,0,'63',0,NULL,NULL),(51,'Haga S/A Indústria e Comercio','pj',' Selmo da Rosa','','','','','','','','haga@haga.com.br','','','','','','','','','','30.540.991/0001-66','28605-220',19,3612,'Avenida Engenheiro Hans Gaiser',NULL,NULL,'\r\n				\r\n				\r\n				\r\n				\r\n				\r\n				\r\n				\r\n				\r\n				testea\r\n			\r\n			\r\n			\r\n			\r\n			\r\n			\r\n			\r\n			','\r\n				\r\n				\r\n				\r\n				\r\n				\r\n				\r\n				\r\n				\r\n				\r\n			\r\n			\r\n			\r\n			\r\n			\r\n			\r\n			\r\n			\r\n			','2021-11-25 13:18:51',11,'1','',30,430,'',15,'Centro',26,0,'',0,NULL,NULL),(52,'7.0 Indústria e Comércio de Madeiras Eireli','pj','Dermeval Nogueira de Brites','','','','','','','','adm7.0madeiras@outlook.com','','','','','','','','','','16.732.690/0001-03','68795-000',14,2414,'AV. Martinho Monteiro Ramal dos Madeireiros ',NULL,NULL,'\r\n				\r\n				\r\n				\r\n				\r\n				testea\r\n			\r\n			\r\n			\r\n			','\r\n				\r\n				\r\n				\r\n				\r\n				\r\n			\r\n			\r\n			\r\n			\r\n			','2021-11-25 13:30:22',11,'1','7.0 Indústria e Comércio de Madeiras Eireli',15,431,'',15,'Murinim',18,0,'Altos',0,NULL,NULL),(54,'Social RBN - Sociedade de Administração e Participações Ltda.','pj','Roberto Augusto Resende Magalhães Toledo','','','','','Sócio Administrador','','','colinadc@terra.com.br','','','','','','','','','','34.042.820/0001-68','30140-073',13,1606,'Rua dos Amores',NULL,NULL,'\r\n				\r\n				\r\n				\r\n				\r\n				\r\n				\r\n				\r\n				\r\n				testea\r\n			\r\n			\r\n			\r\n			\r\n			\r\n			\r\n			\r\n			','\r\n				\r\n				\r\n				\r\n				\r\n				\r\n				\r\n				\r\n				\r\n				\r\n			\r\n			\r\n			\r\n			\r\n			\r\n			\r\n			\r\n			\r\n			','2022-02-25 17:47:41',11,'1','SOCIAL RBN - SOCIEDADE DE ADM. E PARTICIPACOE',15,433,'',15,'Barro Preto',2954,0,'casa',1,NULL,NULL),(55,'Cushman & Wakefield Consultoria Imobiliária Ltda','pj','Celina Albuquerque Nunes','','','','','','','','tributario@cushwake.com','','','','','','','','','','02.630.711/0001-10','04571-100',25,5213,'PC PROFESSOR JOSE LANNES',NULL,NULL,'\r\n				\r\n				\r\n				\r\n				testea\r\n			\r\n			\r\n			','\r\n				\r\n				\r\n				\r\n				\r\n			\r\n			\r\n			\r\n			','2021-12-20 11:35:08',11,'1','',15,434,'',15,'Brooklin Novo',40,0,'3 andar CJ 31 E 32',1,NULL,NULL),(56,'Autoposto Mackenzie Ltda','pj','Bruno Sato Alves Pereira','','','','','','','','bruno@autopostomackenzie.com.br','','','','','','','','','','27.547.537/0001-22','06460-020',25,4713,'Avenida Tucunaré',NULL,NULL,'\r\n				\r\n				\r\n				\r\n				testea\r\n			\r\n			\r\n			','\r\n				\r\n				\r\n				\r\n				\r\n			\r\n			\r\n			\r\n			','2021-12-20 17:17:22',11,'1','Autoposto Mackenzie',15,435,'',15,'Tamboré',1498,0,'',1,NULL,NULL),(57,'Ecoeficiência Soluções Ambientais','pj','Darwin Dias Fagundes','','','','Biologo','CEO','','','darwin@ecoeficiencia.eco.br','','','','','','','','','','09.664.224/0001-72','95607-116',21,4235,'Rua Antônio Galvão',NULL,NULL,'\r\n				\r\n				\r\n				\r\n				\r\n				testea\r\n			\r\n			\r\n			\r\n			','\r\n				\r\n				\r\n				\r\n				\r\n				\r\n			\r\n			\r\n			\r\n			\r\n			','2022-01-12 19:07:14',11,'1','',15,436,'',15,'Petrópolis',59,0,'',1,NULL,NULL),(58,'Arvut Meio Ambiente Ltda','pj','Kayo Cesar Freitas Soares','','','','','CEO','','','arvut@arvut.com.br','','','','','','','','','','27.805.836/0001-10','90010-460',21,4125,'Rua Washington Luiz',NULL,NULL,'\r\n				\r\n				\r\n				\r\n				testea\r\n			\r\n			\r\n			','\r\n				\r\n				\r\n				\r\n				\r\n			\r\n			\r\n			\r\n			','2022-01-12 19:13:38',11,'1','',15,437,'',15,'Centro Histórico',1010,0,'CONJ 701 A 705',1,NULL,NULL),(59,'Marcelo Francisco da Costa','pf','Marcelo Francisco da Costa','','','','','','','821.671.411-49','marcelo@outorga.com.br','','','','','','','','','','821.671.411-49','35502-042',13,1788,'Rua Ipatinga',NULL,NULL,'\r\n				\r\n				\r\n				\r\n				testea\r\n			\r\n			\r\n			','\r\n				\r\n				\r\n				\r\n				\r\n			\r\n			\r\n			\r\n			','2022-01-26 11:46:36',11,'1','',15,438,'',15,'Ipiranga',20,0,'casa',1,NULL,NULL),(60,'Abastecedora Agnolin Ltda','pj','','','','','','','','','','','','','','','','','','','01.595.146/0002-70','98300-000',21,4098,'Avenida Independência ',NULL,NULL,'\r\n				\r\n				\r\n				\r\n				testea\r\n			\r\n			\r\n			','\r\n				\r\n				\r\n				\r\n				\r\n			\r\n			\r\n			\r\n			','2022-01-27 18:38:30',11,'1','',15,439,'',15,'Centro',2577,0,'',1,NULL,NULL),(61,'Empresa TESTE 123','pj','','','','','','','','','','','','','','','','','','','54.902.930/2819-04','',12,1478,'',NULL,NULL,'\r\n				\r\n				Clausula Primeira: Assessoria perante IBAMA: Gerenciamento do Cadastro Técnico Federal do IBAMA, com resolução de pendências/alterações/inclusões/exclusões necessárias, atuando a CONTRATADA meramente como intermediadora de informações, sendo as informações lançadas no CTF todas de responsabilidade da CONTRATANTE, devendo manter o CTF ativo, o Certificado de Regularidade sempre válido e entregá-lo a CONTRATANTE para que fixe em local visível nas suas dependências, fazer a entrega dos RAPP (Relatórios Anuais de Atividades Desenvolvidas), fazer a emissão das Taxas ambientais geradas pela devida inscrição da CONTRATANTE no CTF e acompanhamento para ver se foram baixadas no CTF após serem quitadas pela CONTRATANTE, sempre cumprindo os prazos legais.\r\nParágrafo único: O presente contrato não contempla adequações retroativas a data do mesmo, que a CONTRATANTE tenha ou possa ter junto ao IBAMA.\r\n				\r\n				\r\n				\r\n				\r\n			\r\n			\r\n			\r\n			\r\n			','\r\n				Clausula Segunda: A CONTRATADA será remunerada pela quantia de 50% (Cinquenta por cento) do salário mínimo mensais, atualizados a cada aumento do salário mínimo, hoje no valor de R$440,00(Quatrocentos e quarenta reais) devendo ser pago através de Boleto Bancário, ou na falta do recebimento de boleto, deverá ser creditado em Conta Corrente da Viacredi nº 690.880.2, em favor da CONTRATADA, impreterivelmente até o dia 10 (dez) do mês seguinte ao serviço prestado. \r\nParágrafo Segundo: Do preço ajustado está inclusa uma visita mensal à CONTRATANTE, não obrigatória e não cumulativa, com dia e horário programado pela CONTRATADA, para prestar orientações, pegar e/ou entregar documentos, ou ainda, por quaisquer necessidades pertinentes a este contrato, enquanto a sede da CONTRATANTE for no endereço acima descrito. Havendo mudança de endereço da sede da CONTRATANTE, será combinado entre as partes o valor de deslocamento em favor da CONTRATADA. \r\nParágrafo Terceiro: Do preço ajustado não estão inclusas despesas como taxas, autenticações e reconhecimento de firma em cartório ou outras mais que se fizerem necessárias, as quais ficam a cargo da CONTRATANTE, bem como eventuais despesas por deslocamentos que se fizerem necessários até a unidade do IBAMA para realização de quaisquer procedimentos, ou então deslocamentos adicionais a pedido da CONTRATADA, sendo estas remuneradas no valor de R$1,00 (um real) por Km rodado. \r\n				\r\n				\r\n				\r\n				\r\n				\r\n			\r\n			\r\n			\r\n			\r\n			\r\n			','2022-03-03 17:37:12',12,'1','',12,440,'',15,'',0,0,'',1,NULL,NULL);
/*!40000 ALTER TABLE `cliente` ENABLE KEYS */;
UNLOCK TABLES;
/*!50003 SET @saved_cs_client      = @@character_set_client */ ;
/*!50003 SET @saved_cs_results     = @@character_set_results */ ;
/*!50003 SET @saved_col_connection = @@collation_connection */ ;
/*!50003 SET character_set_client  = utf8mb4 */ ;
/*!50003 SET character_set_results = utf8mb4 */ ;
/*!50003 SET collation_connection  = utf8mb4_general_ci */ ;
/*!50003 SET @saved_sql_mode       = @@sql_mode */ ;
/*!50003 SET sql_mode              = '' */ ;
DELIMITER ;;
/*!50003 CREATE*/ /*!50017 */ /*!50003 TRIGGER cliente_BEFORE_UPDATE



    BEFORE UPDATE



    ON cliente FOR EACH ROW



BEGIN



    IF NEW.tipoPessoa = "pf" THEN



        SET NEW.emailcontatoprincipal = NULL;



        SET NEW.contatoCpf = NULL;



        SET NEW.contatoPrincipalNome = NULL;



        SET NEW.contatoNacionalidade = NULL;



        SET NEW.contatoProfissao = NULL;



        SET NEW.contatoRg = NULL;



        SET NEW.contatoEstadoCivil = NULL;



        SET NEW.contatoPrincipalCargo = NULL;



        SET NEW.contatoDataNascimento = NULL;



    END IF;



END */;;
DELIMITER ;
/*!50003 SET sql_mode              = @saved_sql_mode */ ;
/*!50003 SET character_set_client  = @saved_cs_client */ ;
/*!50003 SET character_set_results = @saved_cs_results */ ;
/*!50003 SET collation_connection  = @saved_col_connection */ ;

--
-- Table structure for table `clienteartfile`
--

DROP TABLE IF EXISTS `clienteartfile`;
/*!40101 SET @saved_cs_client     = @@character_set_client */;
/*!40101 SET character_set_client = utf8 */;
CREATE TABLE `clienteartfile` (
  `id` int(10) unsigned NOT NULL AUTO_INCREMENT,
  `numero` varchar(45) DEFAULT NULL,
  `validade` varchar(10) DEFAULT NULL,
  `clienteId` int(10) DEFAULT NULL,
  `filename` varchar(255) DEFAULT NULL,
  `path` text,
  `size` int(11) DEFAULT NULL,
  `finalizado` int(1) unsigned NOT NULL DEFAULT '0',
  `arquivoId` int(10) DEFAULT NULL,
  PRIMARY KEY (`id`),
  KEY `clienteartfile_arquivoFK` (`arquivoId`),
  CONSTRAINT `clienteartfile_arquivoFK` FOREIGN KEY (`arquivoId`) REFERENCES `arquivo` (`id`) ON DELETE SET NULL ON UPDATE SET NULL
) ENGINE=InnoDB AUTO_INCREMENT=10 DEFAULT CHARSET=latin1;
/*!40101 SET character_set_client = @saved_cs_client */;

--
-- Dumping data for table `clienteartfile`
--

LOCK TABLES `clienteartfile` WRITE;
/*!40000 ALTER TABLE `clienteartfile` DISABLE KEYS */;
INSERT INTO `clienteartfile` VALUES (1,'123','30/05/2020',1,'','',0,1,NULL),(2,'456','05/06/2020',1,NULL,NULL,NULL,1,NULL),(3,'789','30/10/2020',1,NULL,NULL,NULL,1,NULL),(4,'487','30/11/2021',1,NULL,NULL,NULL,0,NULL),(5,'LO - 00928 / 2020','31/10/2024',50,'Licença de Operação nº 928-2020 LO-2707201146310 (1)-619e35451f5b1.pdf','uploads/possamai/clienteArts/50/Licença de Operação nº 928-2020 LO-2707201146310 (1)-619e35451f5b1.pdf',58634,1,NULL),(6,'178','28/01/2022',51,NULL,NULL,NULL,1,NULL),(7,'1250','25/02/2022',2,NULL,NULL,NULL,0,NULL),(8,'2026','22/06/2022',2,NULL,NULL,NULL,0,NULL),(9,'1013','19/04/2022',2,NULL,NULL,NULL,0,NULL);
/*!40000 ALTER TABLE `clienteartfile` ENABLE KEYS */;
UNLOCK TABLES;

--
-- Table structure for table `clientecontato`
--

DROP TABLE IF EXISTS `clientecontato`;
/*!40101 SET @saved_cs_client     = @@character_set_client */;
/*!40101 SET character_set_client = utf8 */;
CREATE TABLE `clientecontato` (
  `id` int(10) unsigned NOT NULL AUTO_INCREMENT,
  `clienteId` int(10) unsigned NOT NULL,
  `nome` varchar(255) DEFAULT NULL,
  `telefone` varchar(40) DEFAULT NULL,
  `celular` varchar(41) DEFAULT NULL,
  `email` varchar(255) DEFAULT NULL,
  `cargo` varchar(255) DEFAULT NULL,
  PRIMARY KEY (`id`)
) ENGINE=InnoDB AUTO_INCREMENT=81 DEFAULT CHARSET=latin1;
/*!40101 SET character_set_client = @saved_cs_client */;

--
-- Dumping data for table `clientecontato`
--

LOCK TABLES `clientecontato` WRITE;
/*!40000 ALTER TABLE `clientecontato` DISABLE KEYS */;
INSERT INTO `clientecontato` VALUES (3,3,'Adalto Maciel da Silva',NULL,NULL,NULL,NULL),(5,5,'Auto Posto Blumenau LTDA','(47) 3220-1000','','',''),(7,7,'Riocoletas Transportes e Coletas','(81) 3021-1015','','',''),(10,10,'JC Embalagens Ltda','(47) 2112-0101','','',''),(13,13,'Indústria de Compensados Lontras ','(47) 2020-6465','','',''),(14,14,'Indústria Têxtil Azul Celeste','(47) 3010-9191','','',''),(18,11,'Caminho Ambiental Ltda','(91) 9909-0000','','',''),(20,12,'Airan Possamai','','','',''),(23,15,'7.0 industria e comercio de madeira','','','',''),(24,8,'Catarinense Engenharia Ambiental','(47) 2100-0303','','',''),(25,9,'CATARINENSE ENGENHARIA','','','',''),(31,4,'Indústria Têxtil Ltda','(47) 3698-4120','','',''),(34,2,'Gecal Matriz','(37) 3323-5400','','adalto@gecal.com.br','Supervisão Qualidade'),(35,6,'Mineradora São José','(48) 3215-0020','','',''),(37,1,'Sucateiro SA','(47) 9999-9999','','airan.possamai@edu.sc.senai.br','Representante legal'),(38,16,'Indústria Palmeiras LTDA','','','',''),(39,17,'Exemplo','','','',''),(40,18,'Teste','','','',''),(41,19,'Sociedade Palmeiras Ambiental','','','',''),(42,20,'Augusto Mancha','(47) 3221-4021','','',''),(43,21,'Indústria de Automóveis de Blumenau','','','',''),(44,22,'AETE','','','',''),(45,23,'Empresa Brasileira de Energia SA','','','',''),(46,24,'ETAP SE','','','',''),(47,25,'ETAP SE','','','',''),(48,26,'ETB 1','','','',''),(49,27,'Gecal Serra','','','',''),(50,28,'Gecal Formiga','','','',''),(51,29,'ETEM','','','',''),(52,30,'ETES','','','',''),(53,31,'ETVG','','','',''),(54,32,'TME','','','',''),(55,33,'Gecal MS','','','',''),(56,34,'MJM Indústria','','','',''),(57,35,'Crescer Alimentos','','','',''),(58,36,'Menospol','','','',''),(59,37,'Supermix','','','',''),(60,1,'','','','','Contato'),(61,38,'Agropecuária Santa Vitória','','','',''),(62,39,'Gatuno Empreendimentos','','','',''),(63,40,'LAR COOPERATIVA AGROINDUSTRIAL','','','',''),(64,41,'Auto Mecância Santinho','','','',''),(65,46,'Abdala Dagner Neto','(82) 2116-5032','','',''),(66,47,'Acácio Toratti','(82) 3015-2121','','',''),(67,48,'Indústria Cerâmica Volkmann LTDA - ME','','','',''),(68,49,'COOPAVEL COOPERATIVA AGROINDUSTRIAL','','','',''),(69,50,'Hiperpan Indústria e Comércio de Alimentos Congelados Ltda ME','(51) 3488-6102','','',''),(70,51,'Haga S/A Indústria e Comercio','(22) 2525-8000','','',''),(71,52,'7.0 Indústria e Comércio de Madeiras Eireli','(91) 98728-8994','','',''),(72,53,'Grupo Zelo','','','',''),(73,54,'Social RBN - Sociedade de Administração e Participações Ltda.','(31) 3292-6144','','',''),(74,55,'Cushman & Wakefield Consultoria Imobiliária Ltda','(11) 5501-5464','','',''),(75,56,'Autoposto Mackenzie Ltda','(11) 4191-6772','','',''),(76,57,'Ecoeficiência Soluções Ambientais','(51) 99891-4604','','',''),(77,58,'Arvut Meio Ambiente Ltda','(51) 3103-0392','','',''),(78,59,'Marcelo Francisco da Costa','','','',''),(79,60,'Abastecedora Agnolin Ltda','(55) 3742-3835','','',''),(80,61,'Empresa TESTE 123','','','','');
/*!40000 ALTER TABLE `clientecontato` ENABLE KEYS */;
UNLOCK TABLES;

--
-- Table structure for table `clienteemailenviado`
--

DROP TABLE IF EXISTS `clienteemailenviado`;
/*!40101 SET @saved_cs_client     = @@character_set_client */;
/*!40101 SET character_set_client = utf8 */;
CREATE TABLE `clienteemailenviado` (
  `id` int(10) unsigned NOT NULL AUTO_INCREMENT,
  `assunto` varchar(255) DEFAULT NULL,
  `corpo` text,
  PRIMARY KEY (`id`)
) ENGINE=InnoDB AUTO_INCREMENT=5 DEFAULT CHARSET=latin1;
/*!40101 SET character_set_client = @saved_cs_client */;

--
-- Dumping data for table `clienteemailenviado`
--

LOCK TABLES `clienteemailenviado` WRITE;
/*!40000 ALTER TABLE `clienteemailenviado` DISABLE KEYS */;
INSERT INTO `clienteemailenviado` VALUES (1,'Teste Ambisis','Teste <b>29/01/2020</b>'),(2,'Quadro de medalhas','<b>Teste</b><div><b><br></b></div><div><b><br></b></div>'),(3,'testeee','testeszsad<div>sdasds</div>'),(4,'Exemplo de email','Exemplo');
/*!40000 ALTER TABLE `clienteemailenviado` ENABLE KEYS */;
UNLOCK TABLES;

--
-- Table structure for table `clienteemailenviadodestinatario`
--

DROP TABLE IF EXISTS `clienteemailenviadodestinatario`;
/*!40101 SET @saved_cs_client     = @@character_set_client */;
/*!40101 SET character_set_client = utf8 */;
CREATE TABLE `clienteemailenviadodestinatario` (
  `id` int(10) unsigned NOT NULL AUTO_INCREMENT,
  `clienteemailenviadoId` int(10) unsigned DEFAULT NULL,
  `clienteId` int(10) unsigned DEFAULT NULL,
  PRIMARY KEY (`id`),
  KEY `clienteemailenviadoId` (`clienteemailenviadoId`),
  CONSTRAINT `clienteemailenviadofk` FOREIGN KEY (`clienteemailenviadoId`) REFERENCES `clienteemailenviado` (`id`) ON DELETE NO ACTION ON UPDATE NO ACTION
) ENGINE=InnoDB AUTO_INCREMENT=5 DEFAULT CHARSET=latin1;
/*!40101 SET character_set_client = @saved_cs_client */;

--
-- Dumping data for table `clienteemailenviadodestinatario`
--

LOCK TABLES `clienteemailenviadodestinatario` WRITE;
/*!40000 ALTER TABLE `clienteemailenviadodestinatario` DISABLE KEYS */;
INSERT INTO `clienteemailenviadodestinatario` VALUES (1,1,1),(2,2,1),(3,3,1),(4,4,38);
/*!40000 ALTER TABLE `clienteemailenviadodestinatario` ENABLE KEYS */;
UNLOCK TABLES;

--
-- Table structure for table `clienteemailenviadofile`
--

DROP TABLE IF EXISTS `clienteemailenviadofile`;
/*!40101 SET @saved_cs_client     = @@character_set_client */;
/*!40101 SET character_set_client = utf8 */;
CREATE TABLE `clienteemailenviadofile` (
  `id` int(10) unsigned NOT NULL AUTO_INCREMENT,
  `clienteemailenviadoId` int(10) unsigned DEFAULT NULL,
  `filename` varchar(255) DEFAULT NULL,
  `path` text,
  `size` int(11) DEFAULT NULL,
  PRIMARY KEY (`id`),
  KEY `clienteemailenviadokeyy` (`clienteemailenviadoId`)
) ENGINE=InnoDB AUTO_INCREMENT=3 DEFAULT CHARSET=latin1;
/*!40101 SET character_set_client = @saved_cs_client */;

--
-- Dumping data for table `clienteemailenviadofile`
--

LOCK TABLES `clienteemailenviadofile` WRITE;
/*!40000 ALTER TABLE `clienteemailenviadofile` DISABLE KEYS */;
INSERT INTO `clienteemailenviadofile` VALUES (1,2,'FASES DO INVESTIMENTO STARTUP.jpg','uploads/possamai/emailanexo/2/FASES DO INVESTIMENTO STARTUP.jpg',2640506),(2,3,'SEIS CARACTERÍSTICAS DO AMBISIS.PNG','uploads/possamai/emailanexo/3/SEIS CARACTERÍSTICAS DO AMBISIS.PNG',98047);
/*!40000 ALTER TABLE `clienteemailenviadofile` ENABLE KEYS */;
UNLOCK TABLES;

--
-- Table structure for table `clientefile`
--

DROP TABLE IF EXISTS `clientefile`;
/*!40101 SET @saved_cs_client     = @@character_set_client */;
/*!40101 SET character_set_client = utf8 */;
CREATE TABLE `clientefile` (
  `id` int(10) unsigned NOT NULL AUTO_INCREMENT,
  `filename` varchar(255) DEFAULT NULL,
  `path` text,
  `size` int(11) unsigned DEFAULT NULL,
  `clienteId` int(10) unsigned NOT NULL,
  `descricao` varchar(255) DEFAULT NULL,
  `validade` varchar(10) DEFAULT NULL,
  `finalizado` int(1) NOT NULL DEFAULT '0',
  `arquivoId` int(10) DEFAULT NULL,
  PRIMARY KEY (`id`),
  KEY `fk_clientefile_clienteIdx` (`clienteId`),
  KEY `clientefile_arquivoFK` (`arquivoId`),
  CONSTRAINT `clientefile_arquivoFK` FOREIGN KEY (`arquivoId`) REFERENCES `arquivo` (`id`) ON DELETE SET NULL ON UPDATE SET NULL,
  CONSTRAINT `fk_clientefile_cliente` FOREIGN KEY (`clienteId`) REFERENCES `cliente` (`id`) ON DELETE NO ACTION ON UPDATE NO ACTION
) ENGINE=InnoDB AUTO_INCREMENT=17 DEFAULT CHARSET=latin1;
/*!40101 SET character_set_client = @saved_cs_client */;

--
-- Dumping data for table `clientefile`
--

LOCK TABLES `clientefile` WRITE;
/*!40000 ALTER TABLE `clientefile` DISABLE KEYS */;
INSERT INTO `clientefile` VALUES (1,'Licença de Operação nº 928-2020 LO-2707201146310 (1)-619e354521137.pdf','uploads/possamai/clientefiles/50/Licença de Operação nº 928-2020 LO-2707201146310 (1)-619e354521137.pdf',58634,50,'Liçença de Operação Nº 00928 / 2020',NULL,0,NULL),(2,'LICENCA_AMBIENTAL-619f88ad09d88.pdf','uploads/possamai/clientefiles/51/LICENCA_AMBIENTAL-619f88ad09d88.pdf',885655,51,'LO Nº NF0609/2019',NULL,0,NULL),(3,'CERT_REGULARIDADE_IBAMA-619f8d3b7cca8.pdf','uploads/possamai/clientefiles/51/CERT_REGULARIDADE_IBAMA-619f8d3b7cca8.pdf',61752,51,'CTF',NULL,0,NULL),(4,'L O DO PORTO 2020 (1)-1507200953120-619f8fee4f2b3.pdf','uploads/possamai/clientefiles/52/L O DO PORTO 2020 (1)-1507200953120-619f8fee4f2b3.pdf',1304825,52,'LO Nº 083/2020-1',NULL,0,NULL),(5,'LO - 0920.17-61b8831a85dd5-61b9e616c3203.pdf','uploads/possamai/clientefiles/54/LO - 0920.17-61b8831a85dd5-61b9e616c3203.pdf',600092,54,'LO N° 0920.17',NULL,0,NULL),(6,'Codel-Alvará-de-funcionamento-768x941-61bcd893a8c8c.jpg','uploads/possamai/clientefiles/1/Codel-Alvará-de-funcionamento-768x941-61bcd893a8c8c.jpg',131326,1,'Alvará de Funcionamento',NULL,0,NULL),(9,'Logomarca_identificação visual-6213d2309d942.png','uploads/possamai/clientefiles/2/Logomarca_identificação visual-6213d2309d942.png',4068,2,'Identificação visual',NULL,0,NULL),(10,'Termos de Uso-6213d2309ede5.pdf','uploads/possamai/clientefiles/2/Termos de Uso-6213d2309ede5.pdf',107771,2,'Termo de uso',NULL,0,NULL),(11,'Ata de Reunião do Contrato-6213d230a067d.docx','uploads/possamai/clientefiles/2/Ata de Reunião do Contrato-6213d230a067d.docx',488582,2,'Ata de reunião',NULL,0,NULL),(12,'Perfil clientes-6213d230a1b6f.xlsx','uploads/possamai/clientefiles/2/Perfil clientes-6213d230a1b6f.xlsx',5962,2,'Perfil clientes',NULL,0,NULL),(13,'Termos de Uso-6219163d3c386.pdf','uploads/possamai/clientefiles/54/Termos de Uso-6219163d3c386.pdf',107771,54,'Termo de uso',NULL,0,NULL),(14,'logo-ambisis-6219163d3dd75.png','uploads/possamai/clientefiles/54/logo-ambisis-6219163d3dd75.png',33066,54,'Logomarca',NULL,0,NULL),(15,'Ata de Reunião do Contrato-6219163d3ef7b.docx','uploads/possamai/clientefiles/54/Ata de Reunião do Contrato-6219163d3ef7b.docx',488582,54,'Ata de reunião ',NULL,0,NULL),(16,'Perfil clientes-6219163d404ec.xlsx','uploads/possamai/clientefiles/54/Perfil clientes-6219163d404ec.xlsx',5962,54,'Perfil clientes',NULL,0,NULL);
/*!40000 ALTER TABLE `clientefile` ENABLE KEYS */;
UNLOCK TABLES;

--
-- Table structure for table `clientelogin`
--

DROP TABLE IF EXISTS `clientelogin`;
/*!40101 SET @saved_cs_client     = @@character_set_client */;
/*!40101 SET character_set_client = utf8 */;
CREATE TABLE `clientelogin` (
  `id` int(10) unsigned NOT NULL AUTO_INCREMENT,
  `clienteId` int(10) unsigned NOT NULL,
  `descricao` varchar(255) DEFAULT NULL,
  `link` varchar(255) DEFAULT NULL,
  `login` varchar(45) DEFAULT NULL,
  `senha` varchar(45) DEFAULT NULL,
  PRIMARY KEY (`id`),
  KEY `fk_clientelogin_clienteIdx` (`clienteId`),
  CONSTRAINT `fk_clientelogin_cliente` FOREIGN KEY (`clienteId`) REFERENCES `cliente` (`id`) ON DELETE CASCADE ON UPDATE CASCADE
) ENGINE=InnoDB AUTO_INCREMENT=65 DEFAULT CHARSET=latin1;
/*!40101 SET character_set_client = @saved_cs_client */;

--
-- Dumping data for table `clientelogin`
--

LOCK TABLES `clientelogin` WRITE;
/*!40000 ALTER TABLE `clientelogin` DISABLE KEYS */;
INSERT INTO `clientelogin` VALUES (1,1,'Sinfat','http://sinfatweb.ima.sc.gov.br/','015.4165650/0001-54','cliente145'),(2,5,'Login renovação licença','http://www.ima.sc.gov.br/','00.1981981.19/0001-84','1a56f1892fdsf'),(3,5,'','','',''),(4,6,'','','',''),(5,2,'Coman','http://www.meioambiente.mg.gov.br/copam','34042820000168','092017'),(6,11,'','','',''),(7,12,'','','',''),(8,13,'','','',''),(9,14,'','','',''),(10,7,'','','',''),(11,8,'','','',''),(12,9,'','','',''),(13,10,'','','',''),(14,15,'','','',''),(15,4,'','','',''),(22,20,'','','',''),(25,23,'','','',''),(30,28,'','','',''),(35,33,'','','',''),(36,34,'','','',''),(37,35,'','','',''),(40,38,'','','',''),(41,38,'','','',''),(42,38,'','','',''),(43,38,'','','',''),(45,40,'','','',''),(46,41,'','','',''),(47,46,'','','',''),(48,47,'','','',''),(49,48,'','','',''),(50,49,'','','',''),(51,50,'','','',''),(52,51,'','','',''),(53,52,'','','',''),(55,1,'','','',''),(56,54,'SMMA','https://prefeitura.pbh.gov.br/meio-ambiente/contato','34042820000168','092017'),(57,55,'','','',''),(58,56,'','','',''),(59,57,'','','',''),(60,58,'','','',''),(61,1,'','','',''),(62,59,'','','',''),(63,60,'','','',''),(64,61,'','','','');
/*!40000 ALTER TABLE `clientelogin` ENABLE KEYS */;
UNLOCK TABLES;

--
-- Table structure for table `condicionante`
--

DROP TABLE IF EXISTS `condicionante`;
/*!40101 SET @saved_cs_client     = @@character_set_client */;
/*!40101 SET character_set_client = utf8 */;
CREATE TABLE `condicionante` (
  `id` int(10) unsigned NOT NULL AUTO_INCREMENT,
  `licencaId` int(10) unsigned NOT NULL,
  `nome` varchar(80) DEFAULT NULL,
  `descricao` text NOT NULL,
  `validade` varchar(10) DEFAULT NULL,
  `alerta` int(3) NOT NULL,
  `order` int(10) unsigned NOT NULL DEFAULT '0',
  PRIMARY KEY (`id`),
  KEY `licencaId` (`licencaId`),
  CONSTRAINT `clicencaId` FOREIGN KEY (`licencaId`) REFERENCES `licenca` (`id`) ON DELETE CASCADE ON UPDATE CASCADE
) ENGINE=InnoDB AUTO_INCREMENT=159 DEFAULT CHARSET=latin1;
/*!40101 SET character_set_client = @saved_cs_client */;

--
-- Dumping data for table `condicionante`
--

LOCK TABLES `condicionante` WRITE;
/*!40000 ALTER TABLE `condicionante` DISABLE KEYS */;
INSERT INTO `condicionante` VALUES (1,1,'Principal','Texto .....',NULL,148,0),(2,1,'','',NULL,118,1),(3,1,'','',NULL,1,2),(4,2,'Atualização PGRSI','Atualização da PGRSI',NULL,120,1),(5,2,'Análise','Exemplo de condicionante',NULL,5,0),(6,3,'Atualização PGRSI','Fazer atualização do PGRSI',NULL,51,0),(7,4,'Atualização PGRSI','Atualização PGRSI do cliente.',NULL,30,0),(8,5,'Atualização PGRSI','Atualização do PGRSI.....',NULL,60,0),(9,6,'Atualização PGRS','Execução da atualização PGRS.',NULL,90,0),(10,7,'','',NULL,0,0),(11,8,'Atualização PGRSI','Atualização PGRSI',NULL,15,0),(12,9,'Atualização PGRSI','Deverá ser executada a atualização....',NULL,180,0),(13,1,'Efluentes prazo próximo','',NULL,30,3),(14,1,'','',NULL,0,4),(15,1,'','',NULL,0,5),(16,3,'','',NULL,15,0),(17,3,'','',NULL,0,0),(18,4,'Análise de efluentes','',NULL,7,1),(20,3,'','',NULL,0,0),(21,3,'','',NULL,0,0),(22,3,'','',NULL,0,0),(23,5,'','',NULL,5,1),(24,5,'','',NULL,0,2),(25,5,'','',NULL,0,3),(26,3,'','',NULL,0,0),(27,3,'','',NULL,0,0),(28,3,'','',NULL,0,0),(29,2,'','',NULL,3,2),(30,2,'','',NULL,0,3),(31,2,'','',NULL,0,4),(32,3,'Principal','',NULL,0,0),(33,3,'','',NULL,0,0),(34,10,'Atualização PGRS','Atualização',NULL,50,0),(35,2,'','',NULL,0,5),(36,2,'','',NULL,0,6),(37,2,'','',NULL,0,7),(38,9,'','',NULL,180,0),(39,9,'','',NULL,180,0),(40,10,'Principal','Descrição da condicionante',NULL,5,0),(41,10,'Renovação Alvará Bombeiros','Renovação Alvará Bombeiros Renovação Alvará Bombeiros Renovação Alvará Bombeiros Renovação Alvará Bombeiros',NULL,9,0),(42,9,'','',NULL,180,0),(43,9,'','',NULL,180,0),(44,11,'Principal','',NULL,109,0),(45,12,'','',NULL,7,0),(46,11,'','',NULL,0,0),(47,13,'Atualização PGRSI','',NULL,54,0),(48,13,'Análise de água','',NULL,1,1),(49,13,'TESTE 333','',NULL,365,2),(50,13,'','',NULL,0,3),(51,13,'','',NULL,0,4),(52,14,'Atualização PGRSI','',NULL,15,0),(53,14,'','',NULL,180,0),(54,14,'','',NULL,180,0),(55,14,'','',NULL,180,0),(56,14,'','',NULL,180,0),(57,14,'','',NULL,180,0),(58,14,'','',NULL,180,0),(59,14,'','',NULL,180,0),(60,15,'Publicação de recebimento de L.O','',NULL,2,0),(61,15,'PGRSI','',NULL,30,1),(62,16,'Atualização PGRSI','',NULL,30,0),(66,17,'VISITA ANUAL PARA VERIFICAÇÃO DE NÃO CONFORMIDADES','',NULL,5,0),(67,18,'','',NULL,0,0),(68,19,'Laudos Entrada e Saída dos Efluentes','Deverá protocolar laudos laboratoriais trimestrais do efluente, de entrada e saída, para os parâmetros: pH, DBO, DQO, Fenol, Fósforo Total, Nitrogênio Amoniacal, Nitrogênio Total, Óleos e Graxas, Sólidos Sedimentáveis, Surfactantes, Cor Aparente, Coliformes Termotolerantes e Coliformes Totais.',NULL,30,0),(69,19,'','',NULL,0,1),(72,16,'','',NULL,0,0),(73,20,'','',NULL,0,0),(74,21,'','',NULL,0,0),(75,22,'DMR/MTR/CDF','Teste',NULL,5,0),(76,22,'VISITA ANUAL PARA VERIFICAÇÃO DE NÃO CONFORMIDADES','',NULL,30,2),(77,22,'Treinamento sobre segurança do trabalho','',NULL,20,1),(78,21,'DMR/COMP OLEO','',NULL,30,1),(79,23,'','',NULL,30,0),(80,24,'','',NULL,30,0),(81,25,'','',NULL,30,0),(82,26,'','',NULL,30,0),(83,27,'VISITA ANUAL PARA VERIFICAÇÃO DE NÃO CONFORMIDADES','',NULL,12,0),(84,28,'','',NULL,30,0),(85,29,'','',NULL,30,0),(86,30,'Condicioannte 3.1','Apresentar anualmente relatório técnico consolidado do programa de manutenção de faixa de servidão \r\n',NULL,30,0),(87,31,'RBNI ','Envio de relatório conclusivo ',NULL,30,0),(88,32,'','',NULL,30,0),(89,33,'Condicioannte 5.0','Apresentar anualmente relatório técnico consolidado do programa de manutenção de faixa de servidão \r\n',NULL,5,0),(90,34,'','',NULL,30,0),(91,31,'SV - Lançamento OPGW','Caso a engenharia solicite, entrar com pedido de Supressão Vegetal para atividade de lançamento de cabo OPGW (PMI)\r\n',NULL,30,1),(92,31,'Relatório anual consolidado (áreas reflorestamento e atividades)','Enviar relatório das áreas de reflorestamento e atividades da LT\r\n',NULL,30,2),(93,31,'PEA / PCS','Contratação de consultoria para executar uma campanha de PEA e PCS\r\n',NULL,30,3),(94,30,'Elaborar relatórios distindos dos programas ambientais ','Elaboração dos relatórios\r\n',NULL,30,1),(95,30,'Campanha de Educação Ambiental ','Elaborar campanha / material e executar (equipe própria).\r\n',NULL,30,2),(96,33,'Atenddimento ao Of. 161582 - SEMA','Reunião \r\n',NULL,30,1),(97,33,'Atenddimento ao Of. 161582 - SEMA - Elaborar relatórios distindos dos programas ','Relatórios e Of. Resposta\r\n',NULL,10,2),(98,33,'Fauna - Andorinhas SE Jauru','Combater a infestação das andorinhas na SE Jauru\r\n',NULL,30,3),(99,33,'Renovação da Outorga - SE Jauru','Contratar consultoria para renovação da Outorga\r\n',NULL,30,4),(100,33,'Renovação da Outorga - SE Cuiabá','Contratar consultoria para renovação da Outorga\r\n',NULL,30,5),(101,33,'Campanha de Educação Ambiental ','Elaborar campanha / material e executar (equipe propria)\r\n',NULL,20,6),(102,33,'','',NULL,30,7),(103,27,'TAXAS IBAMA','',NULL,15,1),(106,35,'','',NULL,0,0),(107,36,'VISITA ANUAL PARA VERIFICAÇÃO DE NÃO CONFORMIDADES','',NULL,30,0),(108,15,'Análise de água','',NULL,5,2),(109,15,'Limpeza da caixa de gordura','',NULL,1,3),(110,37,'VISITA ANUAL PARA VERIFICAÇÃO DE NÃO CONFORMIDADES','A visita é realizada para verificar as não conformidades.',NULL,20,0),(112,39,'Cronograma Projeto de Instalação','Apresentar a AMMA, o Cronograma do Projeto de Instalação do Sistema de Tratamento do esgotamento sanitário, no prazo de 15\r\n(quinze) dias.',NULL,30,0),(113,40,'Adequação dos locais de armazenamento de resíduos sólidos','12. O empreendimento deverá realizar adequação dos locais de armazenamento de resíduos sólidos no prazo estipulado pelo cronograma enviado (12 meses). Os efluentes gerados deverão ser coletados, tratados para posterior destinação final.',NULL,20,0),(114,40,'Adequação do local de armazenamento de óleo','13. O empreendimento deverá realizar adequação do local de armazenamento de óleo, o mesmo deverá ser coberto, com bacia de contenção e piso impermeável. As adequações deverão ser realizadas no prazo estipulado pelo cronograma enviado (12 meses).',NULL,45,1),(116,42,'','',NULL,30,0),(119,43,'Relatórios Anuais a Serem Apresentados ','Comprovantes (notas fiscais e manifesto de transporte) de toda argila adquirida, com cópia da Licença Ambiental o Fornecedor. ',NULL,30,0),(120,43,'Relatórios Anuais a Serem Apresentados ','Notas Fiscais de Saída (venda) dos produtos emitidas no período a que se destina o relatório.',NULL,22,1),(121,43,'Relatórios Anuais a Serem Apresentados','Comprovantes (notas fiscais e manifesto de transporte) da aquisição de lenha para os fornos com cópia da Licença Ambiental do Fornecedor. ',NULL,30,2),(122,43,'Relatórios Anuais a Serem Apresentados ','Deverá ser apresentado bianualmente: Relatório anual de manutenção ou limpeza do sistema de tratamento dos efluentes sanitários efetuado por empresa detentora de Licença Ambiental para tal fim, acompanhado de relatório fotográfico detalhado.',NULL,30,3),(123,43,'Condições Específicas ','A presença de maquinário localizado em chão não impermeabilizado pode proporcionar a contaminação de solo causada pelo óleo utilizado na máquina no setor de produção de tijolos. Em razão disso se faz necessária a impermeabilização ao redor da máquina. Deverá ser apresentado ao IMA em um prazo de 60 dias um relatório fotográfico com a impermeabilização do chão no local indicado, ou a remoção deste equipamento e a realocação para local apropriado. \r\nTodos os Laudos e relatórios ou pareceres técnicos deverão ser acompanhados de ART de profissional devidamente habilitado para tal função. ',NULL,30,4),(124,15,'Análise de ETE','',NULL,15,4),(126,44,'','',NULL,30,0),(127,40,'Treinamento NR6','',NULL,5,2),(128,33,'Cobrança do consumo de água','Executar a emissão do boleto de cobrança do consumo de água',NULL,3,8),(129,33,'Monitoramento do nível estático','',NULL,10,9),(130,45,'','',NULL,30,0),(133,47,'Planilha de automonitoramento de resíduos sólidos','Apresentar planilha de automonitoramento de resíduos sólidos, conforme anexo II, incluindo contrato e licença ambiental das empresas receptoras dos resíduos. (Ver Nota 1).',NULL,40,0),(134,47,'Concluir e manter, conforme as normas vigentes, uma rede de poços de monitoramen','Concluir e manter, conforme as normas vigentes, uma rede de poços de monitoramento, localizados na área interna do empreendimento e na área do entorno, preferencialmente a montante (qualidade natural) e a jusante (qualidade alterada).',NULL,45,1),(135,47,'Monitoramento da qualidade da água subterrânea','Executar plano monitoramento da qualidade da água subterrânea, com amostragens nossemestrais (período seco e período chuvoso do ano) durante a vigência do licenciamento.Apresentar relatório à SMMA.',NULL,45,2),(136,47,'Implantar cronograma de execução e monitoramento','Implantar para a quadra rosas 1 proposta de medidas não estruturais, com cronograma de execução e monitoramento, para mitigar o extravasamento de eventuais líquidos do sepultamento e consequente contato com o aquífero.',NULL,45,3),(137,47,'Apresentar cronograma de execução e monitoramento','Apresentar para a quadras Rosas 1 proposta de medidas estruturais e/ou não estruturais, com cronograma de execução e monitoramento, para impedir o extravasamento de eventuais líquidos do sepultamento e consequente contato com o aquífero.',NULL,30,4),(138,47,'Implantar proposta do cronograma após aprovação da SMMA ','Implantar a proposta da condicionante 5 após aprovação da SMMA ',NULL,365,5),(139,47,'Apresentar estudo visando identificar a existência da interferência dos jazigos.','Apresentar estudo visando identificar a existência da interferência dos jazigos com a água subterrânea nas quadras Rosas 2, 3, 4, 7 e 8 e nas quadras Ipês 5 e 6, e caso seja constatada, apresentar também projeto que impeça essa interferência, com cronograma de implantação.\r\n',NULL,365,6),(140,47,'Executar ações de controle no PCA','Executar as ações de controle previstas no Plano de Controle Ambiental.',NULL,20,7),(141,47,'Relatório de cumprimento da condicionante nº 8','Apresentar relatório de cumprimento da condicionante nº 8',NULL,180,8),(142,47,'Desenvolver Ações de Comunicação Social junto à população ','Desenvolver Ações de Comunicação Social junto à população residente na Bacia do Córrego Embaúbas.',NULL,45,9),(143,47,'Relatório de cumprimento da condicionante nº 10 ','Apresentar relatório de cumprimento da condicionante nº 10 ',NULL,90,10),(144,47,'Apresentar parecer da BHTRANS ','Apresentar parecer da BHTRANS comprovando o atendimento das condicionantes que constam do parecer GEDIV 003/07, de 2/1/2007.',NULL,45,11),(145,47,'Apresentar parecer SUDECAP','Apresentar parecer SUDECAP sobre a conformidade de implantação de projeto conforme consta do parecer 102/07, de 23/10/2007.',NULL,45,12),(146,47,'Medida Compensatória - Executar obras para recuperação de 3 (três) nascentes urb','Executar obras para recuperação de 3 (três) nascentes urbanas em Belo Horizonte, na sub bacia do ribeirão Arrudas, a serem definidas pela SMMA em conjunto com o Subcomitê da Sub bacia do Ribeirão Arrudas.',NULL,180,13),(147,48,'Condicionante 1 ','Comprovar a instalação do sistema de medição e horímetro nas captações de águas subterrâneas por meio de poços tubulares e dos dispositivos que\r\npermitam a coleta de água para monitoramento de qualidade e medições de nível estático e dinâmico, conforme estabelecido pela Portaria Igam\r\n48/2019',NULL,7,0),(148,48,'Apresentar RT','O sistema de medição adotado na intervenção outorgada deverá ser\r\ntecnicamente aplicável ao meio de captação e monitoramento e possuir Anotação de Responsabilidade Técnica – ART expedida pelo Conselho\r\nRegional de Engenharia e Agronomia – CREA',NULL,25,1),(149,48,'','',NULL,7,2),(150,48,'','',NULL,31,3),(151,49,'Apresentar os CTF/APP válidos','No prazo de até 60 (sessenta) dias deverá ser apresentado o(s) Certificado(s) de Regularidade do Cadastro Técnico Federal -\r\nCTF/APP válido(s) (www.ibama.gov.br), de todos os empreendedores deste empreendimento, com correlação na(s) Ficha(s)\r\nTécnica(s) de Enquadramento:',NULL,30,0),(152,49,'2.1 Efluentes Líquídos','Realizar a manutenção e limpeza adequada da(s) caixa(s) separadora(s) de água e óleo, com a frequência mínima que garanta o\r\nperfeito funcionamento do equipamento;',NULL,15,1),(153,49,'2.2 - Efluentes Liquidos','Realizar semestralmente a coleta de amostras da(s) caixa(s) separadora(s) que servem como tratamento de efluentes líquidos da\r\natividade, com distanciamento mínimo de 3 (três) meses entre as datas das coletas de amostras, para realizar a análise dos\r\nparâmetros físico-químicos determinados na Portaria n° 22/2019-FEPAM, publicada no D.O.E. de 08/04/2019, e suas atualizações;\r\n',NULL,58,2),(154,49,'Apresentar 02 Laudos de análise de cada caixa separadora','Deverão ser apresentados, no mês de julho de cada ano, 02 (dois) laudos de análise de cada caixa separadora da atividade,\r\nconforme definido nos itens anteriores, contendo o resultado de análise, assinatura do responsável técnico, registro do Conselho\r\nde Classe e data de análise, acompanhado dos respectivos laudos de coleta;\r\n',NULL,45,3),(155,49,'Emissões atmosféricas','Realizar anualmente a manutenção adequada dos dispositivos de controle dos vapores (válvulas de pressão e vácuo) nos suspiros\r\ndos tanques de combustíveis, conforme as recomendações do fabricante, de forma a evitar acidentes, e de acordo com a Portaria\r\nn° 22/2019-FEPAM, publicada no D.O.E. de 08/04/2019, e suas atualizações;',NULL,0,4),(157,47,'Teste de Estanquiedade','Apresentar teste. ',NULL,40,14),(158,50,'','',NULL,30,0);
/*!40000 ALTER TABLE `condicionante` ENABLE KEYS */;
UNLOCK TABLES;

--
-- Table structure for table `condicionanteentrega`
--

DROP TABLE IF EXISTS `condicionanteentrega`;
/*!40101 SET @saved_cs_client     = @@character_set_client */;
/*!40101 SET character_set_client = utf8 */;
CREATE TABLE `condicionanteentrega` (
  `id` int(10) unsigned NOT NULL AUTO_INCREMENT,
  `condicionanteId` int(10) unsigned DEFAULT NULL,
  `validade` varchar(10) DEFAULT NULL,
  `comprovanteEntregaNome` varchar(255) DEFAULT NULL,
  `comprovanteEntregaPath` varchar(255) DEFAULT NULL,
  `ehCumprida` int(1) unsigned NOT NULL DEFAULT '0',
  `observacoes` text,
  `dataFinalizacao` varchar(10) DEFAULT NULL,
  `arquivoId` int(10) DEFAULT NULL,
  PRIMARY KEY (`id`),
  KEY `condicionantefk_idx` (`condicionanteId`),
  KEY `condicionanteentrega_FK` (`arquivoId`),
  CONSTRAINT `condicionanteentrega_FK` FOREIGN KEY (`arquivoId`) REFERENCES `arquivo` (`id`) ON DELETE SET NULL ON UPDATE SET NULL,
  CONSTRAINT `condicionantefk` FOREIGN KEY (`condicionanteId`) REFERENCES `condicionante` (`id`) ON DELETE CASCADE ON UPDATE CASCADE
) ENGINE=InnoDB AUTO_INCREMENT=492 DEFAULT CHARSET=latin1;
/*!40101 SET character_set_client = @saved_cs_client */;

--
-- Dumping data for table `condicionanteentrega`
--

LOCK TABLES `condicionanteentrega` WRITE;
/*!40000 ALTER TABLE `condicionanteentrega` DISABLE KEYS */;
INSERT INTO `condicionanteentrega` VALUES (4,1,'04/03/2021',NULL,NULL,1,'',NULL,NULL),(5,2,'31/12/2019',NULL,NULL,1,'','27/10/2021',NULL),(6,3,'',NULL,NULL,0,'',NULL,NULL),(7,4,'10/02/2020','desktop.ini','uploads/possamai/licencas/2/condicionantes/4/entregas/7/desktop.ini',1,'',NULL,NULL),(8,4,'18/02/2020','desktop.ini','uploads/possamai/licencas/2/condicionantes/4/entregas/8/desktop.ini',1,'',NULL,NULL),(9,4,'02/04/2022',NULL,NULL,1,'','09/12/2020',NULL),(10,4,'03/04/2023',NULL,NULL,0,'',NULL,NULL),(11,5,'01/01/2020',NULL,NULL,1,'',NULL,NULL),(12,5,'01/02/2020',NULL,NULL,1,'','09/12/2020',NULL),(13,5,'03/03/2020',NULL,NULL,1,'','09/12/2020',NULL),(14,5,'03/04/2020',NULL,NULL,1,'','09/12/2020',NULL),(15,5,'04/05/2020',NULL,NULL,1,'','12/01/2021',NULL),(16,5,'29/01/2021','testezinho-6014761b3fa14.png','uploads/possamai/licencas/2/condicionantes/5/entregas/testezinho-6014761b3fa14.png',1,'','29/01/2021',NULL),(17,6,'03/12/2019','desktop.ini','uploads/possamai/licencas/3/condicionantes/6/entregas/17/desktop.ini',1,NULL,NULL,NULL),(18,7,'01/05/2020',NULL,NULL,1,'',NULL,NULL),(19,8,'15/01/2020','desktop.ini','uploads/possamai/licencas/5/condicionantes/8/entregas/19/desktop.ini',1,'',NULL,NULL),(21,10,'',NULL,NULL,0,NULL,NULL,NULL),(22,11,'17/06/2020',NULL,NULL,0,'',NULL,NULL),(23,12,'20/02/2020','desktop.ini','uploads/possamai/licencas/9/condicionantes/12/entregas/23/desktop.ini',1,'',NULL,NULL),(24,1,'10/06/2020',NULL,NULL,1,'','19/10/2021',NULL),(25,1,'06/03/2023',NULL,NULL,0,'',NULL,NULL),(26,1,'04/09/2023',NULL,NULL,0,'',NULL,NULL),(27,13,'26/03/2021',NULL,NULL,1,'','19/10/2021',NULL),(28,14,'',NULL,NULL,0,'',NULL,NULL),(29,15,'',NULL,NULL,0,'',NULL,NULL),(30,1,'05/10/2023',NULL,NULL,0,'',NULL,NULL),(31,1,'01/12/2023',NULL,NULL,0,'',NULL,NULL),(32,6,'13/01/2020','desktop.ini','uploads/possamai/licencas/3/condicionantes/6/entregas/32/desktop.ini',1,NULL,NULL,NULL),(33,6,'23/01/2020','desktop.ini','uploads/possamai/licencas/3/condicionantes/6/entregas/33/desktop.ini',1,NULL,NULL,NULL),(34,6,'01/01/2023',NULL,NULL,0,NULL,NULL,NULL),(35,6,'02/01/2024',NULL,NULL,0,NULL,NULL,NULL),(36,16,'11/12/2019',NULL,NULL,0,NULL,NULL,NULL),(37,17,'',NULL,NULL,0,NULL,NULL,NULL),(38,1,'30/12/2019',NULL,NULL,1,'','19/10/2021',NULL),(39,7,'01/08/2020',NULL,NULL,1,'',NULL,NULL),(40,7,'01/11/2020',NULL,NULL,1,'','23/07/2021',NULL),(41,18,'01/11/2021',NULL,NULL,1,'Relatório realiazado','10/11/2021',NULL),(43,6,'01/01/2025',NULL,NULL,0,NULL,NULL,NULL),(44,20,'',NULL,NULL,0,NULL,NULL,NULL),(45,21,'',NULL,NULL,0,NULL,NULL,NULL),(46,22,'',NULL,NULL,0,NULL,NULL,NULL),(47,8,'15/07/2020',NULL,NULL,1,'','21/01/2021',NULL),(48,8,'16/10/2020',NULL,NULL,1,'','21/01/2021',NULL),(49,8,'16/01/2021',NULL,NULL,1,'','19/01/2022',NULL),(50,8,'18/04/2021',NULL,NULL,1,'','16/02/2022',NULL),(51,8,'19/07/2021',NULL,NULL,0,'',NULL,NULL),(52,8,'19/10/2021',NULL,NULL,0,'',NULL,NULL),(53,8,'19/01/2022',NULL,NULL,0,'',NULL,NULL),(54,23,'',NULL,NULL,0,'',NULL,NULL),(55,24,'',NULL,NULL,0,'',NULL,NULL),(56,25,'',NULL,NULL,0,'',NULL,NULL),(57,6,'02/01/2026',NULL,NULL,0,NULL,NULL,NULL),(58,6,'01/01/2027',NULL,NULL,0,NULL,NULL,NULL),(59,26,'',NULL,NULL,0,NULL,NULL,NULL),(60,27,'',NULL,NULL,0,NULL,NULL,NULL),(61,28,'',NULL,NULL,0,NULL,NULL,NULL),(62,4,'03/04/2024',NULL,NULL,0,'',NULL,NULL),(63,4,'01/10/2024',NULL,NULL,0,'',NULL,NULL),(64,29,'18/02/2020',NULL,NULL,1,'',NULL,NULL),(65,30,'',NULL,NULL,0,'',NULL,NULL),(66,31,'',NULL,NULL,0,'',NULL,NULL),(67,32,'',NULL,NULL,0,NULL,NULL,NULL),(68,33,'',NULL,NULL,0,NULL,NULL,NULL),(69,34,'01/03/2020',NULL,NULL,0,NULL,NULL,NULL),(70,34,'02/03/2021',NULL,NULL,0,NULL,NULL,NULL),(71,34,'03/03/2022',NULL,NULL,0,NULL,NULL,NULL),(72,34,'04/03/2023',NULL,NULL,0,NULL,NULL,NULL),(73,4,'02/10/2025',NULL,NULL,0,'',NULL,NULL),(74,4,'03/10/2026',NULL,NULL,0,'',NULL,NULL),(75,29,'20/05/2020',NULL,NULL,0,'',NULL,NULL),(76,29,'20/08/2020',NULL,NULL,0,'',NULL,NULL),(77,35,'',NULL,NULL,0,'',NULL,NULL),(78,36,'',NULL,NULL,0,'',NULL,NULL),(79,37,'',NULL,NULL,0,'',NULL,NULL),(80,12,'01/03/2021',NULL,NULL,0,'',NULL,NULL),(81,12,'04/03/2022',NULL,NULL,0,'',NULL,NULL),(82,38,'01/01/2021',NULL,NULL,0,'',NULL,NULL),(83,38,'02/01/2022',NULL,NULL,0,'',NULL,NULL),(84,38,'03/01/2023',NULL,NULL,0,'',NULL,NULL),(85,39,'',NULL,NULL,0,'',NULL,NULL),(86,34,'01/03/2024',NULL,NULL,0,NULL,NULL,NULL),(87,40,'01/01/2021',NULL,NULL,0,NULL,NULL,NULL),(88,40,'01/02/2021',NULL,NULL,0,NULL,NULL,NULL),(89,40,'04/03/2021',NULL,NULL,0,NULL,NULL,NULL),(90,40,'04/04/2021',NULL,NULL,0,NULL,NULL,NULL),(91,41,'10/10/2020',NULL,NULL,0,NULL,NULL,NULL),(92,41,'11/10/2021',NULL,NULL,0,NULL,NULL,NULL),(93,41,'12/10/2022',NULL,NULL,0,NULL,NULL,NULL),(94,41,'13/10/2023',NULL,NULL,0,NULL,NULL,NULL),(95,41,'13/10/2024',NULL,NULL,0,NULL,NULL,NULL),(96,12,'05/03/2023',NULL,NULL,0,'',NULL,NULL),(97,12,'01/04/2023',NULL,NULL,0,'',NULL,NULL),(98,38,'04/01/2024',NULL,NULL,0,'',NULL,NULL),(99,42,'',NULL,NULL,0,'',NULL,NULL),(100,43,'',NULL,NULL,0,'',NULL,NULL),(101,44,'25/04/2020',NULL,NULL,0,'',NULL,NULL),(102,45,'06/06/2020',NULL,NULL,1,'','09/12/2020',NULL),(103,46,'',NULL,NULL,0,'',NULL,NULL),(104,47,'20/08/2020',NULL,NULL,1,'',NULL,NULL),(105,47,'20/09/2022',NULL,NULL,1,'',NULL,NULL),(106,47,'03/04/2023',NULL,NULL,0,'',NULL,NULL),(107,47,'04/04/2024',NULL,NULL,0,'',NULL,NULL),(108,48,'01/06/2020',NULL,NULL,1,'',NULL,NULL),(110,48,'02/12/2020',NULL,NULL,1,'','14/12/2021',NULL),(114,48,'05/12/2021',NULL,NULL,1,'','14/12/2021',NULL),(115,48,'07/03/2022',NULL,NULL,0,'',NULL,NULL),(116,49,'',NULL,NULL,0,'',NULL,NULL),(117,11,'18/08/2021',NULL,NULL,0,'',NULL,NULL),(118,45,'07/06/2021',NULL,NULL,1,'','09/12/2020',NULL),(119,45,'08/06/2022',NULL,NULL,1,'','09/12/2020',NULL),(122,50,'',NULL,NULL,0,'',NULL,NULL),(123,51,'',NULL,NULL,0,'',NULL,NULL),(127,52,'01/07/2023',NULL,NULL,0,'',NULL,NULL),(129,54,'',NULL,NULL,0,'',NULL,NULL),(130,52,'01/07/2024',NULL,NULL,0,'',NULL,NULL),(131,55,'',NULL,NULL,0,'',NULL,NULL),(132,56,'',NULL,NULL,0,'',NULL,NULL),(133,57,'',NULL,NULL,0,'',NULL,NULL),(134,58,'',NULL,NULL,0,'',NULL,NULL),(135,59,'',NULL,NULL,0,'',NULL,NULL),(136,60,'15/07/2020','Cond. publicação 7.0.pdf','uploads/possamai/licencas/15/condicionantes/60/entregas//Cond. publicação 7.0.pdf',1,'',NULL,NULL),(141,61,'29/04/2021',NULL,NULL,1,'',NULL,NULL),(142,61,'26/05/2021','Exemplo para condicionante-60ae4e1708c73.pdf','uploads/possamai/licencas/15/condicionantes/61/entregas/Exemplo para condicionante-60ae4e1708c73.pdf',1,'','27/05/2021',NULL),(143,61,'01/05/2023',NULL,NULL,0,'',NULL,NULL),(144,61,'01/05/2024',NULL,NULL,0,'',NULL,NULL),(145,62,'10/08/2020',NULL,NULL,1,'Estudo realizado ...',NULL,NULL),(154,62,'12/01/2021',NULL,NULL,1,'','27/10/2020',NULL),(155,7,'02/11/2021',NULL,NULL,1,'Estudo realizado ...','09/11/2021',NULL),(157,66,'01/04/2021',NULL,NULL,0,'',NULL,NULL),(158,67,'',NULL,NULL,0,'',NULL,NULL),(161,9,'',NULL,NULL,0,'',NULL,NULL),(162,53,'',NULL,NULL,0,'',NULL,NULL),(171,68,'20/07/2020',NULL,NULL,1,'',NULL,NULL),(173,68,'20/07/2020',NULL,NULL,1,'',NULL,NULL),(174,68,'30/09/2020',NULL,NULL,1,'','21/01/2021',NULL),(175,69,'',NULL,NULL,0,'',NULL,NULL),(176,68,'21/01/2021','Protocolo de Cumprimento da Cond 08_laudo Outubro_LO 471022-6009c21fc4c0e.pdf','uploads/possamai/licencas/19/condicionantes/68/entregas/Protocolo de Cumprimento da Cond 08_laudo Outubro_LO 471022-6009c21fc4c0e.pdf',1,'','21/01/2021',NULL),(177,62,'13/01/2022',NULL,NULL,1,'','09/12/2020',NULL),(178,62,'14/01/2023',NULL,NULL,1,'','09/12/2020',NULL),(188,62,'15/01/2024',NULL,NULL,1,'','09/12/2020',NULL),(189,72,'',NULL,NULL,0,'',NULL,NULL),(190,73,'',NULL,NULL,0,'',NULL,NULL),(191,74,'',NULL,NULL,0,'',NULL,NULL),(192,75,'17/12/2020',NULL,NULL,1,'','21/01/2021',NULL),(193,75,'17/01/2021',NULL,NULL,1,'Estudo realizado ...','21/01/2021',NULL),(194,75,'18/01/2022',NULL,NULL,1,'','11/02/2022',NULL),(195,68,'21/01/2021','comprovante-6009bcdcae565.png','uploads/possamai/licencas/19/condicionantes/68/entregas/comprovante-6009bcdcae565.png',1,'','21/01/2021',NULL),(196,5,'05/07/2020',NULL,NULL,0,'',NULL,NULL),(197,76,'10/02/2021',NULL,NULL,1,'Relatório realiazado',NULL,NULL),(198,76,'10/02/2022',NULL,NULL,1,'','11/02/2022',NULL),(199,76,'10/02/2023',NULL,NULL,0,'',NULL,NULL),(200,77,'10/02/2021',NULL,NULL,1,'Treinamento realizado in loco',NULL,NULL),(201,77,'10/02/2022',NULL,NULL,1,'','11/02/2022',NULL),(202,77,'10/02/2023',NULL,NULL,0,'',NULL,NULL),(203,77,'10/02/2024',NULL,NULL,0,'',NULL,NULL),(204,78,'27/02/2021',NULL,NULL,1,'','19/05/2021',NULL),(205,78,'30/03/2021',NULL,NULL,1,'','19/05/2021',NULL),(206,78,'30/04/2021',NULL,NULL,1,'','19/05/2021',NULL),(207,78,'31/05/2021',NULL,NULL,1,'Relatório realiazado','01/06/2021',NULL),(208,78,'01/07/2021',NULL,NULL,0,'',NULL,NULL),(209,78,'01/08/2021',NULL,NULL,0,'',NULL,NULL),(210,78,'01/09/2021',NULL,NULL,0,'',NULL,NULL),(211,79,'28/02/2021','modulos-603e42bd7b92a.png','uploads/possamai/licencas/23/condicionantes/79/entregas/modulos-603e42bd7b92a.png',1,'','02/03/2021',NULL),(212,79,'27/05/2021','modulos-603f9fa38bb89.png','uploads/possamai/licencas/23/condicionantes/79/entregas/modulos-603f9fa38bb89.png',1,'','03/03/2021',NULL),(213,66,'02/04/2022',NULL,NULL,0,'',NULL,NULL),(214,66,'03/04/2023',NULL,NULL,0,'',NULL,NULL),(215,66,'03/04/2024',NULL,NULL,0,'',NULL,NULL),(216,80,'',NULL,NULL,0,'',NULL,NULL),(217,81,'',NULL,NULL,0,'',NULL,NULL),(218,82,'',NULL,NULL,0,'',NULL,NULL),(219,83,'01/05/2019',NULL,NULL,1,'','09/03/2021',NULL),(220,84,'',NULL,NULL,0,'',NULL,NULL),(221,85,'',NULL,NULL,0,'',NULL,NULL),(222,86,'25/01/2018',NULL,NULL,1,'','17/03/2021',NULL),(223,87,'13/01/2021',NULL,NULL,1,'','17/03/2021',NULL),(224,88,'',NULL,NULL,0,'',NULL,NULL),(225,89,'25/01/2021',NULL,NULL,1,'','09/03/2021',NULL),(226,90,'',NULL,NULL,0,'',NULL,NULL),(227,91,'08/03/2021',NULL,NULL,1,'Solicitado a engenharia informar sobre a real ncessidade. Aguardando resposta','14/07/2021',NULL),(228,91,'08/04/2021',NULL,NULL,1,'','14/07/2021',NULL),(229,92,'13/01/2018',NULL,NULL,1,'','17/03/2021',NULL),(230,92,'14/01/2019',NULL,NULL,1,'','17/03/2021',NULL),(231,92,'15/01/2020',NULL,NULL,1,'','17/03/2021',NULL),(232,92,'15/01/2021',NULL,NULL,1,'',NULL,NULL),(233,93,'31/03/2021',NULL,NULL,1,'Analise das propostas','14/07/2021',NULL),(234,86,'25/01/2019',NULL,NULL,1,'','17/03/2021',NULL),(235,86,'25/01/2020',NULL,NULL,1,'','17/03/2021',NULL),(236,86,'31/03/2021',NULL,NULL,1,'Concluído','14/07/2021',NULL),(237,94,'18/08/2021',NULL,NULL,1,'Em andamento ','06/09/2021',NULL),(238,95,'30/07/2021',NULL,NULL,1,'Agendado','01/10/2021',NULL),(239,89,'25/01/2022',NULL,NULL,1,'Estudo realizado ...','22/11/2021',NULL),(240,89,'25/01/2023',NULL,NULL,0,'',NULL,NULL),(241,96,'17/02/2022',NULL,NULL,1,'','22/02/2022',NULL),(242,97,'18/04/2021',NULL,NULL,1,'Em andamento','11/05/2021',NULL),(243,98,'30/06/2021',NULL,NULL,1,'Término da campanha - Avaliar outras metodologias de combate','06/07/2021',NULL),(244,99,'24/03/2021',NULL,NULL,1,'Agendado','19/04/2021',NULL),(245,100,'25/07/2021',NULL,NULL,1,'Agendado','27/08/2021',NULL),(246,101,'30/06/2021',NULL,NULL,1,'Agendado','08/06/2021',NULL),(247,102,'',NULL,NULL,0,'',NULL,NULL),(248,83,'01/05/2020',NULL,NULL,1,'',NULL,NULL),(249,83,'02/05/2021',NULL,NULL,1,'Estudo realizado ...','19/04/2021',NULL),(250,83,'03/05/2022',NULL,NULL,0,'',NULL,NULL),(251,103,'10/01/2021',NULL,NULL,1,'','29/03/2021',NULL),(252,103,'10/02/2021',NULL,NULL,1,'','29/03/2021',NULL),(253,103,'10/03/2021',NULL,NULL,1,'','29/03/2021',NULL),(254,103,'10/04/2021',NULL,NULL,1,'','29/03/2021',NULL),(255,103,'10/05/2021',NULL,NULL,1,'','19/05/2021',NULL),(256,103,'10/06/2021',NULL,NULL,1,'Relatório realizado','09/06/2021',NULL),(257,103,'10/07/2021',NULL,NULL,1,'','14/07/2021',NULL),(258,103,'10/08/2021',NULL,NULL,1,'','16/08/2021',NULL),(259,103,'10/09/2021',NULL,NULL,1,'Relatório realizado','29/09/2021',NULL),(260,103,'10/10/2021',NULL,NULL,1,'Solicitado a engenharia informar sobre a real necessidade. Aguardando resposta','18/10/2021',NULL),(261,103,'10/11/2021',NULL,NULL,1,'','30/11/2021',NULL),(262,103,'10/12/2021',NULL,NULL,1,'Emitir relatório anual','17/12/2021',NULL),(265,106,'',NULL,NULL,0,'',NULL,NULL),(266,107,'11/03/2021',NULL,NULL,1,'',NULL,NULL),(268,87,'15/03/2021',NULL,NULL,1,'',NULL,NULL),(269,87,'15/04/2021',NULL,NULL,1,'','09/04/2021',NULL),(270,99,'24/04/2021',NULL,NULL,1,'Agendado','19/04/2021',NULL),(271,87,'16/05/2021',NULL,NULL,1,'Estudo realizado ...','08/06/2021',NULL),(272,108,'10/06/2021',NULL,NULL,1,'Treinamento realizado in loco',NULL,NULL),(273,108,'11/07/2021',NULL,NULL,1,'','14/07/2021',NULL),(274,108,'11/08/2021',NULL,NULL,1,'Agendado','18/08/2021',NULL),(275,108,'11/09/2021',NULL,NULL,1,'','08/09/2021',NULL),(276,101,'01/07/2022',NULL,NULL,0,'',NULL,NULL),(277,101,'02/07/2023',NULL,NULL,0,'',NULL,NULL),(278,109,'10/07/2021',NULL,NULL,1,'Avisado o empreendedor por email',NULL,NULL),(279,109,'10/01/2022',NULL,NULL,1,'','10/01/2022',NULL),(280,109,'10/07/2022',NULL,NULL,0,'',NULL,NULL),(281,109,'10/01/2023',NULL,NULL,0,'',NULL,NULL),(282,91,'09/05/2021',NULL,NULL,1,'',NULL,NULL),(283,91,'09/06/2021',NULL,NULL,1,'',NULL,NULL),(284,91,'10/07/2021',NULL,NULL,1,'','23/07/2021',NULL),(285,91,'10/08/2021',NULL,NULL,1,'','27/08/2021',NULL),(286,91,'10/09/2021',NULL,NULL,1,'','29/09/2021',NULL),(287,93,'31/06/2021',NULL,NULL,1,'','27/08/2021',NULL),(288,86,'01/04/2022',NULL,NULL,0,'',NULL,NULL),(289,86,'02/04/2023',NULL,NULL,0,'',NULL,NULL),(290,110,'10/07/2021',NULL,NULL,1,'',NULL,NULL),(291,110,'10/07/2022',NULL,NULL,0,'',NULL,NULL),(292,110,'10/07/2023',NULL,NULL,0,'',NULL,NULL),(293,110,'10/08/2024',NULL,NULL,0,'',NULL,NULL),(295,108,'12/10/2021',NULL,NULL,1,'','27/10/2021',NULL),(296,108,'12/11/2021',NULL,NULL,1,'','07/12/2021',NULL),(297,112,'22/12/2021',NULL,NULL,1,'','22/12/2021',NULL),(299,114,'31/05/2022',NULL,NULL,0,'',NULL,NULL),(300,91,'11/10/2021',NULL,NULL,1,'','27/10/2021',NULL),(301,93,'02/07/2022',NULL,NULL,0,'',NULL,NULL),(303,116,'',NULL,NULL,0,'',NULL,NULL),(310,94,'18/09/2021',NULL,NULL,1,'Relatório realiazado','30/09/2021',NULL),(311,94,'19/10/2021',NULL,NULL,1,'','27/10/2021',NULL),(312,94,'19/11/2021',NULL,NULL,1,'','02/12/2021',NULL),(313,108,'16/12/2021',NULL,NULL,1,'','17/12/2021',NULL),(314,108,'13/01/2022',NULL,NULL,1,'','20/01/2022',NULL),(315,108,'13/02/2022',NULL,NULL,1,'','15/02/2022',NULL),(321,113,'31/05/2022',NULL,NULL,0,'',NULL,NULL),(322,119,'10/12/2021',NULL,NULL,1,'','14/12/2021',NULL),(323,120,'10/12/2021',NULL,NULL,1,'','14/12/2021',NULL),(324,121,'10/12/2021',NULL,NULL,1,'','14/12/2021',NULL),(325,122,'22/11/2021',NULL,NULL,1,'','23/11/2021',NULL),(326,122,'23/11/2022',NULL,NULL,0,'',NULL,NULL),(327,123,'22/11/2021',NULL,NULL,1,'','23/11/2021',NULL),(328,91,'11/11/2021',NULL,NULL,1,'','17/12/2021',NULL),(329,91,'12/12/2021',NULL,NULL,1,'','21/12/2021',NULL),(331,95,'31/07/2022',NULL,NULL,0,'',NULL,NULL),(332,95,'01/08/2023',NULL,NULL,0,'',NULL,NULL),(333,95,'01/08/2024',NULL,NULL,0,'',NULL,NULL),(334,124,'01/11/2021',NULL,NULL,1,'Síndico negou no dia 01/10.',NULL,NULL),(335,124,'01/12/2021',NULL,NULL,1,'','07/12/2021',NULL),(336,124,'01/02/2022',NULL,NULL,1,'','03/02/2022',NULL),(337,124,'01/04/2022',NULL,NULL,0,'',NULL,NULL),(339,126,'',NULL,NULL,0,'',NULL,NULL),(340,94,'20/12/2021',NULL,NULL,1,'','21/12/2021',NULL),(341,94,'20/01/2022',NULL,NULL,1,'','20/01/2022',NULL),(342,94,'20/02/2022',NULL,NULL,1,'','22/02/2022',NULL),(343,103,'10/01/2022',NULL,NULL,1,'','10/01/2022',NULL),(344,103,'10/02/2022',NULL,NULL,1,'','02/02/2022',NULL),(345,103,'13/03/2022',NULL,NULL,0,'',NULL,NULL),(346,7,'03/11/2022',NULL,NULL,0,'',NULL,NULL),(347,18,'02/12/2021',NULL,NULL,1,'','07/12/2021',NULL),(348,18,'02/01/2022',NULL,NULL,1,'','20/01/2022',NULL),(349,7,'04/12/2022',NULL,NULL,0,'',NULL,NULL),(350,7,'04/01/2023',NULL,NULL,0,'',NULL,NULL),(351,127,'01/11/2021',NULL,NULL,1,'Treinamento realizado in loco',NULL,NULL),(352,127,'02/05/2022',NULL,NULL,0,'',NULL,NULL),(353,127,'31/10/2022',NULL,NULL,0,'',NULL,NULL),(354,127,'01/05/2023',NULL,NULL,0,'',NULL,NULL),(355,128,'01/12/2021',NULL,NULL,1,'Boleto emitido e enviado ao cliente',NULL,NULL),(356,128,'01/06/2022',NULL,NULL,0,'',NULL,NULL),(357,128,'30/11/2022',NULL,NULL,0,'',NULL,NULL),(358,128,'31/05/2023',NULL,NULL,0,'',NULL,NULL),(359,129,'01/12/2021',NULL,NULL,1,'',NULL,NULL),(360,129,'01/06/2022',NULL,NULL,0,'',NULL,NULL),(361,129,'30/11/2022',NULL,NULL,0,'',NULL,NULL),(362,129,'31/05/2023',NULL,NULL,0,'',NULL,NULL),(363,129,'29/11/2023',NULL,NULL,0,'',NULL,NULL),(364,129,'29/05/2024',NULL,NULL,0,'',NULL,NULL),(365,122,'24/11/2023',NULL,NULL,0,'',NULL,NULL),(366,130,'',NULL,NULL,0,'',NULL,NULL),(396,133,'27/11/2022',NULL,NULL,1,'Certificados ok.','01/02/2022',NULL),(397,134,'25/02/2022',NULL,NULL,1,'Relatório realizado','02/02/2022',NULL),(398,134,'28/05/2022',NULL,NULL,0,'',NULL,NULL),(399,134,'28/08/2022',NULL,NULL,0,'',NULL,NULL),(400,134,'28/11/2022',NULL,NULL,0,'',NULL,NULL),(401,135,'27/05/2022',NULL,NULL,0,'',NULL,NULL),(402,135,'25/11/2022',NULL,NULL,0,'',NULL,NULL),(403,136,'25/02/2022',NULL,NULL,1,'Cronograma executado. ','02/03/2022',NULL),(404,136,'28/05/2022',NULL,NULL,0,'',NULL,NULL),(405,136,'28/08/2022',NULL,NULL,0,'',NULL,NULL),(406,136,'28/11/2022',NULL,NULL,0,'',NULL,NULL),(407,137,'27/05/2022',NULL,NULL,0,'',NULL,NULL),(408,137,'25/11/2022',NULL,NULL,0,'',NULL,NULL),(409,138,'27/11/2023',NULL,NULL,0,'',NULL,NULL),(410,139,'27/11/2023',NULL,NULL,0,'',NULL,NULL),(411,140,'27/01/2022',NULL,NULL,1,'Controle realizado. ','31/01/2022',NULL),(412,140,'29/03/2022',NULL,NULL,0,'',NULL,NULL),(413,140,'29/05/2022',NULL,NULL,0,'',NULL,NULL),(414,140,'29/07/2022',NULL,NULL,0,'',NULL,NULL),(415,140,'28/09/2022',NULL,NULL,0,'',NULL,NULL),(416,140,'28/11/2022',NULL,NULL,0,'',NULL,NULL),(417,141,'27/11/2022',NULL,NULL,0,'',NULL,NULL),(418,142,'25/02/2022',NULL,NULL,1,'Ações iniciais concluídas. ','02/03/2022',NULL),(419,142,'28/05/2022',NULL,NULL,0,'',NULL,NULL),(420,142,'28/08/2022',NULL,NULL,0,'',NULL,NULL),(421,142,'28/11/2022',NULL,NULL,0,'',NULL,NULL),(422,143,'27/05/2022',NULL,NULL,0,'',NULL,NULL),(423,143,'25/11/2022',NULL,NULL,0,'',NULL,NULL),(424,144,'25/02/2022',NULL,NULL,1,'','02/03/2022',NULL),(425,144,'28/05/2022',NULL,NULL,0,'',NULL,NULL),(426,144,'28/08/2022',NULL,NULL,0,'',NULL,NULL),(427,144,'28/11/2022',NULL,NULL,0,'',NULL,NULL),(428,145,'25/02/2022',NULL,NULL,1,'','02/03/2022',NULL),(429,145,'28/05/2022',NULL,NULL,0,'',NULL,NULL),(430,145,'28/08/2022',NULL,NULL,0,'',NULL,NULL),(431,145,'28/11/2022',NULL,NULL,0,'',NULL,NULL),(432,146,'27/11/2022',NULL,NULL,0,'',NULL,NULL),(433,112,'24/03/2022',NULL,NULL,0,'',NULL,NULL),(434,112,'24/06/2022',NULL,NULL,0,'',NULL,NULL),(435,112,'24/09/2022',NULL,NULL,0,'',NULL,NULL),(449,91,'12/01/2022',NULL,NULL,1,'','20/01/2022',NULL),(450,91,'12/02/2022',NULL,NULL,1,'','17/02/2022',NULL),(451,91,'15/03/2022',NULL,NULL,0,'',NULL,NULL),(452,91,'15/04/2022',NULL,NULL,0,'',NULL,NULL),(453,91,'16/05/2022',NULL,NULL,0,'',NULL,NULL),(454,91,'16/06/2022',NULL,NULL,0,'',NULL,NULL),(455,91,'17/07/2022',NULL,NULL,0,'',NULL,NULL),(456,91,'17/08/2022',NULL,NULL,0,'',NULL,NULL),(457,91,'17/09/2022',NULL,NULL,0,'',NULL,NULL),(458,91,'18/10/2022',NULL,NULL,0,'',NULL,NULL),(459,91,'18/11/2022',NULL,NULL,0,'',NULL,NULL),(460,91,'19/12/2022',NULL,NULL,0,'',NULL,NULL),(461,147,'07/03/2022',NULL,NULL,0,'',NULL,NULL),(462,148,'07/03/2022',NULL,NULL,0,'',NULL,NULL),(463,149,'',NULL,NULL,0,'',NULL,NULL),(464,150,'',NULL,NULL,0,'',NULL,NULL),(465,151,'20/01/2021',NULL,NULL,1,'Certificados ok.','27/01/2022',NULL),(466,152,'20/11/2020',NULL,NULL,1,'',NULL,NULL),(467,152,'21/12/2020',NULL,NULL,1,'',NULL,NULL),(468,152,'21/01/2021',NULL,NULL,1,'',NULL,NULL),(469,152,'21/02/2021',NULL,NULL,1,'',NULL,NULL),(470,153,'20/01/2021',NULL,NULL,1,'',NULL,NULL),(471,153,'22/04/2021',NULL,NULL,1,'',NULL,NULL),(472,153,'23/07/2021',NULL,NULL,1,'',NULL,NULL),(473,154,'20/07/2021',NULL,NULL,1,'Análise realizada, entrega ok. ',NULL,NULL),(474,154,'21/07/2022',NULL,NULL,0,'',NULL,NULL),(475,154,'22/07/2023',NULL,NULL,0,'',NULL,NULL),(476,154,'22/07/2024',NULL,NULL,0,'',NULL,NULL),(477,154,'23/07/2025',NULL,NULL,0,'',NULL,NULL),(478,155,'',NULL,NULL,0,'',NULL,NULL),(479,133,'28/11/2023',NULL,NULL,0,'',NULL,NULL),(480,133,'28/11/2024',NULL,NULL,0,'',NULL,NULL),(481,103,'13/04/2022',NULL,NULL,0,'',NULL,NULL),(482,134,'29/05/2023',NULL,NULL,0,'',NULL,NULL),(483,134,'27/11/2023',NULL,NULL,0,'',NULL,NULL),(484,134,'27/05/2024',NULL,NULL,0,'',NULL,NULL),(485,124,'01/06/2022',NULL,NULL,0,'',NULL,NULL),(486,124,'01/08/2022',NULL,NULL,0,'',NULL,NULL),(488,157,'01/02/2027',NULL,NULL,0,'',NULL,NULL),(489,135,'26/05/2023',NULL,NULL,0,'',NULL,NULL),(490,135,'24/11/2023',NULL,NULL,0,'',NULL,NULL),(491,158,'',NULL,NULL,0,'',NULL,NULL);
/*!40000 ALTER TABLE `condicionanteentrega` ENABLE KEYS */;
UNLOCK TABLES;
/*!50003 SET @saved_cs_client      = @@character_set_client */ ;
/*!50003 SET @saved_cs_results     = @@character_set_results */ ;
/*!50003 SET @saved_col_connection = @@collation_connection */ ;
/*!50003 SET character_set_client  = utf8mb4 */ ;
/*!50003 SET character_set_results = utf8mb4 */ ;
/*!50003 SET collation_connection  = utf8mb4_general_ci */ ;
/*!50003 SET @saved_sql_mode       = @@sql_mode */ ;
/*!50003 SET sql_mode              = '' */ ;
DELIMITER ;;
/*!50003 CREATE*/ /*!50017 */ /*!50003 TRIGGER `condicionanteentrega_BEFORE_UPDATE` BEFORE UPDATE ON `condicionanteentrega` FOR EACH ROW



BEGIN



	IF NEW.ehCumprida = 1 AND OLD.ehCumprida != 1 THEN



        SET new.dataFinalizacao = DATE_FORMAT(NOW(), '%d/%m/%Y');



	ELSEIF NEW.ehCumprida = 0 AND OLD.ehCumprida != 0 THEN



		SET new.dataFinalizacao = null;



    END IF;



END */;;
DELIMITER ;
/*!50003 SET sql_mode              = @saved_sql_mode */ ;
/*!50003 SET character_set_client  = @saved_cs_client */ ;
/*!50003 SET character_set_results = @saved_cs_results */ ;
/*!50003 SET collation_connection  = @saved_col_connection */ ;

--
-- Table structure for table `condicionantefile`
--

DROP TABLE IF EXISTS `condicionantefile`;
/*!40101 SET @saved_cs_client     = @@character_set_client */;
/*!40101 SET character_set_client = utf8 */;
CREATE TABLE `condicionantefile` (
  `id` int(11) NOT NULL AUTO_INCREMENT,
  `condicionanteId` int(11) NOT NULL,
  `licencaId` int(10) unsigned NOT NULL,
  `filename` varchar(255) NOT NULL,
  `path` text NOT NULL,
  `size` int(11) DEFAULT NULL,
  PRIMARY KEY (`id`),
  KEY `licencaId` (`licencaId`),
  CONSTRAINT `cflicencaId` FOREIGN KEY (`licencaId`) REFERENCES `licenca` (`id`) ON DELETE CASCADE ON UPDATE CASCADE
) ENGINE=InnoDB DEFAULT CHARSET=latin1;
/*!40101 SET character_set_client = @saved_cs_client */;

--
-- Dumping data for table `condicionantefile`
--

LOCK TABLES `condicionantefile` WRITE;
/*!40000 ALTER TABLE `condicionantefile` DISABLE KEYS */;
/*!40000 ALTER TABLE `condicionantefile` ENABLE KEYS */;
UNLOCK TABLES;

--
-- Table structure for table `configuracao`
--

DROP TABLE IF EXISTS `configuracao`;
/*!40101 SET @saved_cs_client     = @@character_set_client */;
/*!40101 SET character_set_client = utf8 */;
CREATE TABLE `configuracao` (
  `id` int(10) unsigned NOT NULL AUTO_INCREMENT,
  `nome` varchar(255) DEFAULT NULL,
  PRIMARY KEY (`id`)
) ENGINE=InnoDB AUTO_INCREMENT=16 DEFAULT CHARSET=latin1;
/*!40101 SET character_set_client = @saved_cs_client */;

--
-- Dumping data for table `configuracao`
--

LOCK TABLES `configuracao` WRITE;
/*!40000 ALTER TABLE `configuracao` DISABLE KEYS */;
INSERT INTO `configuracao` VALUES (1,'email'),(2,'clienteemailaniversario'),(3,'orcamento'),(4,'oficio'),(5,'empresa'),(6,'mtr'),(7,'impressao'),(8,'cron'),(9,'licenca'),(11,'login'),(12,'alertaPadrao'),(13,'termosDeUso'),(14,'novidade'),(15,'empreendimento');
/*!40000 ALTER TABLE `configuracao` ENABLE KEYS */;
UNLOCK TABLES;

--
-- Table structure for table `configuracaoalertapadrao`
--

DROP TABLE IF EXISTS `configuracaoalertapadrao`;
/*!40101 SET @saved_cs_client     = @@character_set_client */;
/*!40101 SET character_set_client = utf8 */;
CREATE TABLE `configuracaoalertapadrao` (
  `id` int(10) unsigned NOT NULL AUTO_INCREMENT,
  `recursoId` int(10) unsigned NOT NULL,
  `valorAlerta` int(10) unsigned NOT NULL DEFAULT '0',
  `tipo` varchar(45) NOT NULL,
  `name` varchar(100) NOT NULL,
  `nomeExibicao` varchar(45) NOT NULL,
  `max` int(10) unsigned NOT NULL DEFAULT '365',
  `diasOrientacaoText` varchar(45) DEFAULT NULL,
  `subtitulo` varchar(45) DEFAULT NULL,
  PRIMARY KEY (`id`)
) ENGINE=InnoDB AUTO_INCREMENT=14 DEFAULT CHARSET=latin1;
/*!40101 SET character_set_client = @saved_cs_client */;

--
-- Dumping data for table `configuracaoalertapadrao`
--

LOCK TABLES `configuracaoalertapadrao` WRITE;
/*!40000 ALTER TABLE `configuracaoalertapadrao` DISABLE KEYS */;
INSERT INTO `configuracaoalertapadrao` VALUES (1,3,180,'caso-nulo','alertaValidade','Renovação',365,'dias antes da validade','Licença'),(2,3,30,'caso-nulo','condicionanteAlerta[]','Alerta data de entrega',365,NULL,'Condicionante'),(3,2,15,'caso-nulo','alertaArtValidade','Validade',365,NULL,'ART'),(4,2,15,'caso-nulo','alertaValidade','Validade',365,NULL,'Contrato'),(5,15,60,'caso-nulo','alertaArtValidade','Validade',365,NULL,'ART'),(6,5,35,'caso-nulo','alertaValidade','Data de vencimento',180,NULL,'Pagamento'),(7,4,45,'caso-nulo','alertaDiasSemAtualizacao','Data do protocolo',1200,'dias após',NULL),(8,16,5,'caso-nulo','alertaValidade','Prazo de resposta',365,NULL,NULL),(9,6,1,'caso-nulo','alertaValidade','Validade',365,NULL,NULL),(10,14,5,'caso-nulo','alertaData','Data de realização',365,NULL,NULL),(11,2,15,'caso-nulo','alertaDocumentoValidade','Validade',365,NULL,'Documento'),(12,30,15,'caso-nulo','alertaPrevisaoConclusao','Previsão de conclusão',365,NULL,NULL),(13,15,0,'caso-nulo','alertaValidade','Validade',365,NULL,'Contrato');
/*!40000 ALTER TABLE `configuracaoalertapadrao` ENABLE KEYS */;
UNLOCK TABLES;

--
-- Table structure for table `configuracaoatributo`
--

DROP TABLE IF EXISTS `configuracaoatributo`;
/*!40101 SET @saved_cs_client     = @@character_set_client */;
/*!40101 SET character_set_client = utf8 */;
CREATE TABLE `configuracaoatributo` (
  `id` int(11) NOT NULL AUTO_INCREMENT,
  `configuracaoId` int(10) unsigned DEFAULT NULL,
  `nome` varchar(100) DEFAULT NULL,
  `valor` text,
  PRIMARY KEY (`id`),
  KEY `configuraçaoidx` (`configuracaoId`),
  CONSTRAINT `configuracaoidfk` FOREIGN KEY (`configuracaoId`) REFERENCES `configuracao` (`id`) ON DELETE NO ACTION ON UPDATE NO ACTION
) ENGINE=InnoDB AUTO_INCREMENT=55 DEFAULT CHARSET=latin1;
/*!40101 SET character_set_client = @saved_cs_client */;

--
-- Dumping data for table `configuracaoatributo`
--

LOCK TABLES `configuracaoatributo` WRITE;
/*!40000 ALTER TABLE `configuracaoatributo` DISABLE KEYS */;
INSERT INTO `configuracaoatributo` VALUES (1,1,'host','smtpi.ambisis.com'),(2,1,'tipo','tls'),(3,1,'porta','587'),(4,1,'usuario','alerta@ambisis.com'),(5,1,'senha','Aam1s1sMa1l3RaA34'),(6,1,'responderpara','airanpossamai@gmail.com'),(7,2,'ativado','1'),(9,3,'numerosequencial','67'),(10,3,'numerosequencialativado','1'),(11,4,'numerosequencial','32'),(12,4,'numerosequencialativado','0'),(13,5,'numerosequencial','441'),(14,5,'numerosequencialativado','1'),(15,6,'numerosequencialcda','18'),(16,6,'numerosequencialcdf','42'),(17,6,'numerosequencialmtr','331'),(18,6,'numerosequencialmtrativado','1'),(19,7,'cabecalho','\r\n				\r\n				\r\n				\r\n				\r\n				\r\n				\r\n				\r\n				\r\n				\r\n				\r\n				\r\n				\r\n				\r\n				\r\n				\r\n				\r\n				\r\n				\r\n				\r\n				\r\n				\r\n				\r\n				\r\n				\r\n				\r\n				\r\n				\r\n				\r\n				\r\n				\r\n				\r\n				\r\n				\r\n				\r\n				\r\n				\r\n				\r\n				\r\n				\r\n				\r\n				\r\n				\r\n				\r\n				\r\n				\r\n				\r\n				\r\n				\r\n				\r\n				\r\n				\r\n				\r\n				\r\n				\r\n				<div style=\"text-align: right;\"><i>www.ambisis.com.br</i></div><div style=\"text-align: right;\">(47)&nbsp;98917-5124<br></div><div style=\"text-align: right;\"><br></div>\r\n			\r\n			\r\n			\r\n			\r\n			\r\n			\r\n			\r\n			\r\n			\r\n			\r\n			\r\n			\r\n			\r\n			\r\n			\r\n			\r\n			\r\n			\r\n			\r\n			\r\n			\r\n			\r\n			\r\n			\r\n			\r\n			\r\n			\r\n			\r\n			\r\n			\r\n			\r\n			\r\n			\r\n			\r\n			\r\n			\r\n			\r\n			\r\n			\r\n			\r\n			\r\n			\r\n			\r\n			\r\n			\r\n			\r\n			\r\n			\r\n			\r\n			\r\n			\r\n			\r\n			\r\n			\r\n			'),(20,7,'assinatura','Airan Arinê Possamai<div>Analista de Sistemas</div>'),(21,7,'rodape','\r\n				\r\n				\r\n				\r\n				\r\n				\r\n				\r\n				\r\n				\r\n				\r\n				\r\n				\r\n				\r\n				\r\n				\r\n				\r\n				\r\n				\r\n				\r\n				\r\n				\r\n				\r\n				\r\n				\r\n				\r\n				\r\n				\r\n				\r\n				\r\n				\r\n				\r\n				\r\n				\r\n				\r\n				\r\n				\r\n				\r\n				\r\n				\r\n				\r\n				\r\n				\r\n				\r\n				\r\n				\r\n				\r\n				\r\n				\r\n				<div style=\"text-align: center;\">www.ambisis.com.br</div><div style=\"text-align: center;\">&nbsp;www.ambisis.com/blog/\r\n<br></div>\r\n			\r\n			\r\n			\r\n			\r\n			\r\n			\r\n			\r\n			\r\n			\r\n			\r\n			\r\n			\r\n			\r\n			\r\n			\r\n			\r\n			\r\n			\r\n			\r\n			\r\n			\r\n			\r\n			\r\n			\r\n			\r\n			\r\n			\r\n			\r\n			\r\n			\r\n			\r\n			\r\n			\r\n			\r\n			\r\n			\r\n			\r\n			\r\n			\r\n			\r\n			\r\n			\r\n			\r\n			\r\n			\r\n			\r\n			\r\n			'),(22,7,'rodapefotoativado','0'),(23,7,'cabecalhofotoativado','1'),(24,7,'cabecalhofotopath','uploads/possamai/cabecalhoImagem/logo menor-28132525.png'),(25,7,'rodapefotopath','uploads/possamai/rodapeImagem/logo-12161643.png'),(26,7,'assinaturafotopath',NULL),(28,8,'condicionantependenteativado','0'),(29,7,'paginacaoativado','1'),(30,9,'botaoexportarlicencas','0'),(31,9,'botaoexportarcondicionantes','0'),(36,8,'licencapendenteativado','0'),(38,11,'atualizacaoautomatica','0'),(39,7,'tamanhoimagem','1'),(40,1,'modificacaoUsuario',NULL),(41,1,'modificacaoData',NULL),(42,7,'modificacaoUsuario',NULL),(43,7,'modificacaoData',NULL),(44,12,'modificacaoUsuario','12'),(45,12,'modificacaoData','2022-03-03 15:05:19'),(46,13,'texto','Este documento constitui um contrato de adesão (\"Contrato\") entre o proponente (\"USUÁRIO\"), e a ECONOTEC SERVICOS ESPECIALIZADOS LTDA (\"AMBISIS\"), estabelecida em Blumenau/SC, inscrita no CNPJ número 29.448.786/0001-96, nos termos das disposições abaixo. \n\nAo usar os serviços, o USUÁRIO concorda com cada uma das condições abaixo estabelecidas. Se o USUÁRIO não concordar com quaisquer dos Termos ou Condições abaixo estabelecidos, não estará autorizado a usar os serviços para qualquer propósito. \n\nO USUÁRIO efetua seu cadastro perante a AMBISIS, recebendo nome de usuário e uma senha, de uso pessoal, e efetua depósitos monetários em favor da AMBISIS, para que esta, agindo como mandatária, disponibilize os serviços em seu site https://www.ambisis.com.br. \n\n1. Os serviços fornecidos pela (\"AMBISIS\") consistem nas atividades de gestão ambiental, através da internet, dentre os serviços listados pela \nAMBISIS em seu próprio Web Site, permanentemente atualizado, cujo endereço eletrônico é www.ambisis.com.br. \n\n2. A AMBISIS não se responsabiliza por atividades de terceiros ou não relacionadas com os serviços fornecidos por ela, os quais estão estritamente descritos em seu site na internet. \n\n3. As informações, instrumentos e os meios utilizados nas páginas do site da AMBISIS para interagir com os USUÁRIOS estão sujeitos a alterações sem prévio aviso ou autorização, sempre visando a segurança nas relações. \n\n4. O USUÁRIO, cujo cadastro se dá através de seu representante legal, é responsável pelos dados cadastrais e demais informações fornecidas à AMBISIS. Os dados cadastrais deverão ser verdadeiros, uma vez eles serão fundamentais para a confirmação da qualidade de USUÁRIO da AMBISIS. \n\n5. O USUÁRIO não poderá registrar-se fazendo uso de nome e identidade falsos ou pertencentes a terceiras pessoas, seja ou não este fato de conhecimento delas. Da mesma maneira, é vedado ao USUÁRIO utilizar-se do LOGIN e SENHA de outros USUÁRIOS, independentemente de seu conhecimento.\n \n6. A SENHA e o LOGIN deverão ser armazenados de forma segura não sendo divulgados a ninguém. \n\n7. A utilização dos serviços AMBISIS somente é possível mediante a SENHA, que constitui, em separado, a identificação do USUÁRIO, conforme expresso neste contrato. Todas as transações realizadas mediante a identificação do USUÁRIO serão reputadas válidas e perfeitas pela AMBISIS, nada tendo o USUÁRIO a reclamar, a qualquer título, da AMBISIS pelas transações, alterações de cadastro e outras atividades validamente realizadas quando “logado” no sistema com sua senha e usuário.\n\n8. Para todos os fins e efeitos de direito, a senha e o nome do usuário fornecidos à AMBISIS, constituem cada um, em separado, de único e exclusivo conhecimento deste nas transações que realizar. A senha e o nome do usuário deverão ser memorizados, destruídos se transcritos e nunca anotados à vista de terceiras pessoas, não devendo também ser mantidas gravadas nos registros do computador utilizado pelo USUÁRIO, não sendo de responsabilidade da AMBISIS qualquer fato resultante da utilização por terceiros da senha ou do nome do usuário. \n\n9. Sendo de conhecimento do USUÁRIO de que terceiros estão usando sua conta ilegalmente, este se obriga a informar o fato à AMBISIS imediatamente. O USUÁRIO responderá, para todos os fins de direito, pelo uso indevido da sua conta que terceiros hajam feito ou venham a fazer, até o exato momento da comunicação. \n\n10. Tal comunicação deverá ser efetuada exclusivamente através do atendimento da AMBISIS pelos telefones divulgados em seu site, em horário comercial. \n\n11. O USUÁRIO concorda que deverá usar o sistema AMBISIS apenas para realizar transações permitidas pela lei. O USUÁRIO será o único responsável por qualquer consequência que provier do uso indevido dos serviços contratados, inclusive os que forem causados à própria AMBISIS, não cabendo a esta qualquer responsabilidade por eventuais prejuízos que possam ocorrer. \n\n12. A AMBISIS se reserva o direito de notificar as autoridades competentes sempre que houver indícios do uso de seu sistema para a prática de ilícitos civis ou criminais, ou que viole os regulamentos dos serviços, ou o direito de terceiros, além de abrir procedimento administrativo interno para apuração de irregularidades, caso em que, procedentes, poderá bloquear temporariamente os recursos da conta do USUÁRIO ou encerrá-la imediatamente, sujeitando o infrator ao pagamento de eventuais perdas e danos sofridas pela AMBISIS. \n\n13. O USUÁRIO assume a obrigação de impedir que qualquer dano ou responsabilidade recaiam sobre a AMBISIS ou, se inevitável, indenizar a AMBISIS, quando a esta não tiver dado causa aos mesmos, sejam estes decorrentes de atos ou omissões do USUÁRIO ou de terceiros. Caso a AMBISIS seja demandada judicial ou extrajudicialmente em razão de relação comercial ou organizacional entre USUÁRIO e seus clientes finais e/ou órgãos públicos fiscalizadores,o USUÁRIO se compromete a reparar tais danos, não prejudicando, ainda, o direito de regresso da AMBISIS com o USUÁRIO.\n\n14. A AMBISIS não terá nenhuma responsabilidade por danos diretos ou indiretos eventualmente sofridos pelo USUÁRIO em função do consumo do produto ou serviço adquirido através do uso do sistema AMBISIS. \n\n15. Apesar de todos os recursos empregados pela AMBISIS para proteger informações próprias e do USUÁRIO e de garantir ao USUÁRIO a segurança na utilização do sistema, a AMBISIS declara, e o USUÁRIO reconhece e aceita, que não é possível garantir-lhe, ao menos no atual perfil das operações via Internet, a integral segurança dos dados transmitidos e armazenados por essa via, de forma que a AMBISIS não se responsabiliza por vazamento de dados, quando comprovado que o mesmo tenha se dado de forma criminosa, mediante o emprego de recursos tecnológicos superiores aos padrões usualmente aceitáveis pela indústria e que são utilizados pela AMBISIS, ficando assim, a critério do próprio USUÁRIO, assumir os riscos de efetuar as operações via Internet.\n\n16. Todos os valores associados com o uso ou prestação dos serviços utilizados poderão ser atualizados monetariamente de acordo com o IGPM, ou na suspensão deste, outro índice estipulado pelo Governo Federal. A AMBISIS se reserva o direito de, a qualquer tempo, alterar as taxasde serviços ou criar taxas, divulgando e notificando os usuários por e-mail, com antecedência mínima de 30 (trinta) dias. Caso o USUÁRIO não concorde com tal modificação, poderá resilir o presente instrumento, mediante comunicação expressa à AMBISIS dentro do prazo máximo de10 (dez) dias, contados do recebimento da notificação. O uso do sistema AMBISIS após os 10 (dez) dias da data de referida comunicação ou seu silêncio equivalerá à expressa concordância do USUÁRIO com tais modificações. \n\n17. A AMBISIS também se reserva o direito de imediatamente encerrar a conta nas hipóteses de violação das disposições deste contrato ou dasdisposições especiais de cada serviço, sem prejuízo da sujeição do USUÁRIO às penas previstas na lei e ao pagamento de eventuais perdas e danos. \n\n18. Independentemente do acima disposto, qualquer uma das partes poderá resilir o presente instrumento, após período de 6 meses de fidelidade, sem bônus ou penalidade, mediante e-mail à outra parte com pelo menos 10 (dez) dias de antecedência. \n\n19. Resilir o presente instrumento dentro do período de fidelidade implica no pagamento de multa no valor equivalente a 50% da soma das mensalidades restantes da assinatura. \n\n20. A AMBISIS protege suas informações pessoais contra o acesso, uso ou divulgação não autorizados, em servidores de computadores em um ambiente seguro, controlado, protegido do acesso de terceiros. \n\n21. Todo conteúdo do Site e Software é de propriedade da AMBISIS. Todos os direitos são reservados e protegidos por normas de Propriedade Intelectual. O USUÁRIO reconhece que a AMBISIS detém todos os direitos de propriedade intelectual, títulos e interesses relativos ao conteúdo disposto em seuSite e Software, de modo que o USUÁRIO não vai, através do uso destes, adquirir quaisquer direitos próprios nele.\n\n22. Todos os logotipos, marcas registradas e outras marcas da AMBISIS, veiculados no site, pertencem à AMBISIS, e são protegidos pelas leis da República Federativa Brasileira. O USUÁRIO está proibido de usar quaisquer das marcas veiculadas neste Site, sem o expresso consentimento, por escrito,do titular da marca registrada, exceto nos casos permitidos pela lei aplicável. \n\n23. As partes reconhecem e aceitam que este contrato é celebrado eletronicamente, sendo que o USUÁRIO declara que leu os termos do contrato.\n\n24. O USUÁRIO não poderá ceder, sublicenciar, subcontratar, transferir ou dispor de quaisquer direitos e obrigações suas no âmbito destes Termos de Uso sem o consentimento prévio da AMBISIS. A AMBISIS poderá ceder o Contrato ou os direitos dele decorrentes a qualquer uma das sociedades do grupo econômico do qual faz parte ou que possa vir a fazer parte no futuro, ficando obrigada a comunicar ao Cliente sua intenção, sendo reservado o direito do Cliente de rescindir o presente contrato de prestação de serviços sem quaisquer bônus adicionais.\n\n25. As partes reconhecem que qualquer comunicação ou notificação poderá ser entre elas efetivadas mediante o envio de mensagens eletrônicas (e-mail) para suas caixas postais eletrônicas informadas pela AMBISIS e pelo USUÁRIO em seu cadastro, reconhecendo as partes que ambas devem manter a outra parte constantemente informada das alterações dos endereços de suas caixas eletrônicas, uma vez que este é o principal meio de comunicação entre as partes. \n\n26. As partes elegem o foro da Comarca de Blumenau/SC para dirimir eventuais dúvidas decorrentes do presente instrumento.'),(47,14,'visualizouNovidade',NULL),(48,5,'acessoporempresa','0'),(49,15,'acessoporempreendimento','0'),(50,15,'numerosequencial','0'),(51,15,'numerosequencialativado','0'),(52,7,'cabecalhoFotoArquivoId',NULL),(53,7,'rodapeFotoArquivoId',NULL),(54,7,'assinaturaFotoArquivoId',NULL);
/*!40000 ALTER TABLE `configuracaoatributo` ENABLE KEYS */;
UNLOCK TABLES;

--
-- Table structure for table `configuracaoatributousuario`
--

DROP TABLE IF EXISTS `configuracaoatributousuario`;
/*!40101 SET @saved_cs_client     = @@character_set_client */;
/*!40101 SET character_set_client = utf8 */;
CREATE TABLE `configuracaoatributousuario` (
  `id` int(10) unsigned NOT NULL AUTO_INCREMENT,
  `configuracaoAtributoId` int(10) DEFAULT NULL,
  `valor` text,
  `usuarioId` int(10) DEFAULT NULL,
  PRIMARY KEY (`id`)
) ENGINE=InnoDB AUTO_INCREMENT=10 DEFAULT CHARSET=latin1;
/*!40101 SET character_set_client = @saved_cs_client */;

--
-- Dumping data for table `configuracaoatributousuario`
--

LOCK TABLES `configuracaoatributousuario` WRITE;
/*!40000 ALTER TABLE `configuracaoatributousuario` DISABLE KEYS */;
INSERT INTO `configuracaoatributousuario` VALUES (1,20,'\r\n				\r\n				\r\n				\r\n				\r\n				\r\n				\r\n				\r\n				<div><b>Airan Arinê Possamai</b><br></div><div>CEO</div><div>Ambisis - Software para Gestão Ambiental</div>\r\n			\r\n			\r\n			\r\n			\r\n			\r\n			\r\n			\r\n			\r\n			\r\n			\r\n			\r\n			\r\n			\r\n			\r\n			\r\n			\r\n			\r\n			\r\n			\r\n			\r\n			\r\n			\r\n			\r\n			\r\n			\r\n			\r\n			\r\n			\r\n			\r\n			\r\n			\r\n			\r\n			',1),(2,23,'uploads/possamai/assinaturaImagem/1/5f09b55aa0c62.jpg',1),(3,20,'\r\n				\r\n				\r\n				\r\n				\r\n				\r\n				<div>Caroline Lazzari</div><div>Consultora Comercial</div>\r\n			\r\n			\r\n			\r\n			\r\n			\r\n			\r\n			\r\n			',11),(4,26,'',11),(5,20,'\r\n				Airan Arinê Possamai<div>Analista de Sistemas</div>\r\n			',13),(6,20,'\r\n				\r\n				Airan Arinê Possamai<div>Analista de Sistemas</div>\r\n			\r\n			',12),(7,26,'uploads/possamai/assinaturaImagem/12/6214e2e51e3e5.png',12),(8,20,'\r\n				Airan Arinê Possamai<div>Analista de Sistemas</div>\r\n			',14),(9,26,'uploads/possamai/assinaturaImagem/14/6214e3b8d358c.jpg',14);
/*!40000 ALTER TABLE `configuracaoatributousuario` ENABLE KEYS */;
UNLOCK TABLES;

--
-- Table structure for table `configuracaoatualizacaorelease`
--

DROP TABLE IF EXISTS `configuracaoatualizacaorelease`;
/*!40101 SET @saved_cs_client     = @@character_set_client */;
/*!40101 SET character_set_client = utf8 */;
CREATE TABLE `configuracaoatualizacaorelease` (
  `id` int(10) unsigned NOT NULL AUTO_INCREMENT,
  `versao` varchar(20) NOT NULL,
  `dataPublicacao` varchar(10) NOT NULL,
  `ehCompleta` int(1) NOT NULL DEFAULT '0',
  PRIMARY KEY (`id`)
) ENGINE=InnoDB AUTO_INCREMENT=4 DEFAULT CHARSET=latin1;
/*!40101 SET character_set_client = @saved_cs_client */;

--
-- Dumping data for table `configuracaoatualizacaorelease`
--

LOCK TABLES `configuracaoatualizacaorelease` WRITE;
/*!40000 ALTER TABLE `configuracaoatualizacaorelease` DISABLE KEYS */;
INSERT INTO `configuracaoatualizacaorelease` VALUES (1,'1.6','19/09/2020',1),(2,'1.7','23/10/2020',1),(3,'1.8','09/01/2021',1);
/*!40000 ALTER TABLE `configuracaoatualizacaorelease` ENABLE KEYS */;
UNLOCK TABLES;

--
-- Table structure for table `configuracaocolunaexibicao`
--

DROP TABLE IF EXISTS `configuracaocolunaexibicao`;
/*!40101 SET @saved_cs_client     = @@character_set_client */;
/*!40101 SET character_set_client = utf8 */;
CREATE TABLE `configuracaocolunaexibicao` (
  `id` int(10) NOT NULL AUTO_INCREMENT,
  `coluna` varchar(50) NOT NULL,
  `valor` varchar(50) DEFAULT NULL,
  `valorExibicao` varchar(50) DEFAULT NULL,
  `model` varchar(50) DEFAULT NULL,
  `colunaObjeto` varchar(50) DEFAULT NULL,
  PRIMARY KEY (`id`)
) ENGINE=InnoDB AUTO_INCREMENT=32 DEFAULT CHARSET=utf8;
/*!40101 SET character_set_client = @saved_cs_client */;

--
-- Dumping data for table `configuracaocolunaexibicao`
--

LOCK TABLES `configuracaocolunaexibicao` WRITE;
/*!40000 ALTER TABLE `configuracaocolunaexibicao` DISABLE KEYS */;
INSERT INTO `configuracaocolunaexibicao` VALUES (1,'tipoPessoa','pj','Pessoa jurídica',NULL,NULL),(2,'tipoPessoa','pf','Pessoa física',NULL,NULL),(3,'clienteId','',NULL,'Cliente','razaoSocial'),(4,'empreendimentoId',NULL,NULL,'Empreendimento','razaoSocial'),(5,'estadoId',NULL,NULL,'uf','uf'),(6,'cidadeId',NULL,NULL,'Cidade','nome'),(7,'licencaId',NULL,NULL,'Licenca','numero'),(8,'ehAprovado','0','Não',NULL,NULL),(9,'ehAprovado','1','Sim',NULL,NULL),(10,'finalizado','0','Não',NULL,NULL),(11,'finalizado','1','Sim',NULL,NULL),(12,'tecnicoId',NULL,NULL,'Auth','nome'),(13,'requerenteId',NULL,NULL,'Auth','nome'),(14,'operacao','0','Não',NULL,NULL),(15,'operacao','1','Sim',NULL,NULL),(16,'conformeItem','0','Não',NULL,NULL),(17,'conformeItem','1','Sim',NULL,NULL),(18,'controleFoto',NULL,NULL,'VistoriaControleAmbiental','nome'),(19,'itemItem',NULL,NULL,'VistoriaControleAmbiental','nome'),(20,'finalizadaArt','0','Não',NULL,NULL),(21,'finalizadaArt','1','Sim',NULL,NULL),(22,'finalizadaArtEmpreendimento','0','Não',NULL,NULL),(23,'finalizadaArtEmpreendimento','1','Sim',NULL,NULL),(24,'faseFase',NULL,NULL,'LicencaFase','nome'),(25,'usuarioId',NULL,NULL,'Auth','nome'),(26,'faseId',NULL,NULL,'LicencaFase','nome'),(27,'ehConforme','0','Não',NULL,NULL),(28,'ehConforme','1','Sim',NULL,NULL),(29,'itemId',NULL,NULL,'VistoriaControleAmbiental','nome'),(30,'controleId',NULL,NULL,'VistoriaControleAmbiental','nome'),(31,'documentoPedidoLicencaDocumentoItem',NULL,NULL,'PedidoLicencaDocumento','nome');
/*!40000 ALTER TABLE `configuracaocolunaexibicao` ENABLE KEYS */;
UNLOCK TABLES;

--
-- Table structure for table `configuracaomenu`
--

DROP TABLE IF EXISTS `configuracaomenu`;
/*!40101 SET @saved_cs_client     = @@character_set_client */;
/*!40101 SET character_set_client = utf8 */;
CREATE TABLE `configuracaomenu` (
  `id` int(10) unsigned NOT NULL AUTO_INCREMENT,
  `iconeClasse` varchar(100) DEFAULT NULL,
  `recursoId` int(10) unsigned DEFAULT NULL,
  `action` varchar(100) DEFAULT NULL,
  `posicao` int(10) unsigned NOT NULL DEFAULT '0',
  PRIMARY KEY (`id`)
) ENGINE=InnoDB AUTO_INCREMENT=16 DEFAULT CHARSET=latin1;
/*!40101 SET character_set_client = @saved_cs_client */;

--
-- Dumping data for table `configuracaomenu`
--

LOCK TABLES `configuracaomenu` WRITE;
/*!40000 ALTER TABLE `configuracaomenu` DISABLE KEYS */;
INSERT INTO `configuracaomenu` VALUES (1,'fa fa-tachometer',1,'index',100),(2,'fa fa-address-book',2,'index',200),(3,'fa fa-file-text-o',5,'index',300),(4,'fa fa-bookmark',3,'index',600),(5,'fa fa-list-ol',4,'index',700),(6,'fa fa-exchange',16,'index',800),(7,'fa fa-certificate',6,'index',900),(8,'fa fa-binoculars',14,'index',1000),(9,'fa fa-truck',7,'index',1100),(10,'fa fa-tree',21,'index',1200),(11,'fa fa-users',13,'index',1400),(12,'fa fa-rss',9,'index',1500),(13,'fa fa-tasks',27,'index',400),(14,'fa fa-bookmark-o',30,'index',500),(15,'fa fa-clipboard',33,'index',1300);
/*!40000 ALTER TABLE `configuracaomenu` ENABLE KEYS */;
UNLOCK TABLES;

--
-- Table structure for table `configuracaosubmenu`
--

DROP TABLE IF EXISTS `configuracaosubmenu`;
/*!40101 SET @saved_cs_client     = @@character_set_client */;
/*!40101 SET character_set_client = utf8 */;
CREATE TABLE `configuracaosubmenu` (
  `id` int(10) unsigned NOT NULL AUTO_INCREMENT,
  `menuId` int(10) unsigned NOT NULL,
  `recursoId` int(10) unsigned DEFAULT NULL,
  `action` varchar(100) DEFAULT NULL,
  `posicao` int(10) unsigned NOT NULL DEFAULT '0',
  PRIMARY KEY (`id`)
) ENGINE=InnoDB AUTO_INCREMENT=12 DEFAULT CHARSET=latin1;
/*!40101 SET character_set_client = @saved_cs_client */;

--
-- Dumping data for table `configuracaosubmenu`
--

LOCK TABLES `configuracaosubmenu` WRITE;
/*!40000 ALTER TABLE `configuracaosubmenu` DISABLE KEYS */;
INSERT INTO `configuracaosubmenu` VALUES (1,2,15,'index',100),(2,2,10,'insert',200),(3,4,22,'index',200),(4,8,20,'index',200),(5,9,17,'index',100),(6,9,18,'index',200),(7,9,19,'index',300),(8,8,26,'index',100),(9,4,29,'index',100),(10,14,31,'index',100),(11,14,32,'index',200);
/*!40000 ALTER TABLE `configuracaosubmenu` ENABLE KEYS */;
UNLOCK TABLES;

--
-- Table structure for table `contratotemplate`
--

DROP TABLE IF EXISTS `contratotemplate`;
/*!40101 SET @saved_cs_client     = @@character_set_client */;
/*!40101 SET character_set_client = utf8 */;
CREATE TABLE `contratotemplate` (
  `id` int(10) unsigned NOT NULL AUTO_INCREMENT,
  `nome` varchar(50) DEFAULT NULL,
  PRIMARY KEY (`id`)
) ENGINE=InnoDB AUTO_INCREMENT=2 DEFAULT CHARSET=latin1;
/*!40101 SET character_set_client = @saved_cs_client */;

--
-- Dumping data for table `contratotemplate`
--

LOCK TABLES `contratotemplate` WRITE;
/*!40000 ALTER TABLE `contratotemplate` DISABLE KEYS */;
INSERT INTO `contratotemplate` VALUES (1,'Único');
/*!40000 ALTER TABLE `contratotemplate` ENABLE KEYS */;
UNLOCK TABLES;

--
-- Table structure for table `contratotemplateparte`
--

DROP TABLE IF EXISTS `contratotemplateparte`;
/*!40101 SET @saved_cs_client     = @@character_set_client */;
/*!40101 SET character_set_client = utf8 */;
CREATE TABLE `contratotemplateparte` (
  `id` int(10) unsigned NOT NULL AUTO_INCREMENT,
  `contratotemplateId` int(10) unsigned DEFAULT NULL,
  `parte` varchar(50) DEFAULT NULL,
  `texto` text,
  PRIMARY KEY (`id`),
  KEY `contratotemplateidx` (`contratotemplateId`),
  CONSTRAINT `contratotemplatefk` FOREIGN KEY (`contratotemplateId`) REFERENCES `contratotemplate` (`id`) ON DELETE NO ACTION ON UPDATE NO ACTION
) ENGINE=InnoDB AUTO_INCREMENT=4 DEFAULT CHARSET=latin1;
/*!40101 SET character_set_client = @saved_cs_client */;

--
-- Dumping data for table `contratotemplateparte`
--

LOCK TABLES `contratotemplateparte` WRITE;
/*!40000 ALTER TABLE `contratotemplateparte` DISABLE KEYS */;
INSERT INTO `contratotemplateparte` VALUES (1,1,'contratoObjeto','\r\n				\r\n				Clausula Primeira: Assessoria perante IBAMA: Gerenciamento do Cadastro Técnico Federal do IBAMA, com resolução de pendências/alterações/inclusões/exclusões necessárias, atuando a CONTRATADA meramente como intermediadora de informações, sendo as informações lançadas no CTF todas de responsabilidade da CONTRATANTE, devendo manter o CTF ativo, o Certificado de Regularidade sempre válido e entregá-lo a CONTRATANTE para que fixe em local visível nas suas dependências, fazer a entrega dos RAPP (Relatórios Anuais de Atividades Desenvolvidas), fazer a emissão das Taxas ambientais geradas pela devida inscrição da CONTRATANTE no CTF e acompanhamento para ver se foram baixadas no CTF após serem quitadas pela CONTRATANTE, sempre cumprindo os prazos legais.\r\nParágrafo único: O presente contrato não contempla adequações retroativas a data do mesmo, que a CONTRATANTE tenha ou possa ter junto ao IBAMA.\r\n				\r\n				\r\n				\r\n				\r\n			\r\n			\r\n			\r\n			\r\n			'),(2,1,'contratoPrecoFormaPagamento','\r\n				Clausula Segunda: A CONTRATADA será remunerada pela quantia de 50% (Cinquenta por cento) do salário mínimo mensais, atualizados a cada aumento do salário mínimo, hoje no valor de R$440,00(Quatrocentos e quarenta reais) devendo ser pago através de Boleto Bancário, ou na falta do recebimento de boleto, deverá ser creditado em Conta Corrente da Viacredi nº 690.880.2, em favor da CONTRATADA, impreterivelmente até o dia 10 (dez) do mês seguinte ao serviço prestado. \r\nParágrafo Segundo: Do preço ajustado está inclusa uma visita mensal à CONTRATANTE, não obrigatória e não cumulativa, com dia e horário programado pela CONTRATADA, para prestar orientações, pegar e/ou entregar documentos, ou ainda, por quaisquer necessidades pertinentes a este contrato, enquanto a sede da CONTRATANTE for no endereço acima descrito. Havendo mudança de endereço da sede da CONTRATANTE, será combinado entre as partes o valor de deslocamento em favor da CONTRATADA. \r\nParágrafo Terceiro: Do preço ajustado não estão inclusas despesas como taxas, autenticações e reconhecimento de firma em cartório ou outras mais que se fizerem necessárias, as quais ficam a cargo da CONTRATANTE, bem como eventuais despesas por deslocamentos que se fizerem necessários até a unidade do IBAMA para realização de quaisquer procedimentos, ou então deslocamentos adicionais a pedido da CONTRATADA, sendo estas remuneradas no valor de R$1,00 (um real) por Km rodado. \r\n				\r\n				\r\n				\r\n				\r\n				\r\n			\r\n			\r\n			\r\n			\r\n			\r\n			'),(3,1,'contratoContinuidade','\r\n				\r\n				\r\n				\r\n				\r\n				\r\n				\r\n			\r\n			\r\n			\r\n			\r\n			\r\n			');
/*!40000 ALTER TABLE `contratotemplateparte` ENABLE KEYS */;
UNLOCK TABLES;

--
-- Table structure for table `cr`
--

DROP TABLE IF EXISTS `cr`;
/*!40101 SET @saved_cs_client     = @@character_set_client */;
/*!40101 SET character_set_client = utf8 */;
CREATE TABLE `cr` (
  `id` int(9) unsigned NOT NULL AUTO_INCREMENT,
  `clienteId` int(9) unsigned DEFAULT NULL,
  `empreendimentoId` int(10) unsigned DEFAULT NULL,
  `numeroRegistro` varchar(40) DEFAULT NULL,
  `validade` varchar(10) DEFAULT NULL,
  `login` varchar(90) DEFAULT NULL,
  `senha` varchar(45) DEFAULT NULL,
  `observacoes` text,
  `alertaValidade` int(3) DEFAULT NULL,
  `modificacaoData` timestamp NOT NULL DEFAULT CURRENT_TIMESTAMP ON UPDATE CURRENT_TIMESTAMP,
  `modificacaoUsuario` int(10) DEFAULT NULL,
  `finalizado` int(1) unsigned NOT NULL DEFAULT '0',
  `dataFinalizacao` varchar(10) DEFAULT NULL,
  `licencaId` int(10) unsigned DEFAULT NULL,
  `taxa` varchar(35) DEFAULT NULL,
  PRIMARY KEY (`id`)
) ENGINE=InnoDB AUTO_INCREMENT=10 DEFAULT CHARSET=utf8;
/*!40101 SET character_set_client = @saved_cs_client */;

--
-- Dumping data for table `cr`
--

LOCK TABLES `cr` WRITE;
/*!40000 ALTER TABLE `cr` DISABLE KEYS */;
INSERT INTO `cr` VALUES (1,1,2,'[CTF] 1458','28/02/2022','516516','sa5d16sa5','\r\n				\r\n				\r\n				Certidão que atesta que os dados da empresa estão em conformidade legal com as obrigações.\r\n			\r\n			\r\n			',1,'2022-02-07 11:37:21',11,0,NULL,0,'50,00'),(2,2,NULL,'81915','30/06/2020','45.486.454/8498-49','','										                    				                    				                    				',30,'2020-07-15 11:45:06',7,1,'02/07/2020',NULL,NULL),(3,3,NULL,'487989','28/02/2021','','','                    				',15,'2020-06-06 05:08:09',NULL,1,'06/06/2020',NULL,NULL),(4,4,0,'44949','31/03/2022','01.896.054/0001-54','15145','\r\n				Certidão que atesta que os dados da empresa estão em conformidade legal com as obrigações.\r\n			',40,'2022-02-17 19:31:44',11,1,'17/02/2022',0,''),(5,4,NULL,'432','30/12/2020','01.896.054/0001-54','wfreg4','										                    				                    				                    				                    				',5,'2020-07-11 12:34:53',1,1,'11/07/2020',NULL,NULL),(6,1,6,'789','31/10/2020','01.465.000/0001-02','','\r\n														                    				\r\n			',0,'2020-10-30 18:02:18',1,1,'30/10/2020',0,''),(7,1,8,'749/2021','31/03/2022','01.465.000/0001-02','','Certidão atesta que os dados da empresa estão em conformidade legal com as obrigações .',1,'2021-12-21 16:54:28',11,0,NULL,0,''),(8,51,0,'31786','22/02/2022','30.540.991/0001-66','','\r\n				\r\n				\r\n				Certidão atesta que os dados da empresa estão em conformidade legal com as obrigações.\r\n			\r\n			\r\n			',120,'2022-02-16 19:23:28',11,1,'16/02/2022',45,'300,00');
/*!40000 ALTER TABLE `cr` ENABLE KEYS */;
UNLOCK TABLES;
/*!50003 SET @saved_cs_client      = @@character_set_client */ ;
/*!50003 SET @saved_cs_results     = @@character_set_results */ ;
/*!50003 SET @saved_col_connection = @@collation_connection */ ;
/*!50003 SET character_set_client  = utf8mb4 */ ;
/*!50003 SET character_set_results = utf8mb4 */ ;
/*!50003 SET collation_connection  = utf8mb4_general_ci */ ;
/*!50003 SET @saved_sql_mode       = @@sql_mode */ ;
/*!50003 SET sql_mode              = '' */ ;
DELIMITER ;;
/*!50003 CREATE*/ /*!50017 */ /*!50003 TRIGGER `cr_BEFORE_UPDATE` BEFORE UPDATE ON `cr`



 FOR EACH ROW BEGIN



	IF NEW.finalizado = 1 AND OLD.finalizado != 1 THEN



        SET new.dataFinalizacao = DATE_FORMAT(NOW(), '%d/%m/%Y');



	ELSEIF NEW.finalizado = 0 AND OLD.finalizado != 0 THEN



		SET new.dataFinalizacao = null;



    END IF;



END */;;
DELIMITER ;
/*!50003 SET sql_mode              = @saved_sql_mode */ ;
/*!50003 SET character_set_client  = @saved_cs_client */ ;
/*!50003 SET character_set_results = @saved_cs_results */ ;
/*!50003 SET collation_connection  = @saved_col_connection */ ;

--
-- Table structure for table `crfile`
--

DROP TABLE IF EXISTS `crfile`;
/*!40101 SET @saved_cs_client     = @@character_set_client */;
/*!40101 SET character_set_client = utf8 */;
CREATE TABLE `crfile` (
  `id` int(10) unsigned NOT NULL AUTO_INCREMENT,
  `crId` int(9) unsigned DEFAULT NULL,
  `filename` varchar(255) DEFAULT NULL,
  `path` text,
  `size` int(11) DEFAULT NULL,
  PRIMARY KEY (`id`),
  KEY `cridx` (`crId`),
  CONSTRAINT `crfk` FOREIGN KEY (`crId`) REFERENCES `cr` (`id`) ON DELETE NO ACTION ON UPDATE NO ACTION
) ENGINE=InnoDB AUTO_INCREMENT=4 DEFAULT CHARSET=latin1;
/*!40101 SET character_set_client = @saved_cs_client */;

--
-- Dumping data for table `crfile`
--

LOCK TABLES `crfile` WRITE;
/*!40000 ALTER TABLE `crfile` DISABLE KEYS */;
INSERT INTO `crfile` VALUES (1,8,'CERT_REGULARIDADE_IBAMA-619f96108e66e.pdf','uploads/possamai/crfiles/8/CERT_REGULARIDADE_IBAMA-619f96108e66e.pdf',61752),(2,4,'CR_Ibama-61c2063d11a72.png','uploads/possamai/crfiles/4/CR_Ibama-61c2063d11a72.png',151559),(3,1,'CR_Ibama2021-61c20892181fa.jpg','uploads/possamai/crfiles/1/CR_Ibama2021-61c20892181fa.jpg',84456);
/*!40000 ALTER TABLE `crfile` ENABLE KEYS */;
UNLOCK TABLES;

--
-- Table structure for table `dmr`
--

DROP TABLE IF EXISTS `dmr`;
/*!40101 SET @saved_cs_client     = @@character_set_client */;
/*!40101 SET character_set_client = utf8 */;
CREATE TABLE `dmr` (
  `id` int(10) unsigned NOT NULL AUTO_INCREMENT,
  `numero` int(10) DEFAULT NULL,
  `periodoInicio` varchar(10) DEFAULT NULL,
  `periodoFim` varchar(10) DEFAULT NULL,
  `declaranteNome` varchar(80) DEFAULT NULL,
  `laoNumero` varchar(40) DEFAULT NULL,
  `codigoAtividade` varchar(40) DEFAULT NULL,
  `validade` varchar(10) DEFAULT NULL,
  `alertaValidade` int(2) DEFAULT '0',
  `observacoes` text,
  PRIMARY KEY (`id`)
) ENGINE=InnoDB DEFAULT CHARSET=latin1;
/*!40101 SET character_set_client = @saved_cs_client */;

--
-- Dumping data for table `dmr`
--

LOCK TABLES `dmr` WRITE;
/*!40000 ALTER TABLE `dmr` DISABLE KEYS */;
/*!40000 ALTER TABLE `dmr` ENABLE KEYS */;
UNLOCK TABLES;

--
-- Table structure for table `dmrresiduo`
--

DROP TABLE IF EXISTS `dmrresiduo`;
/*!40101 SET @saved_cs_client     = @@character_set_client */;
/*!40101 SET character_set_client = utf8 */;
CREATE TABLE `dmrresiduo` (
  `id` int(10) unsigned NOT NULL AUTO_INCREMENT,
  `dmrId` int(10) unsigned DEFAULT NULL,
  `destinador` varchar(255) DEFAULT NULL,
  `residuo` varchar(255) DEFAULT NULL,
  `quantidadeDestinada` varchar(20) DEFAULT NULL,
  `quantidadeGerada` varchar(20) DEFAULT NULL,
  `quantidadeArmazenada` varchar(20) DEFAULT NULL,
  `unidade` varchar(20) DEFAULT NULL,
  `tecnologia` varchar(40) DEFAULT NULL,
  PRIMARY KEY (`id`),
  KEY `dmrIndex` (`dmrId`),
  CONSTRAINT `fkdmrid` FOREIGN KEY (`dmrId`) REFERENCES `dmr` (`id`) ON DELETE CASCADE ON UPDATE CASCADE
) ENGINE=InnoDB DEFAULT CHARSET=latin1;
/*!40101 SET character_set_client = @saved_cs_client */;

--
-- Dumping data for table `dmrresiduo`
--

LOCK TABLES `dmrresiduo` WRITE;
/*!40000 ALTER TABLE `dmrresiduo` DISABLE KEYS */;
/*!40000 ALTER TABLE `dmrresiduo` ENABLE KEYS */;
UNLOCK TABLES;

--
-- Table structure for table `empreendimento`
--

DROP TABLE IF EXISTS `empreendimento`;
/*!40101 SET @saved_cs_client     = @@character_set_client */;
/*!40101 SET character_set_client = utf8 */;
CREATE TABLE `empreendimento` (
  `id` int(10) unsigned NOT NULL AUTO_INCREMENT,
  `clienteId` int(10) unsigned DEFAULT NULL,
  `razaoSocial` varchar(255) DEFAULT NULL,
  `nomeFantasia` varchar(45) DEFAULT NULL,
  `tipoPessoa` varchar(2) DEFAULT NULL,
  `cpf` varchar(14) DEFAULT NULL,
  `cnpj` varchar(18) DEFAULT NULL,
  `telefone1` varchar(20) DEFAULT NULL,
  `telefone2` varchar(20) DEFAULT NULL,
  `telefone3` varchar(20) DEFAULT NULL,
  `grupo` varchar(45) DEFAULT NULL,
  `atividade` varchar(45) DEFAULT NULL,
  `atividadeEspecifica` text,
  `potencialPoluidor` varchar(45) DEFAULT NULL,
  `porte` varchar(45) DEFAULT NULL,
  `operacao` int(1) unsigned DEFAULT NULL,
  `licencaId` int(10) unsigned DEFAULT NULL,
  `licencaAmpliacaoId` int(10) unsigned DEFAULT NULL,
  `cep` varchar(9) DEFAULT NULL,
  `estadoId` int(9) DEFAULT NULL,
  `cidadeId` int(9) DEFAULT NULL,
  `endereco` varchar(255) DEFAULT NULL,
  `modificacaoData` timestamp NOT NULL DEFAULT CURRENT_TIMESTAMP ON UPDATE CURRENT_TIMESTAMP,
  `modificacaoUsuario` int(10) unsigned DEFAULT NULL,
  `alertaArtValidade` int(3) unsigned DEFAULT NULL,
  `bairro` varchar(255) DEFAULT NULL,
  `enderecoNumero` int(10) unsigned DEFAULT NULL,
  `ehImportado` int(1) unsigned NOT NULL DEFAULT '0',
  `complemento` varchar(255) DEFAULT NULL,
  `alertaValidade` int(3) DEFAULT NULL,
  `dataVencimentoContrato` varchar(10) DEFAULT NULL,
  `contratoObjeto` text,
  `contratoPrecoFormaPagamento` text,
  `contratoNumero` int(10) DEFAULT NULL,
  `representanteLegal` varchar(200) DEFAULT NULL,
  `dataAniversario` varchar(10) DEFAULT NULL,
  `rg` varchar(45) DEFAULT NULL,
  `emailrepresentantelegal` varchar(255) DEFAULT NULL,
  `nacionalidade` varchar(100) DEFAULT NULL,
  `estadoCivil` varchar(255) DEFAULT NULL,
  `profissao` varchar(255) DEFAULT NULL,
  `cargo` varchar(255) DEFAULT NULL,
  `alertaDocumentoValidade` int(3) NOT NULL DEFAULT '0',
  `observacoes` text,
  PRIMARY KEY (`id`)
) ENGINE=InnoDB AUTO_INCREMENT=19 DEFAULT CHARSET=latin1;
/*!40101 SET character_set_client = @saved_cs_client */;

--
-- Dumping data for table `empreendimento`
--

LOCK TABLES `empreendimento` WRITE;
/*!40000 ALTER TABLE `empreendimento` DISABLE KEYS */;
INSERT INTO `empreendimento` VALUES (1,5,'Auto Posto Blumenau Escritório','','pj',NULL,'51.651.230/0001-02','(47) 99999-9999','','','','','\r\n				\r\n				\r\n				\r\n			\r\n			\r\n			','','',1,13,0,'89012-150',24,4392,'Rua Desembargador Pedro Silva / Victor Konder','2022-02-15 17:51:11',12,30,'',0,0,'',NULL,NULL,NULL,NULL,NULL,NULL,NULL,NULL,NULL,NULL,NULL,NULL,NULL,0,NULL),(2,1,'Sucateiro Florianópolis SA','Sucatas','pj',NULL,'56.189.788/0001-28','(48) 2105-8000','','','','','\r\n				\r\n				\r\n				\r\n				\r\n				\r\n			\r\n			\r\n			\r\n			\r\n			','','',1,22,0,'88066-060',24,4443,'Rua José Elias Lopes','2022-02-11 11:35:24',11,0,'Campeche',0,0,'',NULL,NULL,NULL,NULL,NULL,NULL,NULL,NULL,NULL,NULL,NULL,NULL,NULL,0,NULL),(3,6,'Têxtil Comercial de Indaial','','pj',NULL,'48.961.550/5198-61','(47) 3015-0026','','','','','\r\n				\r\n			','','',1,NULL,NULL,'89182-000',24,4504,' / ','2021-12-17 12:56:07',11,0,'',0,0,'',NULL,NULL,NULL,NULL,NULL,NULL,NULL,NULL,NULL,NULL,NULL,NULL,NULL,0,NULL),(5,5,'Auto Posto Florianopolis','APF Rede de Postos','pj',NULL,'02.030.014/0001-60','(47) 3025-1515','','','','','\r\n				\r\n			','','',1,14,0,'89012-150',24,4392,'Rua Desembargador Pedro Silva / Victor Konder','2021-12-17 12:57:20',11,0,'',0,0,'',NULL,NULL,NULL,NULL,NULL,NULL,NULL,NULL,NULL,NULL,NULL,NULL,NULL,0,NULL),(6,1,'Sucateiro Itajaí SA','Sucateiro','pj',NULL,'60.540.820/0001-40','(47) 3060-1212','','','','','\r\n				\r\n			','','',1,33,0,'89012-500',24,4392,'Rua Antônio da Veiga - lado ímpar','2022-02-22 17:58:04',11,0,'Victor Konder',0,0,'',NULL,NULL,NULL,NULL,NULL,NULL,NULL,NULL,NULL,NULL,NULL,NULL,NULL,0,NULL),(7,1,'Sucateiro Curitiba SA ','Sucateiro','pj',NULL,'01.465.000/0001-02','(41) 3040-2323','','','','','\r\n				\r\n				\r\n			\r\n			','','',1,NULL,NULL,'89012-500',24,4392,'Rua Antônio da Veiga - lado ímpar','2021-12-17 14:47:34',11,30,'Victor Konder',0,0,'',NULL,NULL,NULL,NULL,NULL,NULL,NULL,NULL,NULL,NULL,NULL,NULL,NULL,0,NULL),(8,1,'Sucateiro Porto Alegre SA','Sucateiro','pj',NULL,'01.465.000/0001-02','(51) 3010-2525','','','','','\r\n				\r\n				\r\n			\r\n			','','',1,28,0,'89012-500',24,4392,'Rua Antônio da Veiga - lado ímpar','2021-12-17 14:49:17',11,30,'Victor Konder',0,0,'',NULL,NULL,NULL,NULL,NULL,NULL,NULL,NULL,NULL,NULL,NULL,NULL,NULL,0,NULL),(9,1,'Sucateiro Chapecó','','pf',NULL,'','(49) 3020-4141','','','','','\r\n				\r\n				\r\n				\r\n			\r\n			\r\n			','','',1,NULL,NULL,'89012-500',24,4392,'Rua Antônio da Veiga - lado ímpar','2021-12-17 14:49:49',11,0,'Victor Konder',0,0,'',NULL,NULL,NULL,NULL,NULL,NULL,NULL,NULL,NULL,NULL,NULL,NULL,NULL,0,NULL),(10,39,'Novo Hamburgo Business','NHB','pj',NULL,'30.333.025/0001-25','(51) 3014-0202','','','','','\r\n				\r\n				\r\n			\r\n			','','',1,NULL,NULL,'90110-020',21,4092,'Rua Floresta ','2021-12-17 14:45:17',11,0,'Limoeiros',125,0,'',NULL,NULL,NULL,NULL,NULL,NULL,NULL,NULL,NULL,NULL,NULL,NULL,NULL,0,NULL),(11,40,'Lar Cooperativa Agroindustrial Medianeira','','pj',NULL,'30.102.600/0001-13','(45) 2000-0000','','','','','\r\n				\r\n				\r\n				\r\n			\r\n			\r\n			','','',1,40,0,'85884-000',16,2979,'','2021-12-17 14:51:13',11,0,'',0,0,'',NULL,NULL,NULL,NULL,NULL,NULL,NULL,NULL,NULL,NULL,NULL,NULL,NULL,0,NULL),(12,40,'LAR COOPERATIVA AGROINDUSTRIAL Matelândia','','pj',NULL,'','','','','','','\r\n				\r\n			','','',1,39,NULL,'85887-000',16,2975,'','2022-03-03 16:41:34',12,0,'',0,0,'',NULL,NULL,NULL,NULL,NULL,NULL,NULL,NULL,NULL,NULL,NULL,NULL,NULL,0,NULL),(13,41,'Auto Mecância Santinho Filial','','pj',NULL,'','','','','','','\r\n				\r\n			','','',1,NULL,NULL,'87702-260',16,3015,'Rua Paraíba - até 1597/1598','2021-08-30 17:03:37',1,15,'Jardim São Cristóvão',0,0,'',NULL,NULL,NULL,NULL,NULL,NULL,NULL,NULL,NULL,NULL,NULL,NULL,NULL,0,NULL),(14,48,'Indústria Cerâmica Volkmann LTDA - ME','','pj',NULL,'85.460.129/0001-35','','','','','10.40.10 - Fabricação de Telhas, Tijolos e Ou','\r\n				\r\n			','','',1,43,0,'89107-000',24,4554,'Rua Alberto Volkmann','2021-11-23 18:58:31',1,0,'Testo Central',200,0,'',NULL,NULL,NULL,NULL,NULL,NULL,NULL,NULL,NULL,NULL,NULL,NULL,NULL,0,NULL),(15,50,'HIPERPAN INDUSTRIA E COMERCIO DE ALIMENTOS CONGELADOS LTDA ME','HIPERPAN','pj',NULL,'10.213.780/0001-01','','','','','FABRICAÇÃO DE MASSAS/PAES/BOLACHAS','\r\n				\r\n			','','',1,0,0,'94010-310',21,3993,'Rua Venâncio Aires','2021-11-24 13:00:11',11,120,'Centro',40,0,'63',NULL,NULL,NULL,NULL,NULL,NULL,NULL,NULL,NULL,NULL,NULL,NULL,NULL,0,NULL),(16,54,'Cemitério Parque da Colina ','','pj',NULL,'34.042.820/0001-68','(31) 3292-6144','','','','','\r\n				\r\n			','','',1,47,0,'30516-070',13,1606,'Rua Santarém','2022-02-07 19:30:06',11,0,'Nova Cintra - Regional Oeste',50,0,'',NULL,NULL,NULL,NULL,NULL,NULL,NULL,NULL,NULL,NULL,NULL,NULL,NULL,0,NULL),(17,60,'Abastecedora Agnolin Ltda','','pj',NULL,'01.595.146/0002-70','(55) 3742-3835','','','','Comércio varejista de combustíveis para veícu','41.20-4-00 - Construção de edifícios\r\n42.11-1-01 - Construção de rodovias e ferrovias\r\n42.13-8-00 - Obras de urbanização - ruas, praças e calçadas\r\n42.91-0-00 - Obras portuárias, marítimas e fluviais\r\n43.11-8-02 - Preparação de canteiro e limpeza de terreno\r\n43.13-4-00 - Obras de terraplenagem\r\n43.19-3-00 - Serviços de preparação do terreno não especificados anteriormente\r\n45.20-0-05 - Serviços de lavagem, lubrificação e polimento de veículos automotores\r\n45.30-7-03 - Comércio a varejo de peças e acessórios novos para veículos automotores\r\n47.12-1-00 - Comércio varejista de mercadorias em geral, com predominância de produtos alimentícios - minimercados, mercearias e armazéns\r\n47.23-7-00 - Comércio varejista de bebidas\r\n47.29-6-01 - Tabacaria\r\n47.32-6-00 - Comércio varejista de lubrificantes\r\n47.61-0-02 - Comércio varejista de jornais e revistas\r\n49.30-2-02 - Transporte rodoviário de carga, exceto produtos perigosos e mudanças, intermunicipal, interestadual e internacional\r\n49.30-2-03 - Transporte rodoviário de produtos perigosos\r\n77.32-2-01 - Aluguel de máquinas e equipamentos para construção sem operador, exceto andaimes.','','',1,49,0,'98300-000',21,4098,'Avenida Independência','2022-01-27 19:02:58',11,0,'Centro',2577,0,'',NULL,NULL,NULL,NULL,NULL,NULL,NULL,NULL,NULL,NULL,NULL,NULL,NULL,0,NULL),(18,61,'Empresa teste 1234','','pj',NULL,'23.543.686/6543-34','','','','','','\r\n				\r\n			','','',1,NULL,NULL,'',6,686,'','2022-03-03 17:37:45',12,0,'',0,0,'',NULL,NULL,NULL,NULL,NULL,NULL,NULL,NULL,NULL,NULL,NULL,NULL,NULL,0,NULL);
/*!40000 ALTER TABLE `empreendimento` ENABLE KEYS */;
UNLOCK TABLES;

--
-- Table structure for table `empreendimentoartfile`
--

DROP TABLE IF EXISTS `empreendimentoartfile`;
/*!40101 SET @saved_cs_client     = @@character_set_client */;
/*!40101 SET character_set_client = utf8 */;
CREATE TABLE `empreendimentoartfile` (
  `id` int(10) unsigned NOT NULL AUTO_INCREMENT,
  `numero` varchar(45) DEFAULT NULL,
  `validade` varchar(10) DEFAULT NULL,
  `empreendimentoId` int(10) DEFAULT NULL,
  `filename` varchar(255) DEFAULT NULL,
  `path` text,
  `size` int(11) DEFAULT NULL,
  `finalizado` int(1) unsigned NOT NULL DEFAULT '0',
  `arquivoId` int(10) DEFAULT NULL,
  PRIMARY KEY (`id`),
  KEY `empreendimentoartfile_arquivoFK` (`arquivoId`),
  CONSTRAINT `empreendimentoartfile_arquivoFK` FOREIGN KEY (`arquivoId`) REFERENCES `arquivo` (`id`) ON DELETE SET NULL ON UPDATE SET NULL
) ENGINE=InnoDB AUTO_INCREMENT=3 DEFAULT CHARSET=latin1;
/*!40101 SET character_set_client = @saved_cs_client */;

--
-- Dumping data for table `empreendimentoartfile`
--

LOCK TABLES `empreendimentoartfile` WRITE;
/*!40000 ALTER TABLE `empreendimentoartfile` DISABLE KEYS */;
INSERT INTO `empreendimentoartfile` VALUES (1,'65','01/05/2020',1,'desktop-25101639.ini','uploads/possamai/empreendimentoArts/1/desktop-25101639.ini',282,0,NULL),(2,'89498','16/07/2021',1,NULL,NULL,NULL,0,NULL);
/*!40000 ALTER TABLE `empreendimentoartfile` ENABLE KEYS */;
UNLOCK TABLES;

--
-- Table structure for table `empreendimentocoordenada`
--

DROP TABLE IF EXISTS `empreendimentocoordenada`;
/*!40101 SET @saved_cs_client     = @@character_set_client */;
/*!40101 SET character_set_client = utf8 */;
CREATE TABLE `empreendimentocoordenada` (
  `id` int(10) unsigned NOT NULL AUTO_INCREMENT,
  `empreendimentoId` int(10) unsigned NOT NULL,
  `ponto` varchar(45) DEFAULT NULL,
  `latitude` varchar(32) DEFAULT NULL,
  `longitude` varchar(32) DEFAULT NULL,
  PRIMARY KEY (`id`),
  KEY `empreendimentoEmpreendimentoCoordenadasIdFk_idx` (`empreendimentoId`),
  CONSTRAINT `empreendimentoEmpreendimentoCoordenadasIdFk` FOREIGN KEY (`empreendimentoId`) REFERENCES `empreendimento` (`id`) ON DELETE CASCADE ON UPDATE CASCADE
) ENGINE=InnoDB AUTO_INCREMENT=4 DEFAULT CHARSET=latin1;
/*!40101 SET character_set_client = @saved_cs_client */;

--
-- Dumping data for table `empreendimentocoordenada`
--

LOCK TABLES `empreendimentocoordenada` WRITE;
/*!40000 ALTER TABLE `empreendimentocoordenada` DISABLE KEYS */;
INSERT INTO `empreendimentocoordenada` VALUES (1,1,'A','21 °-213 \'-132 \"-N','213 °-132 \'-213 \"-W'),(2,1,'B','3 °-123 \'-231 \"-S','412 °-214 \'-2134 \"-E'),(3,17,'','27 °-91 \'-308900 \"-N','53 °-3099 \'-6400 \"-E');
/*!40000 ALTER TABLE `empreendimentocoordenada` ENABLE KEYS */;
UNLOCK TABLES;

--
-- Table structure for table `empreendimentofile`
--

DROP TABLE IF EXISTS `empreendimentofile`;
/*!40101 SET @saved_cs_client     = @@character_set_client */;
/*!40101 SET character_set_client = utf8 */;
CREATE TABLE `empreendimentofile` (
  `id` int(10) NOT NULL AUTO_INCREMENT,
  `filename` varchar(255) DEFAULT NULL,
  `path` text,
  `size` int(10) unsigned DEFAULT NULL,
  `empreendimentoId` int(10) unsigned DEFAULT NULL,
  `descricao` varchar(255) DEFAULT NULL,
  `validade` varchar(10) DEFAULT NULL,
  `finalizado` int(1) NOT NULL DEFAULT '0',
  `arquivoId` int(10) DEFAULT NULL,
  PRIMARY KEY (`id`),
  UNIQUE KEY `id_UNIQUE` (`id`),
  KEY `fk_empreendimento_empreendimentodocfile_idx` (`empreendimentoId`),
  KEY `empreendimentofile_arquivoFK` (`arquivoId`),
  CONSTRAINT `empreendimentofile_arquivoFK` FOREIGN KEY (`arquivoId`) REFERENCES `arquivo` (`id`) ON DELETE SET NULL ON UPDATE SET NULL,
  CONSTRAINT `fk_empreendimento_empreendimentodocfile` FOREIGN KEY (`empreendimentoId`) REFERENCES `empreendimento` (`id`) ON DELETE CASCADE ON UPDATE CASCADE
) ENGINE=InnoDB DEFAULT CHARSET=latin1;
/*!40101 SET character_set_client = @saved_cs_client */;

--
-- Dumping data for table `empreendimentofile`
--

LOCK TABLES `empreendimentofile` WRITE;
/*!40000 ALTER TABLE `empreendimentofile` DISABLE KEYS */;
/*!40000 ALTER TABLE `empreendimentofile` ENABLE KEYS */;
UNLOCK TABLES;

--
-- Table structure for table `empreendimentologin`
--

DROP TABLE IF EXISTS `empreendimentologin`;
/*!40101 SET @saved_cs_client     = @@character_set_client */;
/*!40101 SET character_set_client = utf8 */;
CREATE TABLE `empreendimentologin` (
  `id` int(10) NOT NULL AUTO_INCREMENT,
  `empreendimentoId` int(10) unsigned NOT NULL,
  `login` varchar(45) DEFAULT NULL,
  `senha` varchar(45) DEFAULT NULL,
  `link` varchar(255) DEFAULT NULL,
  `descricao` varchar(255) DEFAULT NULL,
  PRIMARY KEY (`id`),
  UNIQUE KEY `id_UNIQUE` (`id`),
  KEY `fk_empreendimento_empreendimentologin_idx` (`empreendimentoId`),
  CONSTRAINT `fk_empreendimento_empreendimentologin` FOREIGN KEY (`empreendimentoId`) REFERENCES `empreendimento` (`id`) ON DELETE CASCADE ON UPDATE CASCADE
) ENGINE=InnoDB DEFAULT CHARSET=latin1;
/*!40101 SET character_set_client = @saved_cs_client */;

--
-- Dumping data for table `empreendimentologin`
--

LOCK TABLES `empreendimentologin` WRITE;
/*!40000 ALTER TABLE `empreendimentologin` DISABLE KEYS */;
/*!40000 ALTER TABLE `empreendimentologin` ENABLE KEYS */;
UNLOCK TABLES;

--
-- Table structure for table `empresa`
--

DROP TABLE IF EXISTS `empresa`;
/*!40101 SET @saved_cs_client     = @@character_set_client */;
/*!40101 SET character_set_client = utf8 */;
CREATE TABLE `empresa` (
  `id` int(10) unsigned NOT NULL AUTO_INCREMENT,
  `nome` varchar(50) DEFAULT NULL,
  `nomeComercial` varchar(100) DEFAULT NULL,
  `email` varchar(50) DEFAULT NULL,
  `site` varchar(50) DEFAULT NULL,
  `cidade` varchar(50) DEFAULT NULL,
  `uf` varchar(2) DEFAULT NULL,
  `responsavel` varchar(50) DEFAULT NULL,
  `responsavelIdentidade` varchar(45) DEFAULT NULL,
  `responsavelCpf` varchar(45) DEFAULT NULL,
  `fone1` varchar(18) DEFAULT NULL,
  `fone2` varchar(18) DEFAULT NULL,
  `cnpj` varchar(45) DEFAULT NULL,
  `endereco` varchar(100) DEFAULT NULL,
  `cep` varchar(100) DEFAULT NULL,
  `estadoId` int(10) DEFAULT NULL,
  `cidadeId` int(10) DEFAULT NULL,
  `complemento` varchar(255) DEFAULT NULL,
  `enderecoNumero` int(10) unsigned DEFAULT NULL,
  `bairro` varchar(255) DEFAULT NULL,
  `logoPath` text,
  `modificacaoData` timestamp NOT NULL DEFAULT CURRENT_TIMESTAMP ON UPDATE CURRENT_TIMESTAMP,
  `modificacaoUsuario` int(10) unsigned DEFAULT NULL,
  `arquivoId` int(10) DEFAULT NULL,
  PRIMARY KEY (`id`),
  KEY `empresa_arquivoFK` (`arquivoId`),
  CONSTRAINT `empresa_arquivoFK` FOREIGN KEY (`arquivoId`) REFERENCES `arquivo` (`id`) ON DELETE SET NULL ON UPDATE SET NULL
) ENGINE=InnoDB AUTO_INCREMENT=2 DEFAULT CHARSET=latin1;
/*!40101 SET character_set_client = @saved_cs_client */;

--
-- Dumping data for table `empresa`
--

LOCK TABLES `empresa` WRITE;
/*!40000 ALTER TABLE `empresa` DISABLE KEYS */;
INSERT INTO `empresa` VALUES (1,'Possamai Ambiental','Possamai Ambiental','airanpossamai@gmail.com','http://www.ambisis.com.br','Blumenau','SC','Airan Arinê Possamai','4.394-105-2','065.880.330-55','(47) 98826-9844','','29.448.786/0001-96','Rua Antonio da Veiga','89012-500',24,4392,'',0,'','/img/possamai/logo.png','2022-03-03 16:45:48',12,NULL);
/*!40000 ALTER TABLE `empresa` ENABLE KEYS */;
UNLOCK TABLES;

--
-- Table structure for table `historico`
--

DROP TABLE IF EXISTS `historico`;
/*!40101 SET @saved_cs_client     = @@character_set_client */;
/*!40101 SET character_set_client = utf8 */;
CREATE TABLE `historico` (
  `id` int(10) unsigned NOT NULL AUTO_INCREMENT,
  `module` varchar(100) NOT NULL,
  `moduleId` int(10) unsigned NOT NULL,
  `data` varchar(20) DEFAULT NULL,
  `texto` text,
  `usuarioId` int(10) unsigned DEFAULT NULL,
  `ehDeletado` int(1) NOT NULL DEFAULT '0',
  PRIMARY KEY (`id`)
) ENGINE=InnoDB AUTO_INCREMENT=173 DEFAULT CHARSET=latin1;
/*!40101 SET character_set_client = @saved_cs_client */;

--
-- Dumping data for table `historico`
--

LOCK TABLES `historico` WRITE;
/*!40000 ALTER TABLE `historico` DISABLE KEYS */;
INSERT INTO `historico` VALUES (1,'orcamento',1,'30/05/2020 17:40:59','teste',1,0),(2,'vistoria',1,'10/04/2020 11:13:28','Enviado',1,0),(3,'vistoria',1,'26/04/2020 08:04:18','Entregue ao cliente',1,0),(4,'orcamento',1,'11/11/2019 09:49:46','Entregue ao cliente',1,0),(5,'orcamento',1,'02/12/2019 09:20:12','Enviado',1,0),(6,'orcamento',2,'03/12/2019 09:37:55','Entregue ao cliente',1,0),(7,'orcamento',1,'08/01/2020 10:48:49','Cliente deu OK',1,1),(8,'orcamento',1,'08/01/2020 18:48:28','Cliente aceitou o orçamento',1,0),(9,'orcamento',1,'13/01/2020 11:07:29','Entregue ao cliente',1,0),(10,'orcamento',1,'14/01/2020 14:20:26','Enviado pro cliente',1,1),(11,'orcamento',1,'15/01/2020 18:38:48','Entregue ao cliente',1,1),(12,'orcamento',1,'22/01/2020 08:42:35','Iniciado',1,1),(13,'orcamento',1,'10/02/2020 10:49:22','Realizado o relatório X',1,1),(14,'orcamento',3,'13/02/2020 14:02:40','Iniciado',1,0),(15,'orcamento',3,'13/02/2020 14:18:16','Entregue ao cliente',1,0),(16,'orcamento',1,'31/03/2020 15:33:08','Entreguei atividade X ao cliente',1,0),(17,'orcamento',2,'08/04/2020 14:13:06','Enviado',1,0),(18,'orcamento',1,'10/04/2020 11:19:03','O cliente de OK na proposta técnica',1,0),(19,'orcamento',1,'26/04/2020 06:57:44','Enviado',1,0),(20,'orcamento',2,'26/05/2020 14:28:43','Iniciado',1,0),(21,'licenca',1,'02/12/2019 09:30:46','Iniciado',1,0),(22,'licenca',1,'08/01/2020 19:00:51','Documentos solicitados ao cliente',1,0),(23,'licenca',3,'13/01/2020 11:15:24','Iniciado',1,0),(24,'licenca',4,'14/01/2020 14:25:39','Iniciei a construção da licença',1,0),(25,'licenca',5,'15/01/2020 18:46:05','Entrada',1,0),(26,'licenca',3,'16/01/2020 14:19:05','Entregue ao cliente',1,0),(27,'licenca',1,'18/01/2020 11:56:21','Entreguei uma atividade sobre esta licença',1,0),(28,'licenca',2,'18/01/2020 12:09:09','Entreguei a atividade X para o cliente',1,0),(29,'licenca',3,'22/01/2020 12:44:10','Atuliazado o PGRSI',1,0),(30,'licenca',2,'28/01/2020 15:18:11','Iniciado',1,0),(31,'licenca',3,'28/01/2020 15:37:45','Entrada',1,0),(32,'licenca',1,'31/01/2020 10:41:35','Entreguei processo no órgão ambiental.',5,0),(33,'licenca',2,'03/02/2020 16:09:49','Retorno do cliente ',1,0),(34,'licenca',2,'05/02/2020 14:05:55','Construiu uma análise',1,0),(35,'licenca',3,'18/02/2020 16:44:54','Entregue ao cliente',1,0),(36,'licenca',9,'20/02/2020 11:25:24','Iniciado',1,0),(37,'licenca',10,'20/02/2020 14:25:44','Iniciada atividade X',1,0),(38,'licenca',2,'29/02/2020 09:52:29','Iniciado o relatório de XYZ',1,0),(39,'licenca',9,'03/03/2020 11:12:10','Iniciei o relatório X',1,0),(40,'licenca',9,'05/03/2020 14:08:19','Entregue um documento ao cliente',1,0),(41,'licenca',9,'09/03/2020 17:19:40','Executada a análise',1,0),(42,'licenca',10,'22/03/2020 22:40:38','Entregue ao cliente',4,0),(43,'licenca',9,'08/04/2020 14:17:30','Fiz o relatório X para o cliente',1,0),(44,'licenca',13,'11/05/2020 15:06:03','Enviado',1,0),(45,'licenca',13,'11/05/2020 15:06:12','Teste123',1,0),(46,'protocolo',2,'03/12/2019 09:40:31','Iniciado',1,0),(47,'protocolo',4,'13/01/2020 11:23:05','Entregue no órgão ambiental',1,0),(48,'protocolo',4,'15/01/2020 18:57:00','Solicitar notificação técnica',1,0),(49,'protocolo',4,'22/01/2020 08:54:19','Contato feito com o cliente',1,0),(50,'protocolo',5,'23/01/2020 14:16:18','Iniciado',1,0),(51,'protocolo',6,'28/01/2020 15:27:39','Iniciado',1,0),(52,'protocolo',5,'28/01/2020 15:28:58','Notificação ....',1,0),(53,'protocolo',7,'03/02/2020 16:23:58','Iniciado',1,0),(54,'protocolo',9,'11/02/2020 11:50:56','Iniciado',1,0),(55,'protocolo',10,'18/02/2020 16:52:08','Iniciado',1,0),(56,'protocolo',9,'19/02/2020 14:42:16','Entrada',1,0),(57,'protocolo',11,'20/02/2020 14:32:08','Entregue ao cliente',1,0),(58,'protocolo',9,'29/02/2020 09:57:20','Iniciado',1,0),(59,'protocolo',9,'09/03/2020 10:47:11','Entreguei na prefeitura',1,0),(60,'protocolo',13,'27/03/2020 14:36:51','Retorno do IMA por meio de ofíco',1,0),(61,'protocolo',16,'14/05/2020 08:57:54','Iniciado',1,0),(62,'cr',3,'03/12/2019 08:56:50','Iniciado',1,0),(63,'cr',1,'18/02/2020 16:55:42','Entregue ao cliente',1,0),(64,'cr',1,'20/02/2020 14:34:17','Entrada',1,0),(65,'oficio',1,'26/04/2020 07:20:41','Iniciado',1,0),(66,'orcamento',1,'06/06/2020 02:00:25','testeeeee',1,1),(67,'vistoria',3,'02/07/2020 08:46:16','Iniciei a confecção da vistoria ',5,0),(68,'licenca',14,'06/07/2020 14:41:25','Iniciado',1,0),(69,'licenca',14,'06/07/2020 14:41:34','Protocolei a renovação',1,0),(70,'licenca',14,'09/07/2020 14:33:09','Iniciado',1,0),(71,'orcamento',9,'11/07/2020 09:24:26','abc',1,0),(72,'licenca',15,'15/07/2020 09:42:55','Protocolo da licença',7,0),(73,'protocolo',19,'15/07/2020 10:12:46','Ligou para o cliente',7,0),(74,'orcamento',3,'06/08/2020 08:30:30','Iniciado',1,0),(75,'protocolo',18,'26/08/2020 14:32:34','Protocolei hoje',1,0),(76,'oficio',1,'27/08/2020 08:17:57','Renovei o prazo de resposta',1,0),(77,'protocolo',18,'31/08/2020 16:09:22','Liguei hoje para o IMA e obtive um retorno',1,0),(78,'licenca',15,'02/09/2020 14:04:52','Iniciado o estudo x',1,0),(79,'cr',1,'17/09/2020 16:55:38','Renovei o CR',1,0),(80,'protocolo',18,'18/09/2020 11:21:52','Hoje tive retorno do órgão',1,0),(81,'vistoria',1,'22/09/2020 07:50:06','Realizei a atividade hoje no cliente',1,0),(82,'vistoria',1,'22/09/2020 07:50:20','Mandei email cobrando cliente',1,0),(83,'orcamento',4,'02/10/2020 08:43:02','O orçamento foi aprovado hoje',1,0),(84,'protocolo',18,'02/10/2020 11:41:06','O órgão retornou com a informação XXXX',1,0),(85,'licenca',15,'13/10/2020 15:31:42','Entreguei a condicionante 2',1,0),(86,'licenca',18,'16/10/2020 16:21:14','Hoje foi cobrado a LO do fornecedor',1,0),(87,'licenca',16,'27/10/2020 10:22:17','Protocolei a renovação da licença',1,0),(88,'orcamento',4,'14/01/2021 09:56:06','O cliente deu OK para a proposta',1,0),(89,'vistoria',10,'26/01/2021 15:38:32','Iniciei a elaboração da vistoria',1,0),(90,'protocolo',22,'08/02/2021 08:13:13','Protocolado no órgão',1,0),(91,'protocolo',23,'09/02/2021 11:54:35','Formulário Req. para L.A para cond. residencial ou comercial',1,0),(92,'protocolo',23,'09/02/2021 11:54:50','Anexo ART (Anotação de Responsabilidade Técnica)	',1,0),(93,'licenca',22,'19/02/2021 14:26:19','Protocolei o processo no órgão',1,0),(94,'licenca',17,'05/03/2021 17:03:28','Protocolei a renovação',1,0),(95,'orcamento',4,'19/03/2021 15:26:52','Enviei um email hoje',1,0),(96,'orcamento',18,'29/03/2021 10:34:13','Enviei a proposta ao cliente',1,0),(97,'licenca',27,'08/04/2021 16:46:23','Protocolada a renovação do processo',1,0),(98,'projeto-quadro-coluna-item',17,'13/04/2021 08:49:40','Boleto enviado para o cliente',1,0),(99,'protocolo',13,'14/04/2021 10:09:21','Consultei o órgão e o processo não teve movimentação',1,0),(100,'licenca',33,'03/05/2021 11:08:02','Protocolada a renovação',1,0),(101,'cr',1,'04/05/2021 09:40:39','Enviado para o empreendedor hoje',1,0),(102,'projeto-quadro-coluna-item',21,'04/05/2021 13:56:55','Ligou1  vez',5,0),(103,'projeto-quadro-coluna-item',21,'04/05/2021 13:56:59','Ligou 2 vez',5,0),(104,'projeto-quadro-coluna-item',21,'04/05/2021 13:57:12','Enviei E-mail',5,0),(105,'projeto-quadro-coluna-item',21,'04/05/2021 13:57:16','Visita ao Local',5,0),(106,'protocolo',22,'25/05/2021 11:29:31','Verificado no órgão e não teve nenhuma movimentação',1,0),(107,'cr',1,'28/05/2021 11:17:16','CR Renovado',1,0),(108,'cr',1,'09/06/2021 14:22:06','Certificado foi renovado',1,0),(109,'licenca',15,'11/06/2021 09:32:13','Solicitei mais prazo para a condicionante X',1,0),(110,'orcamento',20,'11/06/2021 09:50:32','Fiz contato com o cliente hoje e ele recusou, pois ....',1,0),(111,'licenca',27,'14/06/2021 17:13:35','Enviei um email para o empreendedor',1,0),(112,'orcamento',30,'14/07/2021 14:14:26','Cliente efetuou pagamento da primeira parcela',1,0),(113,'cr',7,'14/07/2021 14:24:36','Certificado renovado em 30/06/2021',1,0),(114,'projeto-quadro-coluna-item',37,'15/07/2021 16:57:18','Diagnóstico realizado',1,0),(115,'protocolo',22,'26/07/2021 16:14:01','Verifiquei hoje no órgão',1,0),(116,'cr',1,'05/08/2021 09:39:44','Taxa de R$ 50,00 paga',1,0),(117,'protocolo',22,'06/08/2021 16:15:57','Hoje ouve um retorno do órgão.',1,0),(118,'vistoria',11,'11/08/2021 17:20:17','Favor verificar a caixa separadora de água e óleo',1,0),(119,'licenca',38,'16/08/2021 15:43:25','Hoje protocolei a renovação do processo',1,0),(120,'licenca',38,'19/08/2021 09:29:34','',1,0),(121,'licenca',38,'19/08/2021 09:29:54','Patrícia me chamou no whats para perguntar quanto tempo está levando para o órgão ambiental analisar uma LAI e já me informou que os projetos do empreendimento estão aguardando aprovação Mensagem do dia 29/07/21',1,0),(122,'licenca',39,'30/08/2021 11:06:34','Cadastrado no sistema',1,0),(123,'protocolo',22,'31/08/2021 10:14:58','Liguei para a SEMMA e não houve movimentação.',1,0),(124,'licenca',40,'10/09/2021 16:17:53','Licença cadastrada no sistema',1,0),(125,'licenca',40,'14/09/2021 16:39:40','Atendi a condicionantes relacionada a análise de efluentes',1,0),(126,'projeto-quadro-coluna-item',39,'16/09/2021 14:14:38','udhasodiusaoiu ',1,0),(127,'projeto-quadro-coluna-item',39,'16/09/2021 14:14:45','dsadsahui iuh dasuhi dasiuho dsaiuho dasiuhodsa iuhodashiuo dsahiuo dsauhio dsaihuo dsahiuo dasiuh dsaiuho dsahiua dshuidsaiuho 111',1,0),(128,'projeto-quadro-coluna-item',15,'16/09/2021 14:18:24','saddsa  dsauhdsaoiuh dsahuoi diuho dsaiuhda shud sahudsaoiuhouioudsa ih 1',1,0),(129,'projeto-quadro-coluna-item',15,'16/09/2021 14:18:30','sadh932h 7iusf hsd 8df uhsdfh nfdsuh sdu hfds iun foiunsf dsh fus uhoifhfus unh 2',1,0),(130,'projeto-quadro-coluna-item',15,'16/09/2021 14:18:36','fjduishf owiudh fouids nouifhoshodshisdhnufhds  uh ihuo ho hiu hiu 3',1,0),(131,'gestaoprojeto',10,'22/09/2021 16:16:32','Reunião com a equipe de criação e design',10,0),(132,'projeto-quadro-coluna-item',37,'06/10/2021 10:19:53','Finalizada a revisão final',1,0),(133,'cr',4,'07/10/2021 09:50:57','Renovado em 30/09/2021',1,0),(134,'protocolo',24,'07/10/2021 10:10:30','Protocolo realizado na SEMMAS',1,0),(135,'protocolo',22,'27/10/2021 15:58:46','Consulta efetuada no órgão ambiental',1,0),(136,'protocolo',12,'27/10/2021 15:59:17','Consulta efetuada por e-mail no órgão ambiental.',1,0),(137,'cr',8,'25/11/2021 10:56:28','CR emitido em 22/11/2021.',11,0),(138,'licenca',47,'15/12/2021 14:47:37','Licença de Operação emitida em novembro de 2017. ',11,0),(139,'protocolo',13,'17/12/2021 14:07:08','Protocolo entregue e análise parada por motivo da pandemia. ',11,0),(140,'vistoria',11,'17/12/2021 15:01:58','O armazenamento dos resíduos deverá ser realizado em área coberta e em piso impermeável, lembrar procedimento padrão.',11,0),(141,'licenca',47,'17/12/2021 16:21:00','Finalizado o cadastro de condicionantes',1,0),(142,'orcamento',33,'20/12/2021 08:54:44','Análise do projeto em conjunto com o cliente dia 20/12/2021.',11,0),(143,'orcamento',33,'20/12/2021 09:00:00','Solicitação Requerimento 1000020587 a CEA apresenta conforme Carta Convite 1000020587 ao cliente.',11,0),(144,'protocolo',27,'20/12/2021 14:25:22','Acompanhamento junto aos órgãos iniciado. ',11,0),(145,'protocolo',27,'20/12/2021 14:25:51','Sem movimentação/atualização situação no órgão. ',11,0),(146,'orcamento',31,'21/12/2021 08:57:56','Orçamento enviado ao cliente.',11,0),(147,'vistoria',14,'21/12/2021 09:38:05','Vistoria agendada para 15/01/2022.',11,0),(148,'vistoria',14,'21/12/2021 09:38:35','Elaboração do ckeck-list e relacionando equipe responsável pela execução da vistoria. ',11,0),(149,'orcamento',17,'21/12/2021 09:44:08','Orçamento enviado. ',11,0),(150,'orcamento',17,'21/12/2021 09:44:41','Reunião agendada para definir agenda de tarefas com equipe técnica, mediante aprovação do orçamento. ',11,0),(151,'oficio',1,'21/12/2021 10:55:23','Revogação prazo do processo.',11,0),(152,'oficio',1,'21/12/2021 10:55:23','Revogação prazo do processo.',11,0),(153,'oficio',7,'21/12/2021 11:18:12','Revogação prazo conforme tratado junto ao órgão. ',11,0),(154,'oficio',2,'21/12/2021 11:56:33','Ofício recebido do órgão. ',11,0),(155,'oficio',2,'21/12/2021 11:56:49','Elaborar resposta em defesa ao processo. ',11,0),(156,'vistoria',15,'21/12/2021 14:49:35','Vistoria agendada recorrência mensal. ',11,0),(157,'licenca',47,'22/12/2021 10:31:03','Data de validade alterada pois o sistema está indisponível',1,0),(158,'orcamento',35,'12/01/2022 16:17:26','Orçamento elaborado. ',11,0),(159,'protocolo',13,'21/01/2022 14:24:33','Retomado o atendimento em horário reduzido. ',11,0),(160,'protocolo',27,'21/01/2022 14:25:35','Devido a pandemia órgão postergou o prazo de retorno. ',11,0),(161,'licenca',48,'26/01/2022 08:51:09','Recebido licença em 07/01/2022',11,0),(162,'licenca',49,'27/01/2022 15:45:17','Licença emitida 26/10/2020. ',11,0),(163,'licenca',49,'27/01/2022 15:45:59','A renovação desta licença deve ser requerida com antecedência mínima de 120 dias da expiração de seu prazo de validade, fixado na respectiva licença, conforme Art. 14 § 4.º da Lei Complementar nº 140, de 08/12/2011. ',11,0),(164,'protocolo',27,'03/02/2022 09:09:30','Liberação próxima de ocorrer, segundo atualização deste dia. ',11,0),(165,'vistoria',11,'17/02/2022 09:05:38','Nova vistoria agendada para 10/03.',11,0),(166,'vistoria',20,'17/02/2022 09:06:27','Vistoria agendada com cliente para o dia 16/03/2022',11,0),(167,'vistoria',22,'22/02/2022 08:32:58','Vistoria agendada com equipe responsável. ',11,0),(168,'vistoria',14,'02/03/2022 10:48:35','Reagendada nova vistoria. ',11,0),(169,'vistoria',15,'02/03/2022 10:49:16','Janeiro equipe de férias, não houve acompanhamento. ',11,0),(170,'vistoria',15,'02/03/2022 10:50:19','Reagendada nova vistoria em 02 etapas para o mês de Março, para sanar as anteriores que não ocorreram. ',11,0),(171,'vistoria',22,'02/03/2022 10:51:16','Postergada vistoria em função do feriado de Carnaval. ',11,0),(172,'licenca',39,'03/03/2022 13:41:31','Produto',12,0);
/*!40000 ALTER TABLE `historico` ENABLE KEYS */;
UNLOCK TABLES;

--
-- Table structure for table `historicoexibicao`
--

DROP TABLE IF EXISTS `historicoexibicao`;
/*!40101 SET @saved_cs_client     = @@character_set_client */;
/*!40101 SET character_set_client = utf8 */;
CREATE TABLE `historicoexibicao` (
  `id` int(10) NOT NULL AUTO_INCREMENT,
  `module` varchar(100) DEFAULT NULL,
  `moduleExibicao` varchar(100) DEFAULT NULL,
  PRIMARY KEY (`id`)
) ENGINE=InnoDB AUTO_INCREMENT=11 DEFAULT CHARSET=utf8;
/*!40101 SET character_set_client = @saved_cs_client */;

--
-- Dumping data for table `historicoexibicao`
--

LOCK TABLES `historicoexibicao` WRITE;
/*!40000 ALTER TABLE `historicoexibicao` DISABLE KEYS */;
INSERT INTO `historicoexibicao` VALUES (1,'orcamento','Orçamento'),(2,'licenca','Licença'),(3,'vistoria','Vistoria'),(4,'protocolo','Protocolo'),(5,'cr','CR'),(6,'oficio','Ofí­cio'),(7,'gestaoprojeto','Gestão projeto'),(8,'projeto-quadro-coluna-item','Gestão projeto'),(9,'mtr','Gestão de resíduos'),(10,'manejoflorestal','Manejo Florestal');
/*!40000 ALTER TABLE `historicoexibicao` ENABLE KEYS */;
UNLOCK TABLES;

--
-- Table structure for table `integracaoorgaolog`
--

DROP TABLE IF EXISTS `integracaoorgaolog`;
/*!40101 SET @saved_cs_client     = @@character_set_client */;
/*!40101 SET character_set_client = utf8 */;
CREATE TABLE `integracaoorgaolog` (
  `id` int(10) unsigned NOT NULL AUTO_INCREMENT,
  `retornoStatus` varchar(150) DEFAULT NULL,
  `retornoMensagem` text,
  `module` varchar(100) NOT NULL,
  `flagacao` varchar(30) DEFAULT NULL,
  `registroId` int(10) unsigned NOT NULL,
  `modificacaoData` timestamp NOT NULL DEFAULT CURRENT_TIMESTAMP ON UPDATE CURRENT_TIMESTAMP,
  PRIMARY KEY (`id`)
) ENGINE=InnoDB DEFAULT CHARSET=latin1;
/*!40101 SET character_set_client = @saved_cs_client */;

--
-- Dumping data for table `integracaoorgaolog`
--

LOCK TABLES `integracaoorgaolog` WRITE;
/*!40000 ALTER TABLE `integracaoorgaolog` DISABLE KEYS */;
/*!40000 ALTER TABLE `integracaoorgaolog` ENABLE KEYS */;
UNLOCK TABLES;

--
-- Table structure for table `licenca`
--

DROP TABLE IF EXISTS `licenca`;
/*!40101 SET @saved_cs_client     = @@character_set_client */;
/*!40101 SET character_set_client = utf8 */;
CREATE TABLE `licenca` (
  `id` int(10) unsigned NOT NULL AUTO_INCREMENT,
  `clienteId` int(9) unsigned DEFAULT NULL,
  `numero` varchar(30) DEFAULT NULL,
  `numeroProcesso` varchar(30) DEFAULT NULL,
  `orgao` varchar(150) DEFAULT NULL,
  `tipoProcesso` varchar(50) DEFAULT NULL,
  `atividade` varchar(80) DEFAULT NULL,
  `validade` varchar(10) DEFAULT NULL,
  `alertaCondicionante` int(2) DEFAULT NULL,
  `alertaValidade` int(2) DEFAULT NULL,
  `modificacaoData` timestamp NOT NULL DEFAULT CURRENT_TIMESTAMP ON UPDATE CURRENT_TIMESTAMP,
  `modificacaoUsuario` int(10) unsigned DEFAULT NULL,
  `finalizado` int(1) DEFAULT '0',
  `empreendimentoId` int(10) unsigned DEFAULT NULL,
  `dataFinalizacao` varchar(10) DEFAULT NULL,
  `situacao` varchar(80) NOT NULL DEFAULT 'Vigente',
  `dataEmissao` varchar(10) DEFAULT NULL,
  `ehImportado` int(1) unsigned NOT NULL DEFAULT '0',
  `alertaProtocolo` int(2) unsigned DEFAULT NULL,
  `licencaAnteriorId` int(10) unsigned DEFAULT NULL,
  PRIMARY KEY (`id`),
  KEY `id` (`id`)
) ENGINE=InnoDB AUTO_INCREMENT=51 DEFAULT CHARSET=utf8;
/*!40101 SET character_set_client = @saved_cs_client */;

--
-- Dumping data for table `licenca`
--

LOCK TABLES `licenca` WRITE;
/*!40000 ALTER TABLE `licenca` DISABLE KEYS */;
INSERT INTO `licenca` VALUES (1,1,'012/2019','123','SEMASA','LAO','Desdobramento secundário de madeiras','30/12/2022',NULL,180,'2022-03-03 22:06:48',12,0,0,NULL,'Em renovação','30/12/2019',0,120,0),(2,4,'498419/2019','18888','IMA','LAI','Desdobramento secundário de madeiras','20/05/2021',NULL,180,'2021-03-17 16:42:27',1,1,0,'17/03/2021','Finalizada','',0,0,0),(3,3,'1561522/2020','16251','SEMASA','LAO','Fiação ou tecelagem de fibras têxteis vegetais','15/07/2020',NULL,180,'2020-05-30 20:01:21',1,1,NULL,NULL,'Finalizada',NULL,0,NULL,NULL),(4,1,'324/2020','154','IMA','LAI','Fiação ou tecelagem de fibras têxteis vegetais','01/02/2024',NULL,180,'2022-01-20 11:57:03',11,0,2,NULL,'Em renovação','01/02/2021',0,120,0),(5,2,'213321/2020','1748','IMA','LAO','Desdobramento secundário de madeiras','02/10/2022',NULL,180,'2022-02-16 19:21:08',11,1,0,NULL,'Finalizada','',0,0,0),(6,2,'8745/2019','','SEMASA','','','30/09/2020',NULL,140,'2020-12-09 13:47:04',1,1,0,'09/12/2020','Finalizada','10/10/2018',0,120,NULL),(7,1,'93838/2018','','IMA','','','01/04/2023',NULL,180,'2020-05-30 20:01:21',1,1,NULL,NULL,'Finalizada',NULL,0,NULL,NULL),(8,1,'78545/2020','','IMA','','','18/02/2024',NULL,10,'2020-07-11 12:26:11',1,1,0,'11/07/2020','Finalizada',NULL,0,NULL,NULL),(9,1,'684578/2018','4812/2020','FATMA','LAI','Fiação ou tecelagem de fibras têxteis vegetais','08/07/2020',NULL,180,'2020-08-06 11:47:33',1,1,0,'06/08/2020','Finalizada','',0,NULL,NULL),(10,4,'195623/2020','16648','IMA','LAI','Fiação ou tecelagem de fibras têxteis vegetaisss','29/05/2020',NULL,180,'2020-05-30 20:01:21',1,1,NULL,NULL,'Finalizada',NULL,0,NULL,NULL),(11,5,'15640/2018','','SEMASA','','','31/07/2021',NULL,108,'2020-12-09 13:44:45',1,1,1,'09/12/2020','Finalizada','',0,0,NULL),(12,1,'45055/2019','','FATMA','','','09/05/2022',NULL,112,'2021-03-17 16:42:23',1,1,0,'17/03/2021','Finalizada','',0,0,NULL),(13,5,'2151/2018','','SEMASA','LAO','Fiação ou tecelagem de fibras têxteis vegetais','01/06/2019',NULL,180,'2022-02-15 17:50:54',12,1,1,'28/10/2020','Finalizada','',0,0,0),(14,5,'1254/2020','','IMA','','','01/07/2021',NULL,180,'2021-12-17 12:57:20',11,1,5,'25/10/2020','Finalizada','',0,0,NULL),(15,1,'2383/2021','536/2019','SEMMA','Licença de Operação','Fiação ou tecelagem de fibras têxteis vegetais','29/04/2024',NULL,180,'2022-02-15 12:58:04',11,0,6,NULL,'Vigente','29/04/2020',0,120,0),(16,15,'503','000','SEMAS/PA','CEPROF','','31/10/2020',NULL,180,'2021-03-17 16:42:31',1,1,0,'17/03/2021','Finalizada','26/06/2020',0,120,NULL),(17,10,'3134/2016','','IMA','','','30/09/2021',NULL,180,'2021-03-17 16:42:14',1,1,0,'17/03/2021','Finalizada','01/08/2017',0,120,0),(18,1,'784/2017','','SEMASA','','','30/12/2020',NULL,180,'2020-11-05 19:58:42',1,1,0,'05/11/2020','Finalizada','07/08/2017',0,120,NULL),(19,14,'LAO nº 8130/2019','DIV/22586/CVI','IMA','LAP-LAI-LAO','Estação de Tratamento de Efluentes','06/12/2023',NULL,180,'2021-03-17 16:42:55',1,1,0,'17/03/2021','Finalizada','06/12/2019',0,0,0),(20,1,'1','A1P2019','SEMASA','','','',NULL,0,'2021-12-15 19:57:22',11,1,2,'11/12/2020','Finalizada','',0,100,0),(21,1,'98451665','','IMA','','','10/10/2022',NULL,180,'2021-06-01 12:37:23',1,1,2,'17/03/2021','Finalizada','',0,0,0),(22,1,'9451/2021','','SEMASA','','','03/03/2024',NULL,200,'2022-02-11 11:35:24',11,1,2,'17/03/2021','Finalizada','01/12/2020',0,120,0),(23,10,'87916/2020','','SEMASA','','','',NULL,180,'2021-03-17 16:42:34',1,1,0,'17/03/2021','Finalizada','',0,0,0),(24,22,'LO N° 322183/2020','','SEMA','LO','TRANSMISSÃO DE ENERGIA','06/07/2025',NULL,180,'2021-03-09 13:55:10',1,0,0,NULL,'Vigente','',0,120,0),(25,23,'N° 2017-111607/TEC/LS-0167','','IDEMA','LO','TRANSMISSÃO DE ENERGIA','01/12/2023',NULL,180,'2021-03-09 13:56:08',1,0,0,NULL,'Vigente','',0,120,0),(26,25,'N° 2018-130390/TEC/LO-0357','','IDEMA','LO','TRANSMISSÃO DE ENERGIA','11/03/2025',NULL,180,'2021-03-09 13:57:25',1,0,0,NULL,'Vigente','',0,120,0),(27,23,'LI N° 1180/2019','','INEMA','LI ( Com validade de LO)','TRANSMISSÃO DE ENERGIA','16/02/2025',NULL,180,'2022-02-02 13:43:13',1,0,0,NULL,'Vigente','',0,120,0),(28,1,'LI N° 17216/2021','','INEMA','LI ( Com validade de LO)','TRANSMISSÃO DE ENERGIA','14/03/2025',NULL,180,'2021-12-17 14:49:17',11,0,8,NULL,'Vigente','',0,120,0),(29,28,'LO 8749/2021','','IEMA','LO','TRANSMISSÃO DE ENERGIA','09/06/2025',NULL,180,'2021-06-25 21:36:12',1,0,0,NULL,'Vigente','',0,120,0),(30,23,'LO N° 31708/2019','','SEMA','LO','TRANSMISSÃO DE ENERGIA','29/04/2022',NULL,130,'2022-02-22 18:02:34',11,0,0,NULL,'Vigente','29/04/2021',0,120,0),(31,23,'LO 3784/2015','','IEMA','LO','TRANSMISSÃO DE ENERGIA','15/05/2022',NULL,180,'2022-02-17 11:56:56',11,0,0,NULL,'Vigente','',0,120,0),(32,34,'LO N° 31295/2019','','SEMA','LO','TRANSMISSÃO DE ENERGIA','26/02/2024',NULL,180,'2021-06-25 21:33:27',1,0,0,NULL,'Vigente','',0,120,0),(33,1,'LO N° 2419/2021','','SEMA','LO','TRANSMISSÃO DE ENERGIA','30/12/2022',NULL,180,'2022-02-22 17:58:04',11,0,6,NULL,'Vigente','30/12/2019',0,120,0),(34,33,'LO N° 1582/2020','','IBAMA','LO','TRANSMISSÃO DE ENERGIA','20/07/2025',NULL,180,'2021-03-09 16:43:47',1,0,0,NULL,'Vigente','',0,120,0),(35,15,'8911/2021','','IMA','','','',NULL,180,'2021-03-17 16:42:38',1,1,0,'17/03/2021','Finalizada','',0,0,0),(36,3,'97897/2021','','SEMA','','','',NULL,180,'2021-03-17 16:42:47',1,1,0,'17/03/2021','Finalizada','',0,0,0),(37,38,'159/2021','','NATURATINS','','','23/07/2024',NULL,180,'2022-02-07 12:48:21',11,0,0,NULL,'Vigente','23/07/2021',0,120,0),(39,40,'181907','16.606.947-5','IAT-PR','DLAE - Certificado de dispensa de licenciamento am','Comércio varejista de mercadorias em geral, com predominância de produtos alimen','01/12/2031',NULL,180,'2022-03-03 16:41:34',12,0,12,NULL,'Vigente','01/12/2021',0,120,0),(40,40,'238916-R1','','IAT-PR','Licença de Operação','Centros comerciais, galerias, shopping centers, lojas comerciais, etc','31/05/2026',NULL,180,'2021-12-17 14:50:54',11,0,11,NULL,'Vigente','31/05/2021',0,120,0),(42,41,'9874/2021','','IAT-PR','','Desdobramento secundário de madeiras','',NULL,180,'2021-08-30 17:05:36',1,0,0,NULL,'Vigente','',0,0,0),(43,48,'200','4582/2018','Instituto do Meio Ambiente - IMA','','10.40.10 - Fabricação de Telhas, Tijolos e Outros Artigos de Barro Cozido - Exce','22/09/2025',NULL,180,'2021-12-14 14:19:27',1,0,14,NULL,'Vigente','22/09/2021',0,365,0),(44,49,'4987/2020','','IAT-PR','','Comércio varejista de mercadorias em geral, com predominância de produtos alimen','27/10/2024',NULL,180,'2021-10-27 18:55:53',1,0,0,NULL,'Vigente','',0,120,0),(45,51,'LONF 0609/2019','18643/2019','Prefeitura Municipal de Nova Friburgo','','Fabricação de Fechaduras e Ferragens em Geral','05/08/2024',NULL,120,'2021-11-25 13:12:30',11,0,0,NULL,'Vigente','05/08/2019',0,120,0),(47,54,'0920/17','01-159.216/07-72','COMAM','Processo Administrativo - LO','Intermediação e agenciamento de serviços e negócios em geral, exceto imobiliário','27/01/2023',NULL,180,'2022-03-02 13:09:26',11,0,16,NULL,'Vigente','27/11/2021',0,120,0),(48,59,'Portaria nº. 1200113/2022','Prc.38432/2016','IGAM','Poço Tubular','Outorga','07/01/2032',NULL,364,'2022-01-26 11:57:26',11,0,0,NULL,'Vigente','07/01/2022',0,0,0),(49,60,'LO 06600 / 2020 ','71427-05.67 / 20.2','FEPAM','Processo Administrativo - LO','Comércio varejista de combustíveis para veículos automotores','27/10/2025',NULL,120,'2022-01-27 19:36:28',11,0,17,NULL,'Vigente','26/10/2020',0,120,0),(50,61,'23849 | 329','','INEMA','','','',NULL,180,'2022-03-03 18:14:23',12,0,0,NULL,'Vigente','',0,0,0);
/*!40000 ALTER TABLE `licenca` ENABLE KEYS */;
UNLOCK TABLES;
/*!50003 SET @saved_cs_client      = @@character_set_client */ ;
/*!50003 SET @saved_cs_results     = @@character_set_results */ ;
/*!50003 SET @saved_col_connection = @@collation_connection */ ;
/*!50003 SET character_set_client  = utf8mb4 */ ;
/*!50003 SET character_set_results = utf8mb4 */ ;
/*!50003 SET collation_connection  = utf8mb4_general_ci */ ;
/*!50003 SET @saved_sql_mode       = @@sql_mode */ ;
/*!50003 SET sql_mode              = '' */ ;
DELIMITER ;;
/*!50003 CREATE*/ /*!50017 */ /*!50003 TRIGGER `licenca_BEFORE_UPDATE` BEFORE UPDATE ON `licenca`



 FOR EACH ROW BEGIN



    IF NEW.finalizado = 1 AND OLD.finalizado != 1 THEN



        SET new.dataFinalizacao = DATE_FORMAT(NOW(), '%d/%m/%Y');



        SET NEW.situacao = "Finalizada";



    ELSEIF NEW.finalizado = 0 AND OLD.finalizado != 0 AND NEW.situacao = OLD.situacao THEN



        SET NEW.situacao = "Vigente";



        SET new.dataFinalizacao = null;



	ELSEIF NEW.finalizado = 0 AND OLD.finalizado != 0 THEN



        SET new.dataFinalizacao = null;



    ELSEIF NEW.situacao = "Finalizada" AND OLD.situacao != "Finalizada" THEN



        SET new.dataFinalizacao = DATE_FORMAT(NOW(), '%d/%m/%Y');



        SET NEW.finalizado = 1;



    END IF;



END */;;
DELIMITER ;
/*!50003 SET sql_mode              = @saved_sql_mode */ ;
/*!50003 SET character_set_client  = @saved_cs_client */ ;
/*!50003 SET character_set_results = @saved_cs_results */ ;
/*!50003 SET collation_connection  = @saved_col_connection */ ;

--
-- Table structure for table `licencafase`
--

DROP TABLE IF EXISTS `licencafase`;
/*!40101 SET @saved_cs_client     = @@character_set_client */;
/*!40101 SET character_set_client = utf8 */;
CREATE TABLE `licencafase` (
  `id` int(10) unsigned NOT NULL AUTO_INCREMENT,
  `nome` varchar(100) NOT NULL,
  `modificacaoData` timestamp NOT NULL DEFAULT CURRENT_TIMESTAMP ON UPDATE CURRENT_TIMESTAMP,
  `modificacaoUsuario` int(10) unsigned DEFAULT NULL,
  PRIMARY KEY (`id`)
) ENGINE=InnoDB AUTO_INCREMENT=22 DEFAULT CHARSET=latin1;
/*!40101 SET character_set_client = @saved_cs_client */;

--
-- Dumping data for table `licencafase`
--

LOCK TABLES `licencafase` WRITE;
/*!40000 ALTER TABLE `licencafase` DISABLE KEYS */;
INSERT INTO `licencafase` VALUES (1,'Licença Ambiental Prévia','2022-02-07 12:49:45',11),(2,'Licença Ambiental de Instalação','2022-02-07 12:49:33',11),(3,'Licença Ambiental Operação','2022-02-07 12:49:50',11),(4,'PRAD','2021-02-18 13:13:53',1),(5,'Outorga','2021-05-25 14:35:53',1),(6,'Ensaio de estanqueidade','2021-06-11 12:29:11',1),(7,'Licença Ambiental em análise','2021-06-14 20:39:37',1),(8,'Certificado de dispensa','2021-08-25 20:29:21',1),(9,'CAR','2021-08-27 15:10:41',1),(10,'Ampliação','2021-08-30 14:17:22',1),(11,'Licença Ambiental de Instalação e Operação','2022-02-07 12:50:09',11),(12,'Alvará de construção','2021-09-24 17:31:26',1),(13,'Licença de Mineração de Instalação','2022-02-07 12:50:47',11),(14,'Alvará de pesquisa','2021-10-18 21:51:19',1),(15,'Registro de licença','2021-10-18 21:51:34',1),(16,'Remediação Ambiental','2021-11-25 14:35:39',1),(17,'Licenças de travessia de rodovia','2021-12-22 13:25:39',1),(18,'Processo de reflorestamento','2022-02-02 13:31:00',1),(19,'Em elaboração','2022-02-07 12:48:06',11),(20,'Análise de Efluentes','2022-02-07 19:29:44',11),(21,'Certificado do exercito ','2022-02-25 11:40:07',1);
/*!40000 ALTER TABLE `licencafase` ENABLE KEYS */;
UNLOCK TABLES;

--
-- Table structure for table `licencafile`
--

DROP TABLE IF EXISTS `licencafile`;
/*!40101 SET @saved_cs_client     = @@character_set_client */;
/*!40101 SET character_set_client = utf8 */;
CREATE TABLE `licencafile` (
  `id` int(11) NOT NULL AUTO_INCREMENT,
  `licencaId` int(10) unsigned NOT NULL,
  `filename` varchar(255) NOT NULL,
  `path` text NOT NULL,
  `size` int(11) DEFAULT NULL,
  PRIMARY KEY (`id`),
  KEY `licencaId` (`licencaId`),
  CONSTRAINT `clflicencaId` FOREIGN KEY (`licencaId`) REFERENCES `licenca` (`id`) ON DELETE CASCADE ON UPDATE CASCADE
) ENGINE=InnoDB AUTO_INCREMENT=38 DEFAULT CHARSET=latin1;
/*!40101 SET character_set_client = @saved_cs_client */;

--
-- Dumping data for table `licencafile`
--

LOCK TABLES `licencafile` WRITE;
/*!40000 ALTER TABLE `licencafile` DISABLE KEYS */;
INSERT INTO `licencafile` VALUES (5,11,'desktop-2504201055130.ini','uploads/possamai/licencafiles/11/desktop-2504201055130.ini',282),(6,11,'Placa-Licenciamento-2604200707510.jpg','uploads/possamai/licencafiles/11/Placa-Licenciamento-2604200707510.jpg',398711),(7,11,'Monitoramento emissões atm dez-2018-2604200707511.pdf','uploads/possamai/licencafiles/11/Monitoramento emissões atm dez-2018-2604200707511.pdf',1275359),(12,15,'L O DO PORTO 2020 (1)-1507200953120.pdf','uploads/possamai/licencafiles/15/L O DO PORTO 2020 (1)-1507200953120.pdf',1304825),(13,16,'CEPROF L F TIMBERS AT_ 23-06-2021(1)-1507201007380.pdf','uploads/possamai/licencafiles/16/CEPROF L F TIMBERS AT_ 23-06-2021(1)-1507201007380.pdf',38864),(26,22,'startup-em-uma-máquina-de-vendas-5fd11d6fcfbab.pdf','uploads/possamai/licencafiles/22/startup-em-uma-máquina-de-vendas-5fd11d6fcfbab.pdf',3583527),(27,20,'pin-5fd2343da16a8.png','uploads/possamai/licencafiles/20/pin-5fd2343da16a8.png',58295),(28,27,'EXEMPLO-6074a4243ec0c.pdf','uploads/possamai/licencafiles/27/EXEMPLO-6074a4243ec0c.pdf',28556),(29,39,'DLAE nº 181907 (Validade 21-05-30)-6126a4f1a8cf5.pdf','uploads/possamai/licencafiles/39/DLAE nº 181907 (Validade 21-05-30)-6126a4f1a8cf5.pdf',69860),(30,40,'RLO nº 238916-R1 (Validade 31-05-26)-61292b6f4d147.pdf','uploads/possamai/licencafiles/40/RLO nº 238916-R1 (Validade 31-05-26)-61292b6f4d147.pdf',80291),(31,45,'LICENCA_AMBIENTAL-619f8bbe811ee.pdf','uploads/possamai/licencafiles/45/LICENCA_AMBIENTAL-619f8bbe811ee.pdf',885655),(33,47,'LO - 0920.17-61bcdbeeaa275.pdf','uploads/possamai/licencafiles/47/LO - 0920.17-61bcdbeeaa275.pdf',600092),(34,48,'[01]certificado _Marcelo-61f135afbfef1.pdf','uploads/possamai/licencafiles/48/[01]certificado _Marcelo-61f135afbfef1.pdf',41871),(35,48,'[02]extrato_Marcelo-61f135afc137f.pdf','uploads/possamai/licencafiles/48/[02]extrato_Marcelo-61f135afc137f.pdf',39723),(36,49,'LO Abast. Agnolin Ltda. - FL 06600-2020-61f2e8baab317.pdf','uploads/possamai/licencafiles/49/LO Abast. Agnolin Ltda. - FL 06600-2020-61f2e8baab317.pdf',60087),(37,1,'ambisis-62213bf83cc75.png','uploads/possamai/licencafiles/1/ambisis-62213bf83cc75.png',134529);
/*!40000 ALTER TABLE `licencafile` ENABLE KEYS */;
UNLOCK TABLES;

--
-- Table structure for table `licencatemfase`
--

DROP TABLE IF EXISTS `licencatemfase`;
/*!40101 SET @saved_cs_client     = @@character_set_client */;
/*!40101 SET character_set_client = utf8 */;
CREATE TABLE `licencatemfase` (
  `id` int(10) unsigned NOT NULL AUTO_INCREMENT,
  `licencaId` int(10) unsigned NOT NULL,
  `faseId` int(10) unsigned NOT NULL,
  PRIMARY KEY (`id`),
  KEY `licencaId_fase_fk_idx` (`licencaId`),
  KEY `faseId_licenca_fk_idx` (`faseId`),
  CONSTRAINT `faseId_licenca_fk` FOREIGN KEY (`faseId`) REFERENCES `licencafase` (`id`) ON DELETE CASCADE ON UPDATE CASCADE,
  CONSTRAINT `licencaId_fase_fk` FOREIGN KEY (`licencaId`) REFERENCES `licenca` (`id`) ON DELETE CASCADE ON UPDATE CASCADE
) ENGINE=InnoDB AUTO_INCREMENT=46 DEFAULT CHARSET=latin1;
/*!40101 SET character_set_client = @saved_cs_client */;

--
-- Dumping data for table `licencatemfase`
--

LOCK TABLES `licencatemfase` WRITE;
/*!40000 ALTER TABLE `licencatemfase` DISABLE KEYS */;
INSERT INTO `licencatemfase` VALUES (1,11,1),(2,13,1),(3,14,2),(7,19,3),(9,21,3),(11,22,4),(12,24,3),(13,25,3),(14,26,3),(16,28,2),(18,29,3),(19,30,3),(21,32,3),(23,34,3),(24,27,5),(26,31,7),(30,33,5),(31,39,8),(33,40,10),(35,43,3),(37,45,3),(38,15,3),(40,47,3),(41,48,5),(42,49,3),(43,37,19),(44,37,2),(45,47,20);
/*!40000 ALTER TABLE `licencatemfase` ENABLE KEYS */;
UNLOCK TABLES;

--
-- Table structure for table `manejoflorestal`
--

DROP TABLE IF EXISTS `manejoflorestal`;
/*!40101 SET @saved_cs_client     = @@character_set_client */;
/*!40101 SET character_set_client = utf8 */;
CREATE TABLE `manejoflorestal` (
  `id` int(10) unsigned NOT NULL AUTO_INCREMENT,
  `clienteId` int(10) unsigned NOT NULL,
  `empreendimentoId` int(10) unsigned DEFAULT NULL,
  `areaManejo` varchar(45) DEFAULT NULL,
  `areaTotal` varchar(45) DEFAULT NULL,
  `areaEfetiva` varchar(45) DEFAULT NULL,
  `volumeTora` varchar(45) DEFAULT NULL,
  `numeroArvores` int(10) DEFAULT NULL,
  `numeroLicencaSinaflor` varchar(30) DEFAULT NULL,
  `modificacaoData` timestamp NOT NULL DEFAULT CURRENT_TIMESTAMP ON UPDATE CURRENT_TIMESTAMP,
  `modificacaoUsuario` int(10) unsigned DEFAULT NULL,
  PRIMARY KEY (`id`)
) ENGINE=InnoDB AUTO_INCREMENT=3 DEFAULT CHARSET=latin1;
/*!40101 SET character_set_client = @saved_cs_client */;

--
-- Dumping data for table `manejoflorestal`
--

LOCK TABLES `manejoflorestal` WRITE;
/*!40000 ALTER TABLE `manejoflorestal` DISABLE KEYS */;
INSERT INTO `manejoflorestal` VALUES (1,13,0,'80 ha','100 ha','80 ha','10 m³',50,'145/2020','2020-08-06 12:08:37',1),(2,4,0,'85 ha','100 ha','85 ha','',0,'981/2020','2020-09-21 11:08:47',1);
/*!40000 ALTER TABLE `manejoflorestal` ENABLE KEYS */;
UNLOCK TABLES;

--
-- Table structure for table `manejoflorestalfile`
--

DROP TABLE IF EXISTS `manejoflorestalfile`;
/*!40101 SET @saved_cs_client     = @@character_set_client */;
/*!40101 SET character_set_client = utf8 */;
CREATE TABLE `manejoflorestalfile` (
  `id` int(11) unsigned NOT NULL AUTO_INCREMENT,
  `manejoFlorestalId` int(9) unsigned DEFAULT NULL,
  `filename` varchar(255) DEFAULT NULL,
  `path` text,
  `size` int(11) DEFAULT NULL,
  PRIMARY KEY (`id`),
  KEY `manejoflorestalididx` (`manejoFlorestalId`),
  CONSTRAINT `manejoFlorestalIdFk` FOREIGN KEY (`manejoFlorestalId`) REFERENCES `manejoflorestal` (`id`) ON DELETE CASCADE ON UPDATE CASCADE
) ENGINE=InnoDB DEFAULT CHARSET=latin1;
/*!40101 SET character_set_client = @saved_cs_client */;

--
-- Dumping data for table `manejoflorestalfile`
--

LOCK TABLES `manejoflorestalfile` WRITE;
/*!40000 ALTER TABLE `manejoflorestalfile` DISABLE KEYS */;
/*!40000 ALTER TABLE `manejoflorestalfile` ENABLE KEYS */;
UNLOCK TABLES;

--
-- Table structure for table `manejoflorestalvolumeexploracao`
--

DROP TABLE IF EXISTS `manejoflorestalvolumeexploracao`;
/*!40101 SET @saved_cs_client     = @@character_set_client */;
/*!40101 SET character_set_client = utf8 */;
CREATE TABLE `manejoflorestalvolumeexploracao` (
  `id` int(10) unsigned NOT NULL AUTO_INCREMENT,
  `manejoFlorestalId` int(10) unsigned NOT NULL,
  `especie` varchar(45) DEFAULT NULL,
  `volume` varchar(45) DEFAULT NULL,
  `numeroArvores` int(10) DEFAULT NULL,
  PRIMARY KEY (`id`),
  KEY `mfvee_manejoFlorestaId_fk_idx` (`manejoFlorestalId`),
  CONSTRAINT `mfvee_manejoFlorestaId_fk` FOREIGN KEY (`manejoFlorestalId`) REFERENCES `manejoflorestal` (`id`) ON DELETE CASCADE ON UPDATE CASCADE
) ENGINE=InnoDB AUTO_INCREMENT=7 DEFAULT CHARSET=latin1;
/*!40101 SET character_set_client = @saved_cs_client */;

--
-- Dumping data for table `manejoflorestalvolumeexploracao`
--

LOCK TABLES `manejoflorestalvolumeexploracao` WRITE;
/*!40000 ALTER TABLE `manejoflorestalvolumeexploracao` DISABLE KEYS */;
INSERT INTO `manejoflorestalvolumeexploracao` VALUES (1,1,'Imbuia','123 m³',123),(2,1,'Angelim','321 m³',1308),(3,1,'Cedro','100 m³',207),(4,2,'Angelim','10 m³',50),(5,2,'Angelim','25 m³',80),(6,2,'Imbuia','50 m³',77);
/*!40000 ALTER TABLE `manejoflorestalvolumeexploracao` ENABLE KEYS */;
UNLOCK TABLES;

--
-- Table structure for table `modulename`
--

DROP TABLE IF EXISTS `modulename`;
/*!40101 SET @saved_cs_client     = @@character_set_client */;
/*!40101 SET character_set_client = utf8 */;
CREATE TABLE `modulename` (
  `id` int(11) NOT NULL AUTO_INCREMENT,
  `name` varchar(50) NOT NULL,
  PRIMARY KEY (`id`)
) ENGINE=InnoDB AUTO_INCREMENT=29 DEFAULT CHARSET=utf8;
/*!40101 SET character_set_client = @saved_cs_client */;

--
-- Dumping data for table `modulename`
--

LOCK TABLES `modulename` WRITE;
/*!40000 ALTER TABLE `modulename` DISABLE KEYS */;
INSERT INTO `modulename` VALUES (1,'cliente-file'),(2,'cliente-art-file'),(3,'orcamento-pagamento'),(4,'orcamento-nota-fiscal'),(5,'projeto'),(6,'licenca'),(7,'condicionante-entrega'),(8,'condicionante'),(9,'protocolo'),(10,'oficio-documento'),(11,'oficio'),(12,'oficio-foto'),(13,'oficio-foto-thumb'),(14,'cr'),(15,'vistoria-foto'),(16,'vistoria-foto-thumb'),(17,'vistoria'),(18,'vistoria-relatorio'),(19,'manejo-florestal'),(20,'empreendimento-art-file'),(21,'mtr'),(22,'pedido-licenca'),(23,'pedido-licenca-documento'),(24,'empresa-logo'),(25,'cabecalho-foto'),(26,'rodape-foto'),(27,'assinatura-foto'),(28,'empreendimento-file');
/*!40000 ALTER TABLE `modulename` ENABLE KEYS */;
UNLOCK TABLES;

--
-- Table structure for table `motorista`
--

DROP TABLE IF EXISTS `motorista`;
/*!40101 SET @saved_cs_client     = @@character_set_client */;
/*!40101 SET character_set_client = utf8 */;
CREATE TABLE `motorista` (
  `id` int(10) unsigned NOT NULL AUTO_INCREMENT,
  `clienteId` int(10) unsigned NOT NULL,
  `nome` varchar(45) DEFAULT NULL,
  `nascimento` varchar(10) DEFAULT NULL,
  `numeroCNH` varchar(15) DEFAULT NULL,
  `modificacaoUsuario` int(10) unsigned DEFAULT NULL,
  `modificacaoData` timestamp NOT NULL DEFAULT CURRENT_TIMESTAMP ON UPDATE CURRENT_TIMESTAMP,
  PRIMARY KEY (`id`)
) ENGINE=InnoDB AUTO_INCREMENT=4 DEFAULT CHARSET=latin1;
/*!40101 SET character_set_client = @saved_cs_client */;

--
-- Dumping data for table `motorista`
--

LOCK TABLES `motorista` WRITE;
/*!40000 ALTER TABLE `motorista` DISABLE KEYS */;
INSERT INTO `motorista` VALUES (1,9,'Hugo','','1',1,'2020-04-26 10:39:05'),(2,7,'Sebastião','','213',1,'2020-04-26 10:38:55'),(3,11,'Abinadabi','29/04/1975','ABC',1,'2020-05-17 18:37:46');
/*!40000 ALTER TABLE `motorista` ENABLE KEYS */;
UNLOCK TABLES;

--
-- Table structure for table `mtr`
--

DROP TABLE IF EXISTS `mtr`;
/*!40101 SET @saved_cs_client     = @@character_set_client */;
/*!40101 SET character_set_client = utf8 */;
CREATE TABLE `mtr` (
  `id` int(10) unsigned NOT NULL AUTO_INCREMENT,
  `clienteId` int(10) unsigned DEFAULT NULL,
  `numero` varchar(40) DEFAULT NULL,
  `dataColeta` varchar(10) DEFAULT NULL,
  `observacoes` text,
  `situacao` varchar(45) DEFAULT NULL,
  `modificacaoData` timestamp NOT NULL DEFAULT CURRENT_TIMESTAMP ON UPDATE CURRENT_TIMESTAMP,
  `modificacaoUsuario` int(10) unsigned DEFAULT NULL,
  `numeroCertificadoGerador` int(10) unsigned DEFAULT NULL,
  `motoristaId` varchar(45) DEFAULT NULL,
  `finalizado` int(1) NOT NULL DEFAULT '0',
  `ehCertificadoDestinacaoFinal` int(1) NOT NULL DEFAULT '0',
  `empreendimentoId` int(10) unsigned DEFAULT NULL,
  `transportadorId` int(10) unsigned DEFAULT NULL,
  `destinadorId` int(10) unsigned DEFAULT NULL,
  `dataFinalizacao` varchar(10) DEFAULT NULL,
  PRIMARY KEY (`id`),
  KEY `clienteidfkkk_idx` (`clienteId`),
  CONSTRAINT `clienteidfkkk` FOREIGN KEY (`clienteId`) REFERENCES `cliente` (`id`) ON DELETE NO ACTION ON UPDATE NO ACTION
) ENGINE=InnoDB AUTO_INCREMENT=39 DEFAULT CHARSET=latin1;
/*!40101 SET character_set_client = @saved_cs_client */;

--
-- Dumping data for table `mtr`
--

LOCK TABLES `mtr` WRITE;
/*!40000 ALTER TABLE `mtr` DISABLE KEYS */;
INSERT INTO `mtr` VALUES (1,1,'135435','15/11/2019','','MTR Recebido','2020-04-26 10:31:43',1,NULL,NULL,1,0,NULL,7,8,NULL),(2,4,'0101','19/02/2020','','Coletado','2020-04-26 10:32:47',1,NULL,NULL,1,0,NULL,7,9,NULL),(3,4,'1554','20/02/2020','','Recebido','2020-04-26 10:36:05',1,NULL,NULL,1,0,NULL,10,8,NULL),(4,5,'21315','25/03/2020','','MTR Recebido','2020-04-26 10:36:36',1,NULL,NULL,1,0,NULL,7,8,NULL),(5,4,'5','','','','2022-02-07 19:25:09',11,0,NULL,1,0,0,10,8,NULL),(6,1,'6','26/04/2020','','CDF emitido','2020-04-26 10:53:39',1,77,'2',0,1,2,7,7,NULL),(7,1,'7','27/04/2020','','CDF emitido','2020-04-26 10:53:39',1,0,'2',0,1,2,7,7,NULL),(8,5,'300','26/04/2020','','CDF emitido','2020-05-03 22:37:29',1,0,'',0,1,0,8,8,NULL),(9,2,'301','05/05/2020','','CDF emitido','2020-05-03 22:38:47',1,0,'',0,1,0,4,9,NULL),(10,3,'302','06/05/2020','','CDF emitido','2020-05-03 22:45:15',1,0,'2',0,1,0,7,1,NULL),(11,2,'303','06/05/2020','','CDF emitido','2020-05-03 23:04:53',1,0,'',0,1,0,8,6,NULL),(12,1,'304','09/05/2020','','CDF emitido','2020-05-09 20:34:38',1,0,'2',0,1,2,7,8,NULL),(13,6,'305','13/05/2020','','CDF emitido','2020-05-13 17:50:40',1,0,'',0,1,0,11,11,NULL),(14,6,'306','13/05/2020','','CDF emitido','2020-05-13 17:48:50',1,0,'',0,1,0,11,11,NULL),(15,5,'307','17/05/2020','','CDF emitido','2020-05-17 18:40:14',1,0,'3',0,1,0,11,11,NULL),(16,5,'308','21/05/2020','','CDF emitido','2020-05-21 12:19:24',1,0,'3',0,1,0,11,11,NULL),(17,3,'309','21/05/2020','','','2020-05-26 19:02:54',1,0,'',1,0,0,11,11,NULL),(18,5,'310','26/05/2020','','CDF emitido','2020-05-26 19:16:20',1,0,'3',0,1,0,11,11,NULL),(19,5,'311','26/05/2020','','CDF emitido','2020-05-26 19:18:14',1,0,'3',0,1,0,11,11,NULL),(20,12,'312','26/06/2020','','','2020-06-26 16:56:20',1,0,NULL,1,0,0,8,8,'26/06/2020'),(21,6,'313','26/06/2020','','CDF emitido','2020-06-26 17:23:43',1,0,'3',0,1,0,11,11,NULL),(22,6,'314','26/06/2020','','','2020-06-26 17:23:57',1,0,'3',1,0,0,11,11,'26/06/2020'),(23,6,'315','26/06/2020','','CDF emitido','2020-06-26 17:30:22',1,0,'3',0,1,0,11,11,NULL),(24,6,'316','26/06/2020','','','2020-06-26 17:31:08',1,0,'3',1,0,0,11,11,'26/06/2020'),(25,6,'317','26/06/2020','','','2020-06-26 17:34:18',1,12,'',1,0,0,11,11,'26/06/2020'),(26,6,'318','26/06/2020','','CDF emitido','2020-06-26 17:33:55',1,55,'',0,1,0,11,11,NULL),(27,6,'319','26/06/2020','','','2020-06-26 17:37:46',1,0,'',1,0,0,11,11,'26/06/2020'),(28,6,'320','11/06/2020','','CDF emitido','2020-06-26 17:37:27',1,0,'',0,1,0,11,11,NULL),(29,6,'321','26/06/2020','','CDF emitido','2020-06-26 17:39:11',1,0,'',0,1,0,11,11,NULL),(30,6,'322','26/06/2020','','','2020-07-11 12:40:42',1,0,'',1,0,0,11,11,NULL),(31,5,'323','23/07/2020','','CDF emitido','2020-07-24 18:13:40',1,0,NULL,0,1,1,7,9,NULL),(32,1,'324','23/07/2020','','CDF emitido','2020-07-24 18:15:21',1,1657,NULL,0,1,2,7,9,NULL),(33,1,'325','23/07/2020','','CDF emitido','2020-07-24 18:18:10',1,98625,NULL,0,1,2,7,9,NULL),(34,15,'326','06/08/2020','','CDF emitido','2020-08-06 12:05:02',1,0,NULL,0,1,0,9,9,NULL),(35,1,'327','23/12/2021','','','2022-02-24 12:38:59',12,0,NULL,0,0,0,7,8,NULL),(36,15,'328','22/02/2021','','CDF emitido','2021-02-22 17:26:31',1,0,NULL,0,1,0,9,9,NULL),(37,11,'329','22/02/2021','','Coletado','2022-02-24 12:39:10',12,0,NULL,0,0,0,9,9,NULL),(38,2,'330','12/04/2021','','','2021-04-12 17:26:47',1,0,NULL,0,0,0,8,23,NULL);
/*!40000 ALTER TABLE `mtr` ENABLE KEYS */;
UNLOCK TABLES;
/*!50003 SET @saved_cs_client      = @@character_set_client */ ;
/*!50003 SET @saved_cs_results     = @@character_set_results */ ;
/*!50003 SET @saved_col_connection = @@collation_connection */ ;
/*!50003 SET character_set_client  = utf8mb4 */ ;
/*!50003 SET character_set_results = utf8mb4 */ ;
/*!50003 SET collation_connection  = utf8mb4_general_ci */ ;
/*!50003 SET @saved_sql_mode       = @@sql_mode */ ;
/*!50003 SET sql_mode              = '' */ ;
DELIMITER ;;
/*!50003 CREATE*/ /*!50017 */ /*!50003 TRIGGER `mtr_BEFORE_UPDATE` BEFORE UPDATE ON `mtr` FOR EACH ROW



BEGIN



	IF NEW.finalizado = 1 AND OLD.finalizado != 1 THEN



        SET new.dataFinalizacao = DATE_FORMAT(NOW(), '%d/%m/%Y');



	ELSEIF NEW.finalizado = 0 AND OLD.finalizado != 0 THEN



		SET new.dataFinalizacao = null;



    END IF;



END */;;
DELIMITER ;
/*!50003 SET sql_mode              = @saved_sql_mode */ ;
/*!50003 SET character_set_client  = @saved_cs_client */ ;
/*!50003 SET character_set_results = @saved_cs_results */ ;
/*!50003 SET collation_connection  = @saved_col_connection */ ;

--
-- Table structure for table `mtrcdf`
--

DROP TABLE IF EXISTS `mtrcdf`;
/*!40101 SET @saved_cs_client     = @@character_set_client */;
/*!40101 SET character_set_client = utf8 */;
CREATE TABLE `mtrcdf` (
  `id` int(10) unsigned NOT NULL AUTO_INCREMENT,
  `mtrsId` text NOT NULL,
  `geradorId` int(10) unsigned NOT NULL,
  `receptorId` int(10) unsigned NOT NULL,
  `dataInicio` varchar(10) NOT NULL,
  `dataFim` varchar(10) NOT NULL,
  `numero` int(10) unsigned NOT NULL,
  `residuosCdf` text,
  `dataGeracao` varchar(10) DEFAULT NULL,
  PRIMARY KEY (`id`)
) ENGINE=InnoDB AUTO_INCREMENT=42 DEFAULT CHARSET=latin1;
/*!40101 SET character_set_client = @saved_cs_client */;

--
-- Dumping data for table `mtrcdf`
--

LOCK TABLES `mtrcdf` WRITE;
/*!40000 ALTER TABLE `mtrcdf` DISABLE KEYS */;
INSERT INTO `mtrcdf` VALUES (1,'6;7',1,7,'01/04/2020','30/04/2020',1,NULL,NULL),(2,'8',5,8,'26/04/2020','12/05/2020',2,NULL,NULL),(3,'6;7',1,7,'26/04/2020','13/05/2020',3,NULL,NULL),(4,'9',2,9,'01/05/2020','28/05/2020',4,NULL,NULL),(5,'10',3,1,'03/05/2020','14/05/2020',5,'1',NULL),(6,'10',3,1,'30/04/2020','14/05/2020',6,'26',NULL),(7,'11',2,6,'27/04/2020','28/05/2020',7,'8',NULL),(8,'11',2,6,'27/04/2020','28/05/2020',8,'54',NULL),(9,'9',2,9,'01/04/2020','30/05/2020',9,'2',NULL),(10,'12',1,8,'01/05/2020','23/05/2020',10,NULL,NULL),(11,'12',1,8,'01/05/2020','23/05/2020',11,NULL,NULL),(12,'13;14',6,11,'01/05/2020','31/05/2020',12,NULL,NULL),(13,'13',6,11,'01/05/2020','31/05/2020',13,NULL,NULL),(14,'15',5,11,'01/05/2020','31/05/2020',14,NULL,NULL),(15,'16',5,11,'01/05/2020','30/05/2020',15,NULL,NULL),(16,'17',3,11,'01/05/2020','31/05/2020',16,NULL,NULL),(17,'18',5,11,'01/05/2020','31/05/2020',17,NULL,'26/05/2020'),(18,'18',5,11,'01/05/2020','31/05/2020',18,NULL,'26/05/2020'),(19,'19',5,11,'01/05/2020','31/05/2020',19,NULL,'26/05/2020'),(20,'19',5,11,'01/05/2020','31/05/2020',20,NULL,'26/05/2020'),(21,'20',12,8,'24/06/2020','30/06/2020',21,NULL,'26/06/2020'),(22,'20',12,8,'24/06/2020','30/06/2020',22,NULL,'26/06/2020'),(23,'21',6,11,'25/06/2020','27/06/2020',23,NULL,'26/06/2020'),(24,'21',6,11,'25/06/2020','28/06/2020',24,NULL,'26/06/2020'),(25,'21',6,11,'25/06/2020','28/06/2020',25,NULL,'26/06/2020'),(26,'23',6,11,'17/06/2020','27/06/2020',26,NULL,'26/06/2020'),(27,'23',6,11,'17/06/2020','27/06/2020',27,NULL,'26/06/2020'),(28,'26',6,11,'01/06/2020','30/06/2020',28,NULL,'26/06/2020'),(29,'26',6,11,'01/06/2020','30/06/2020',29,NULL,'26/06/2020'),(30,'28',6,11,'01/06/2020','30/06/2020',30,NULL,'26/06/2020'),(31,'28',6,11,'01/06/2020','30/06/2020',31,NULL,'26/06/2020'),(32,'29',6,11,'01/06/2020','26/06/2020',32,NULL,'26/06/2020'),(33,'29',6,11,'01/06/2020','26/06/2020',33,NULL,'26/06/2020'),(34,'31',5,9,'01/07/2020','31/07/2020',34,NULL,'24/07/2020'),(35,'32',1,9,'01/07/2020','31/07/2020',35,NULL,'24/07/2020'),(36,'33',1,9,'01/07/2020','31/07/2020',36,NULL,'24/07/2020'),(37,'34',15,9,'01/08/2020','31/08/2020',37,NULL,'06/08/2020'),(38,'36',15,9,'01/02/2021','26/02/2021',38,NULL,'22/02/2021'),(39,'38',2,23,'01/04/2021','30/04/2021',39,NULL,'12/04/2021'),(40,'35',1,8,'28/11/2021','01/02/2022',40,NULL,'07/02/2022'),(41,'35',1,8,'01/11/2021','07/02/2022',41,NULL,'07/02/2022');
/*!40000 ALTER TABLE `mtrcdf` ENABLE KEYS */;
UNLOCK TABLES;

--
-- Table structure for table `mtrcdfresiduo`
--

DROP TABLE IF EXISTS `mtrcdfresiduo`;
/*!40101 SET @saved_cs_client     = @@character_set_client */;
/*!40101 SET character_set_client = utf8 */;
CREATE TABLE `mtrcdfresiduo` (
  `id` int(10) unsigned NOT NULL AUTO_INCREMENT,
  `cdfId` int(10) unsigned NOT NULL,
  `mtrResiduoId` int(10) unsigned NOT NULL,
  `pesoDestinado` varchar(24) DEFAULT NULL,
  PRIMARY KEY (`id`)
) ENGINE=InnoDB AUTO_INCREMENT=41 DEFAULT CHARSET=latin1;
/*!40101 SET character_set_client = @saved_cs_client */;

--
-- Dumping data for table `mtrcdfresiduo`
--

LOCK TABLES `mtrcdfresiduo` WRITE;
/*!40000 ALTER TABLE `mtrcdfresiduo` DISABLE KEYS */;
INSERT INTO `mtrcdfresiduo` VALUES (1,10,90,'50,00'),(2,10,91,'50,00'),(3,11,90,'50,00'),(4,12,92,'50,00'),(5,12,93,'100,00'),(6,12,94,'200,00'),(7,13,92,'50,00'),(8,14,95,'100,00'),(9,14,96,'100,00'),(10,15,97,'100,00'),(11,15,98,'100,00'),(12,16,100,'100,00'),(13,17,101,NULL),(14,18,101,NULL),(15,18,102,NULL),(16,19,103,NULL),(17,20,103,NULL),(18,20,104,NULL),(19,21,105,NULL),(20,22,105,NULL),(21,23,106,NULL),(22,24,106,NULL),(23,25,106,NULL),(24,26,108,NULL),(25,27,108,NULL),(26,28,111,NULL),(27,29,111,NULL),(28,30,113,NULL),(29,31,113,NULL),(30,32,114,NULL),(31,33,114,NULL),(32,33,115,NULL),(33,34,118,'100,00'),(34,35,119,'100,00'),(35,36,120,'100,00'),(36,37,121,'100,00'),(37,38,122,'100,00'),(38,39,125,'50,00'),(39,40,124,'50,00'),(40,41,124,'10,00');
/*!40000 ALTER TABLE `mtrcdfresiduo` ENABLE KEYS */;
UNLOCK TABLES;

--
-- Table structure for table `mtrcdfresiduodividido`
--

DROP TABLE IF EXISTS `mtrcdfresiduodividido`;
/*!40101 SET @saved_cs_client     = @@character_set_client */;
/*!40101 SET character_set_client = utf8 */;
CREATE TABLE `mtrcdfresiduodividido` (
  `id` int(10) unsigned NOT NULL AUTO_INCREMENT,
  `cdfId` int(10) NOT NULL,
  `residuoId` int(10) NOT NULL,
  `mtrresiduoId` int(10) NOT NULL,
  `pesoDestinado` varchar(24) DEFAULT NULL,
  PRIMARY KEY (`id`)
) ENGINE=InnoDB AUTO_INCREMENT=25 DEFAULT CHARSET=latin1;
/*!40101 SET character_set_client = @saved_cs_client */;

--
-- Dumping data for table `mtrcdfresiduodividido`
--

LOCK TABLES `mtrcdfresiduodividido` WRITE;
/*!40000 ALTER TABLE `mtrcdfresiduodividido` DISABLE KEYS */;
INSERT INTO `mtrcdfresiduodividido` VALUES (1,14,883,95,'10,00'),(2,14,884,95,'90,00'),(3,15,885,97,'60,00'),(4,15,884,97,'40,00'),(5,17,885,101,'60,00'),(6,18,884,101,'40,00'),(7,18,884,102,'100,00'),(8,19,885,103,'50,00'),(9,20,884,103,'50,00'),(10,20,884,104,'100,00'),(11,21,885,105,'30,00'),(12,22,884,105,'8,00'),(13,23,884,106,'40,00'),(14,24,884,106,'24,00'),(15,25,885,106,'36,00'),(16,26,884,108,'40,00'),(17,27,885,108,'60,00'),(18,28,884,111,'40,00'),(19,29,885,111,'60,00'),(20,30,884,113,'40,00'),(21,31,885,113,'60,00'),(22,32,885,114,'60,00'),(23,33,884,114,'40,00'),(24,33,884,115,'100,00');
/*!40000 ALTER TABLE `mtrcdfresiduodividido` ENABLE KEYS */;
UNLOCK TABLES;

--
-- Table structure for table `mtrfile`
--

DROP TABLE IF EXISTS `mtrfile`;
/*!40101 SET @saved_cs_client     = @@character_set_client */;
/*!40101 SET character_set_client = utf8 */;
CREATE TABLE `mtrfile` (
  `id` int(10) unsigned NOT NULL AUTO_INCREMENT,
  `mtrId` int(10) unsigned NOT NULL,
  `filename` varchar(255) NOT NULL,
  `path` text NOT NULL,
  `size` int(11) unsigned DEFAULT NULL,
  PRIMARY KEY (`id`),
  KEY `mtrId_file_FK_idx` (`mtrId`),
  CONSTRAINT `mtrId_file_FK` FOREIGN KEY (`mtrId`) REFERENCES `mtr` (`id`) ON DELETE CASCADE ON UPDATE CASCADE
) ENGINE=InnoDB AUTO_INCREMENT=4 DEFAULT CHARSET=latin1;
/*!40101 SET character_set_client = @saved_cs_client */;

--
-- Dumping data for table `mtrfile`
--

LOCK TABLES `mtrfile` WRITE;
/*!40000 ALTER TABLE `mtrfile` DISABLE KEYS */;
INSERT INTO `mtrfile` VALUES (3,35,'mineracao-nao-e-um-mal-necessario-foto-wwf-621fb6a78951a.jpg','uploads/possamai/mtrfiles/35/mineracao-nao-e-um-mal-necessario-foto-wwf-621fb6a78951a.jpg',98131);
/*!40000 ALTER TABLE `mtrfile` ENABLE KEYS */;
UNLOCK TABLES;

--
-- Table structure for table `mtrresiduo`
--

DROP TABLE IF EXISTS `mtrresiduo`;
/*!40101 SET @saved_cs_client     = @@character_set_client */;
/*!40101 SET character_set_client = utf8 */;
CREATE TABLE `mtrresiduo` (
  `id` int(10) unsigned NOT NULL AUTO_INCREMENT,
  `mtrId` int(10) unsigned DEFAULT NULL,
  `codigoDescricao` text,
  `qtTonelada` varchar(12) DEFAULT NULL,
  `qtUnidade` varchar(12) DEFAULT NULL,
  `identificacaoDestinador` varchar(80) DEFAULT NULL,
  `residuoId` int(10) unsigned NOT NULL,
  `pesoColetado` varchar(24) DEFAULT NULL,
  `pesoDestinado` varchar(24) DEFAULT NULL,
  `pesoNaoDestinado` varchar(24) NOT NULL DEFAULT '0',
  `classe` varchar(45) DEFAULT NULL,
  `tecnologia` varchar(90) DEFAULT NULL,
  `ehCertificado` int(1) NOT NULL DEFAULT '0',
  PRIMARY KEY (`id`),
  KEY `mtrIndex` (`mtrId`),
  CONSTRAINT `fkmtrid` FOREIGN KEY (`mtrId`) REFERENCES `mtr` (`id`) ON DELETE CASCADE ON UPDATE CASCADE
) ENGINE=InnoDB AUTO_INCREMENT=126 DEFAULT CHARSET=latin1;
/*!40101 SET character_set_client = @saved_cs_client */;

--
-- Dumping data for table `mtrresiduo`
--

LOCK TABLES `mtrresiduo` WRITE;
/*!40000 ALTER TABLE `mtrresiduo` DISABLE KEYS */;
INSERT INTO `mtrresiduo` VALUES (51,3,'123','1,00','15,00','Exemplo',879,'1.000,00',NULL,'0',NULL,NULL,0),(52,3,'','','','',0,NULL,NULL,'0',NULL,NULL,0),(65,1,'5198','1,50','3,00','15548',880,'1.500,00',NULL,'0',NULL,NULL,0),(66,1,'','','','',0,NULL,NULL,'0',NULL,NULL,0),(67,1,'','','','',0,NULL,NULL,'0',NULL,NULL,0),(68,1,'','','','',0,NULL,NULL,'0',NULL,NULL,0),(69,1,'','','','',0,NULL,NULL,'0',NULL,NULL,0),(70,1,'','','','',0,NULL,NULL,'0',NULL,NULL,0),(71,1,'','','','',0,NULL,NULL,'0',NULL,NULL,0),(72,1,'','','','',0,NULL,NULL,'0',NULL,NULL,0),(73,1,'','','','',0,NULL,NULL,'0',NULL,NULL,0),(74,1,'','','','',0,NULL,NULL,'0',NULL,NULL,0),(75,4,'1245','1,00','2,00','543',881,'1.000,00',NULL,'0',NULL,NULL,0),(79,2,'Lacres','1,25','1,00','4',882,'1.250,00',NULL,'0',NULL,NULL,0),(80,2,'','','','',0,NULL,NULL,'0',NULL,NULL,0),(81,2,'','','','',0,NULL,NULL,'0',NULL,NULL,0),(82,5,'123','1,00','15,00','Exemplo',879,'1.000,00','0,00','0,00',NULL,NULL,0),(83,6,NULL,NULL,NULL,'',882,'1.000,00','0,00','0',NULL,NULL,0),(84,7,NULL,NULL,NULL,'',585,'200,00','0,00','0',NULL,NULL,0),(85,9,NULL,NULL,NULL,'',2,'11,00','0,00','0',NULL,NULL,1),(86,10,NULL,NULL,NULL,'',1,'121,00','0,00','0',NULL,NULL,1),(87,10,NULL,NULL,NULL,'',26,'11,00','0,00','0',NULL,NULL,1),(88,11,NULL,NULL,NULL,'',54,'0,00',NULL,'0',NULL,NULL,1),(89,11,NULL,NULL,NULL,'',8,'0,00',NULL,'0',NULL,NULL,1),(90,12,NULL,NULL,NULL,'',722,'100,00','0','0',NULL,NULL,1),(91,12,NULL,NULL,NULL,'',364,'50,00','0,00','0,00',NULL,NULL,1),(92,13,NULL,NULL,NULL,'',883,'100,00','0','0',NULL,NULL,1),(93,13,NULL,NULL,NULL,'',884,'100,00','0,00','0,00',NULL,NULL,1),(94,14,NULL,NULL,NULL,'',883,'200,00','0','0',NULL,NULL,1),(95,15,NULL,NULL,NULL,'',883,'100,00','0','0',NULL,NULL,1),(96,15,NULL,NULL,NULL,'',884,'100,00','0','0',NULL,NULL,1),(97,16,NULL,NULL,NULL,'',883,'100,00','0','0',NULL,NULL,1),(98,16,NULL,NULL,NULL,'',884,'100,00','0','0',NULL,NULL,1),(99,17,NULL,NULL,NULL,'',883,'100,00','100,00','100,00',NULL,NULL,0),(100,17,NULL,NULL,NULL,'',884,'100,00','0','0',NULL,NULL,1),(101,18,NULL,NULL,NULL,'',883,'100,00','0,00','0,00',NULL,NULL,1),(102,18,NULL,NULL,NULL,'',884,'100,00','0,00','0,00',NULL,NULL,1),(103,19,NULL,NULL,NULL,'',883,'100,00','0,00','0,00',NULL,NULL,1),(104,19,NULL,NULL,NULL,'',884,'100,00','0,00','0,00',NULL,NULL,1),(105,20,NULL,NULL,NULL,'',883,'50,00','12,00','12,00',NULL,NULL,0),(106,21,NULL,NULL,NULL,'',883,'100,00','0,00','0,00',NULL,NULL,1),(107,22,NULL,NULL,NULL,'',884,'50,00','50,00','50,00',NULL,NULL,0),(108,23,NULL,NULL,NULL,'',883,'100,00','0,00','0,00',NULL,NULL,1),(109,24,NULL,NULL,NULL,'',884,'100,00','100,00','100,00',NULL,NULL,0),(110,25,NULL,NULL,NULL,'',884,'100,00','100,00','100,00',NULL,NULL,0),(111,26,NULL,NULL,NULL,'',883,'100,00','0,00','0,00',NULL,NULL,1),(112,27,NULL,NULL,NULL,'',884,'100,00','100,00','100,00',NULL,NULL,0),(113,28,NULL,NULL,NULL,'',883,'100,00','0,00','0,00',NULL,NULL,1),(114,29,NULL,NULL,NULL,'',883,'100,00','0,00','0,00',NULL,NULL,1),(115,29,NULL,NULL,NULL,'',884,'100,00','0,00','0,00',NULL,NULL,1),(116,30,NULL,NULL,NULL,'',883,'100,00','100,00','100,00',NULL,NULL,0),(117,30,NULL,NULL,NULL,'',884,'20,00','20,00','20,00',NULL,NULL,0),(118,31,NULL,NULL,NULL,'',883,'100,00','0','0,00',NULL,NULL,1),(119,32,NULL,NULL,NULL,'',607,'100,00','0','0,00',NULL,NULL,1),(120,33,NULL,NULL,NULL,'',607,'100,00','0','0,00',NULL,NULL,1),(121,34,NULL,NULL,NULL,'',690,'100,00','0','0,00',NULL,NULL,1),(122,36,NULL,NULL,NULL,'',1,'100,00','0','0,00',NULL,NULL,1),(123,37,NULL,NULL,NULL,'',883,'50,00','0,00','50,00',NULL,NULL,0),(124,35,NULL,NULL,NULL,'',337,'100,00','0,00','40,00',NULL,NULL,0),(125,38,NULL,NULL,NULL,'',693,'100,00','0','50,00',NULL,NULL,0);
/*!40000 ALTER TABLE `mtrresiduo` ENABLE KEYS */;
UNLOCK TABLES;

--
-- Table structure for table `mtrresiduodivisao`
--

DROP TABLE IF EXISTS `mtrresiduodivisao`;
/*!40101 SET @saved_cs_client     = @@character_set_client */;
/*!40101 SET character_set_client = utf8 */;
CREATE TABLE `mtrresiduodivisao` (
  `id` int(10) unsigned NOT NULL AUTO_INCREMENT,
  `mtrresiduoId` int(10) unsigned NOT NULL,
  `residuoId` int(10) unsigned NOT NULL,
  `porcentagem` varchar(10) NOT NULL,
  PRIMARY KEY (`id`)
) ENGINE=InnoDB AUTO_INCREMENT=33 DEFAULT CHARSET=latin1;
/*!40101 SET character_set_client = @saved_cs_client */;

--
-- Dumping data for table `mtrresiduodivisao`
--

LOCK TABLES `mtrresiduodivisao` WRITE;
/*!40000 ALTER TABLE `mtrresiduodivisao` DISABLE KEYS */;
INSERT INTO `mtrresiduodivisao` VALUES (1,95,883,'10,00 %'),(2,95,884,'90,00 %'),(3,97,885,'60,00 %'),(4,97,884,'40,00 %'),(5,99,885,'60,00 %'),(6,99,884,'40,00 %'),(7,101,885,'60,00 %'),(8,101,884,'40,00 %'),(9,103,885,'50,00 %'),(10,103,884,'50,00 %'),(13,105,885,'60,00 %'),(14,105,884,'40,00 %'),(15,106,884,'40,00 %'),(16,106,885,'60,00 %'),(17,108,884,'40,00 %'),(18,108,885,'60,00 %'),(23,111,884,'40,00 %'),(24,111,885,'60,00 %'),(27,113,884,'40,00 %'),(28,113,885,'60,00 %'),(29,114,885,'60,00 %'),(30,114,884,'40,00 %'),(31,116,884,'40,00 %'),(32,116,885,'60,00 %');
/*!40000 ALTER TABLE `mtrresiduodivisao` ENABLE KEYS */;
UNLOCK TABLES;

--
-- Table structure for table `novidade`
--

DROP TABLE IF EXISTS `novidade`;
/*!40101 SET @saved_cs_client     = @@character_set_client */;
/*!40101 SET character_set_client = utf8 */;
CREATE TABLE `novidade` (
  `id` int(11) unsigned NOT NULL AUTO_INCREMENT,
  `modulo` varchar(45) DEFAULT NULL,
  `nome` varchar(45) DEFAULT NULL,
  `descricao` text,
  `data` varchar(10) DEFAULT NULL,
  PRIMARY KEY (`id`)
) ENGINE=InnoDB AUTO_INCREMENT=111 DEFAULT CHARSET=latin1;
/*!40101 SET character_set_client = @saved_cs_client */;

--
-- Dumping data for table `novidade`
--

LOCK TABLES `novidade` WRITE;
/*!40000 ALTER TABLE `novidade` DISABLE KEYS */;
INSERT INTO `novidade` VALUES (1,'Clientes','Escrever email para clientes','Na listagem de clientes é possível clicar nas linhas e enviar email para um grupo de clientes. O campo \"E-mail 1\" é utilizado como padrão para o destinatário.','18/07/2019'),(2,'Clientes','Envio de email de aniversário','O sistema envia automaticamente um email aos clientes no dia do seu aniversário. Conforme layout enviado para a Econotec.','18/07/2019'),(3,'Licenças','Filtro de situação','A listagem de licenças é aberta automaticamente apenas com as licenças Vigentes. As opções Finalizadas e Todos é disponibilizada no filtro.','18/07/2019'),(4,'Licenças em projeto','Criação do menu','Funcionalidade para construção de licenças ambientais. Ainda em fase de desenvolvimento, funcionalidade não liberada.','18/07/2019'),(5,'Protocolos','Envio de documento','Adicionada funcionalidade para anexar quantidade indefinida de documentos ao protocolo.','18/07/2019'),(6,'CRs','Controle de históricos','Adicionada funcionalidade para gerar histórico para cada Certificado de Regularidade.','18/07/2019'),(7,'MTR','Criação do módulo','O módulo de MTR possibilita a importação e controle do processo de Movimentação e Transporte de Resíduos e de Rejeitos.','18/07/2019'),(8,'DMR','Criação do módulo','O módulo de DMR possibilita a importação e controle de Declaração de Movimentação de Resíduos e Rejeitos, possibilitando gestão dos documentos e controle de validade','18/07/2019'),(9,'Menu superior','Adaptação do menu','As opções de menu agora estão dispostas durante toda a navegação, sem o submenu.','18/07/2019'),(10,'Menu superior','Caixa de notificação','Adição da caixa com notificações sobre licenças, condicionantes, crs e protocolos.','18/07/2019'),(11,'Clientes','Contrato padrão','Adição da opção \"Personalizar contrato\". É possível editar as três partes que vão compor a geração dos contratos. As partes \"DO OBJETO\" e \"DO PREÇO E DAS FORMAS DE PAGAMENTO\" serão as duas primeiras partes do PDF, e serão possíveis de editar dentro do cadastro do cliente na aba \"Contrato\". A parte \"CONTINUIDADE DO DOCUMENTO\" será incluída no PDF imediatamente após \"DO PREÇO E DAS FORMAS DE PAGAMENTO\". O PDF finalizará com os campos de assinatura das partes.','11/08/2019'),(12,'CRs','Envio de documento','Adicionada funcionalidade para anexar quantidade indefinida de documentos aos Certificados de Regularidade.','11/08/2019'),(13,'Orçamento','Controle de históricos','Adicionada funcionalidade para gerar histórico para cada Orçamento.','11/08/2019'),(14,'Clientes','Interface','Controle por número de cliente. Melhoria geral na interface e no cadastro por tipo de pessoa.','27/08/2019'),(15,'Geral','Interface','Melhoria nos campos de data e com máscaras.','27/08/2019'),(16,'Clientes','Aba extrato','Adicionada a aba Extrato consolidando todos os dados do cliente.','31/10/2019'),(17,'Licenças','Finalização','Adicionada opção para finalizar a licença e parar os respectivos alertas.','31/10/2019'),(18,'Licenças','Novos campos','Adicionados os campos de Número do processo, Tipo processo e Atividade','31/10/2019'),(19,'Licenças','Datas de entrega','Habilitada as várias entregas por condicionante.','31/10/2019'),(20,'Protocolos','Campo Atividade','Adicionado o campo Atividade','31/10/2019'),(21,'MTR','Adequação','O módulo foi adequado para uso prévio ao sistema MTR. Possibilitando a adição de vários resíduos e informações pertinente ao sistema MTR.','31/10/2019'),(22,'Orçamento','Aba Pagamento','Nesta aba é possível ter o controle dos vencimentos (parcelas a pagar) e dos pagamentos (pareclas pagas) de clientes. O alerta é configurado para enviar email dias antes da data de vencimento.','15/02/2020'),(23,'Orçamento','Aba Documento PDF','É possível adicionar Seções do orçamento no documento exportado em PDF, possibilitando a consturção de uma proposta com aspectos técnicos. Os Itens do orçamento agora possibilitam o cadastro de vários itens. A configuração das observações está disponível.','15/02/2020'),(24,'Cliente','Email de aniversário','Na listagem inicial do menu de Clientes é possível habilitar o envio de email automático de feliz anivesário para as pessoas cadastradas nos clientes, a mensagem enviada é padrão e pode ser visualizada ao habilitar a opção.','15/02/2020'),(25,'Dashboard','Novas informações','Novas informações relativas a cada módulo são apresentadas na tela inicial. Agora é possível visualizar as condicionantes próximas da validade, bem como dos orçamentos mais recentes.','15/02/2020'),(26,'Dashboard','Interação com os itens','Em cada item do Dashboard é possível fazer o clique e ir direto ao documento.','15/02/2020'),(27,'Vários','Sistema de semáforos','Os módulos receberam na primeira página (onde os dados são listados) semáforos que indicam a situação do documento em relação ao seu prazo.','15/02/2020'),(28,'Alertas','Fim de semana','Os alertas são enviados aos usuários do sistema apenas em dias úteis.','15/02/2020'),(29,'Clientes','Renomeação do módulo','O módulo Clientes passa a ter o nome de Empresas para adequação de contexto. Todos os campos de seleção de Cliente nos demais módulos também foram renomeados.','17/03/2020'),(30,'Empresas','Aba Documentos','Adição da aba \"Documentos\" com a possibilidade de anexar arquivos gerais relativos a empresa.','17/03/2020'),(31,'Empresas','Aba Logis','Adição da aba \"Logins\" com a possibilidade cadastrar logins relacionados ao cliente. Fazendo o clique na âncora ao lado direito da URL/link do site é possível acessar a página em questão.','17/03/2020'),(32,'Licenças','Aba Condicionantes','As condicionantes foram destacadas para uma aba específica de forma a facilitar a sua leitura e usabilidade.','17/03/2020'),(33,'Vistorias','Criação do módulo','O módulo Vistorias permite o controle de averiguação das ações, processos, produtos e instalações do empreendimento. ','17/03/2020'),(34,'Empresas','Campo Nome fantasia','Adicionado o campo Nome fantasia para empresas.','17/03/2020'),(35,'Sistema','Cadastro de Históricos','Os usuários com perfil de administrador podem excluir o histórico de qualquer usuário.','17/03/2020'),(36,'Sistema','Cadastro de Responsável','Nos módulos de Orçamentos, Licenças e condicionantes, Protocolos, CRs, Vistorias e MTRs é possível associar um usuário do sistema como Responsável pela gestão e manutenção da respectiva informação. Este usuário reberá os emails de alerta, caso não haja responsável cadastrado o email é encaminhado para todos os usuários. Ao selecionar um responsável no cadastro de Empresa, o sistema automaticamente vai delegar a ele todos os documentos dessa empresa em todos os módulos.','17/03/2020'),(37,'Sistema','Títulos das telas de cadastros','No topo das telas são apresentados nomese números dos documentos.','24/04/2020'),(38,'CR','Finalizar','Adicionada a opção de finalizar os CRs.','24/04/2020'),(39,'Orçamento','Nota Fiscal','Adicionado o cadastro do número e documento da NFe no pagamento.','24/04/2020'),(40,'Orçamento','Número','O número do Orçamento é impresso no PDF e pode ser configurado no botão \"Número sequencial\" na listagem.','24/04/2020'),(41,'Orçamento','Valor total apresentado na listagem','O total do orçamento é exibido antes da impressão, na tela de listagem do mesmo.','24/04/2020'),(42,'Empreendimento','Criação do módulo','O módulo Empreendimentos permite cadastrar os Empreendimentos dentro de uma Empresa. Para acessar o módulo, repouse o mouse sobre o menu \"Empresas\". Sendo, também, possível fazer o Manejo Florestal por Empreendimento.','24/04/2020'),(43,'Empresa e Empreendimento','Cadastro de ART','Possibilitado o controle e alerta de ART por Empresa e por Empreendimento.','24/04/2020'),(44,'Empresa','Contratos','Os contratos possuem um número sequencial configurável pelo botão \"Número sequencial contrato\" na tela de listagem. ','24/04/2020'),(45,'Empresa','Contratos','É possível cadastrar uma validade para o contrato e configurar um alerta via email.','24/04/2020'),(46,'Ofício','Criação do módulo','O módulo de Ofício permite gerenciar os recebidos e enviados. É possível configurar um alerta de acordo com o Prazo de resposta do mesmo. A elaboração do Oficício e geração do PDF é possível na aba \"Documento PDF\".','24/04/2020'),(47,'MTR','Gestão de resíduos','O novo MTR possibilita a gestão de resíduos, da geração do MTR, do Certificado de Armazenamento até o Certificado de Destinação Final.','24/04/2020'),(48,'Sistema','Vários responsáveis por documento','É possível atribuir mais de um responsável a um documento. Por exemplo, uma Licença ou Condicionante pode ter mais de um responsável pela mesma.','24/04/2020'),(49,'Sistema','Configurar cabeçalho e assinatura','Na aba \"Impressão PDF\" dentro da opção de Configuração do sistema é possível definir o texto padrão para Cabeçalho e rodapé dos documentos impressos em PDF pelo sistema.','24/04/2020'),(50,'MTR','Renomeação do módulo','O módulo MTR passa a se chamar Gestão de resíduos, possibilitando a geração dos documentos relacionados a este processo. Gerando MTR, CDA para armazenamentno e CDF para destinação final.','30/05/2020'),(51,'Protocolo','Configuração do alerta','É possível configurar o alerta pela contagem de dias após a data, e agora por uma data objetivo em específico.','30/05/2020'),(52,'Dashboard','Novos módulos','Os novos módulos foram adicionados ao dashboard, facilitando o acesso rápido as informações.','30/05/2020'),(53,'Sistema','E-mails de alerta','Os emails diários foram unificados em um único email chamado de \"Relatório diário\". Este email consolida todos os prazos e tarefas realizadas. Exibindo os documentos com validade para hoje e para a semana atual. Apresenta os prazos que estão vencidos e próximos do vencimento. As tarefas realizadas durante a semana são consolidadas no final do relatório diário.','30/05/2020'),(54,'Empresas e Empreendimentos','Cadastro de várias ARTs','Em ambos os módulos é possível fazer o cadastros de várias ARTs.','30/05/2020'),(55,'Vistoria','Escrever o relatório','Possibilitado desenvolver a vistoria e o controle ambiental por dentro do próprio Ambisis. No submenu \"Controles ambientais\" é possível cadastrar as verificações a serem executadas. Na listagem das vistorias é possível encaminhar o relatório para o Responsável e o Contato cadastrados na empresa com apenas um clique. Na aba Fotos é possível fazer o registro das imagens registradas em campo.','30/05/2020'),(56,'Dashboard','Gráficos de Licenças e Condicionantes','Adicionado gráfico de pizza com as Licenças e Condicionantes A vencer, Vencidas e Finalizadas no mês atual.','30/05/2020'),(57,'Ofício','Adição de campos','Os campos Objetivo, Nome do técnico e Requerente foram adicionados ao cadastro e PDF. O campo de Empreendimento passa a ser opcional. ','30/05/2020'),(58,'Sistema','Históricos','Os campos de Histórico permitem inserir uma quantidade ilimitada de texto.','30/05/2020'),(59,'Manejo florestal','Criação do módulo','O módulo de Manejo florestal foi criado, sendo retirado do cadastro interno do Empreendimento para uma opção de menu na lateral esquerda. Possibilitando a evolução do módulo e funcionalidades relacionadas ao tema.','30/05/2020'),(60,'Licenças','Situação Em renovação','As licenças passam a ter como possibilidade de situação \"Em renovação\". Logo, toda comunicação da licença é feita mediante essa informação.','30/05/2020'),(61,'Licenças','Fases','As licenças passam a ter o cadastro de Fases, o qual pode ser previamente construído no submenu \"Fases\" dentro da opção de menu \"Licenças\".','30/05/2020'),(62,'Licenças','Cumprir condicionantes','Nas Datas de entrega de cadas condicionante é possível Cumprir a entrega apenas marcando a opção \"Cumprida\". Além de colocar uma observação relacionada a cada entrega realizada.','30/05/2020'),(63,'Licenças','Data de emissão','O campo Data de emissão foi adicionado as licenças.','11/07/2020'),(64,'Ofícios e Vistorias','Impressão','Caso o respectivo documento não possua um Empreendimento, o documento será gerado com os dados da Empresa.','11/07/2020'),(65,'Empresas','Contrato padrão','A edição do modelo de contrato passou a ser um submenu do módulo de Empresas.','11/07/2020'),(66,'Sistema','Listagens da tela inicial dos módulos','As tabelas que listam as informações do sistema, por exemplo as licenças cadastradas, receberam uma melhoria de tecnologia. Agora, ao trocar de tela, as telas memoriam a interação anterior, facilitando a interação com múltiplos registros (ex.: licenças). ','11/07/2020'),(67,'Sistema','Listagens da tela inicial dos módulos','Os botões auxiliares de Impressão e Enviar email foram para dentro dos registros, tornando as interações mais contextualizadas. Você sempre deve salvar antes de fazer uma das duas interações, mas fique tranquilo que o sistema vai lembrar você disso.','11/07/2020'),(68,'Sistema','Listagens da tela inicial dos módulos','Os valores presentes nas células agora são clicáveis. Por exemplo, quando você estiver na listagem de Licenças, basta clicar no nome da Empresa, em sua respectiva coluna e linha, que será redirecionado diretamente para o cadstro daquela empresa.','11/07/2020'),(69,'Sistema','Listagens da tela inicial dos módulos','Quando for necessário voltar para o carregamento padrão de uma listagem de registros, basta usar o botão \"Limpar filtros\".','11/07/2020'),(70,'Dashboard','Filtro de prazos vencidos','Nas caixas com os documentos que possuam prazo, agora é possível alternar a exibição entre \"próximas a vencer\" e \"vencidas\".','11/07/2020'),(71,'Ofícios','Semáforo','O módulo recebeu o semáforo de prazos na listagem.','15/08/2020'),(72,'Sistema','Cadastro de endereços','Os endereços passaram a possuir bairro e complemento.','15/08/2020'),(73,'Sistema','Responsáveis nas listagens','Todas as listagens do sistema possuem a coluna Responsáveis, possibilitando também o filtro.','15/08/2020'),(74,'Empreendimentos','Copiar de empresa','Ao cadastrar um Empreendimento é possível fazer a cópia dos dados de uma empresa para concluir o cadastro.','15/08/2020'),(75,'Dashboard','Gráficos','O gráfico de Licenças possui indicador de total, validade, em renovação e finalizadas por mês. O gráfico de condicionantes possuí indicador de total, validade e cumpridas.','15/08/2020'),(76,'Licenças','Data de protocolo','Adicionado cadastro de prazo de protocolo da renovação da licença com cálculo automatico da data limite.','15/08/2020'),(77,'Licenças','Data de entrega das condicionantes','A possibilidade de adição de datas de entrega de forma bimestral e também contadas a partir da emissão da licença.','15/08/2020'),(78,'Empresas e Empreendimentos','Finalização de ART','As ART cadastradas podem ser Finalizadas. Desta forma elas podem ser concluídas e param de ser alertadas no email diário.','15/08/2020'),(79,'Calendário','Módulo novo','No canto superior direito foi adicionado o menu Calendário. Nele estão consolidadas todas as datas relacionadas a prazos presentes no sistema.','15/08/2020'),(80,'Empresas','Mensalistas','Adicionada opção para marcar quais Empresas são mensalistas.','15/08/2020'),(81,'Protocolos','Empreendimentos e Link','O cadastro recebeu o campo de Empreendimento e de link do site do órgão.','15/08/2020'),(82,'Protocolos','Histórico na listagem','O último histórico é apresentado na listagem.','15/08/2020'),(83,'Vistorias','Checklist de controles','O submenu Checklists foi adicionado, permitindo que se crie grupos para inserção rápida dentro das vistorias.','15/08/2020'),(84,'Vistorias','Controles com observação','Cada controle ambiental possui a possibilidade de receber uma observação, a qual vai imediatamente após o mesmo no PDF.','15/08/2020'),(85,'Orçamentos','Valor dos pagamentos','Na aba Pagamentos do orçamento é possível destacar o valor cobrado em cada vencimento. O sistema também oferece um resumo entre o que está parcelado e o presente nos itens do orçamento.','15/08/2020'),(86,'Impressão PDF','Paginação','No menu Configurações > Impressão PDF é possível habilitar a paginação na impressão dos documentos gerados pelo Ambisis.','19/09/2020'),(87,'Orçamentos','Aprovação e finalização','Adicionada as funcionalidades de aprovação da proposta e finalização do documento.','19/09/2020'),(88,'CR','Empreendimento','Adicionado o campo de empreendimento no cadastro.','19/09/2020'),(89,'Resumo diário','Documentos em renovação','No resumo diário recebido por email foi criada um bloco específico para os documentos em renovação.','19/09/2020'),(90,'Licenças','Condicionantes recorrentes','Um novo botão foi adicionado nas opções de inserção de Data de entrega, com o botão \"+ Recorrente\" é possível adicionar várias entregas de uma única vez, seguindo uma periodicidade.','19/09/2020'),(91,'Orçamento','Desconto','Adicionada possibilidade de inserir descontos por item do orçamento ou no orçamento completo.','19/09/2020'),(92,'Protocolo','Licença','O cadastro recebeu o campo Licença, inserido de acordo com a respectiva Empresa e Empreendimento.','23/10/2020'),(93,'Orçamento','Data no PDF','A data do orçamento é exibida na impressão PDF. Desde que tenha sido inserida no formulário.','23/10/2020'),(94,'Vistoria','Alerta','O módulo recebeu um alerta que possibilita ser lembrado de uma vistoria ou visita de campo que deve ser realizada.','23/10/2020'),(95,'Vistoria','Finalização e duplicação','Adicionada a possibilidade de finalizar e duplicar a vistoria.','23/10/2020'),(96,'CR','Taxa','Adicionado o campo Taxa (R$).','23/10/2020'),(97,'CR','Licença','O cadastro recebeu o campo Licença, inserido de acordo com a respectiva Empresa e Empreendimento.','23/10/2020'),(98,'Sistema','Botão Finalizar','Os botões de Finalizar foram movidos para dentro das telas de cadastro de documentos no sistema.','23/10/2020'),(99,'Licença','Licença anterior','O cadastro recebeu o campo Licença anterior, possibilitando a amarração com a licença já renovada.','09/01/2021'),(100,'Licença e Orçamentos','Itens reordenáveis','As condicionantes e as seções e itens dos orçamentos podem ser reordenados e minimizados, facilitando a visualização e organização dos mesmos.','09/01/2021'),(101,'Calendário','Filtrar por responsável','Os eventos podem ser filtrados de acordo com os usuários desejados.','09/01/2021'),(102,'Sistema','Alerta de prazos padrão','A opção de Configurações recebeu uma nova aba para definir os alertas padrão para cada tipo de documento. Ao realizar o cadastro de novos documentos, este padrões serão utilizados.','09/01/2021'),(103,'Licença','Status de condicionantes','As condicionantes passam a exibir a situação em que está relacionada aos prazos.','09/01/2021'),(104,'Ofício','Imagens','As imagens anexadas podem receber uma legenda.','09/01/2021'),(105,'Vistoria','Imagens','As imagens anexadas podem receber uma legenda e uma amarração com o controle cadastrado.','09/01/2021'),(106,'Orçamentos','Impressão sem valores','Adicionada a geração do PDF do orçamento sem o valor informado nos itens.','09/01/2021'),(107,'Condicionantes','Extrato','O menu de Licenças recebeu um submenu de Condicionantes, um painel que simplifica a busca e o acesso para as condicionantes.','09/01/2021'),(108,'Sistema','Feedback ao salvar','Ao salvar, finalizar ou efetuar qualquer interação que exista um processo ocorrendo irá aparecer uma mensagem de carregamento.','03/03/2022'),(109,'Configurações','Nova aba: \"Informações da sua empresa\"','As configurações receberam uma nova aba: \"Informações da sua empresa\", com os dados referentes a sua empresa, permitindo alterar informações como: logo, telefone, localização, site, etc.','03/03/2022'),(110,'Orçamentos','Valor total dos orçamentos na listagem','Na listagem dos orçamentos foi adicionado um rodapé que exibe o valor total dos itens dos orçamentos exibidos naquela página e também de todos os orçamentos cadastrados.','03/03/2022');
/*!40000 ALTER TABLE `novidade` ENABLE KEYS */;
UNLOCK TABLES;

--
-- Table structure for table `oficio`
--

DROP TABLE IF EXISTS `oficio`;
/*!40101 SET @saved_cs_client     = @@character_set_client */;
/*!40101 SET character_set_client = utf8 */;
CREATE TABLE `oficio` (
  `id` int(10) unsigned NOT NULL AUTO_INCREMENT,
  `numero` varchar(45) DEFAULT NULL,
  `clienteId` int(10) unsigned NOT NULL,
  `empreendimentoId` int(10) unsigned DEFAULT NULL,
  `licencaId` int(10) unsigned DEFAULT NULL,
  `dataRecebimento` varchar(10) DEFAULT NULL,
  `prazoResposta` varchar(10) DEFAULT NULL,
  `alertaValidade` int(3) unsigned DEFAULT NULL,
  `orgao` varchar(45) NOT NULL,
  `setor` varchar(45) NOT NULL,
  `oficioFilename` varchar(255) DEFAULT NULL,
  `oficioFilePath` text,
  `oficioFileSize` int(11) DEFAULT NULL,
  `infoNotaTecnica` text,
  `numProcessoAdministrativo` varchar(40) DEFAULT NULL,
  `dataOficio` varchar(10) DEFAULT NULL,
  `assunto` varchar(255) DEFAULT NULL,
  `redacao` text,
  `modificacaoData` timestamp NULL DEFAULT CURRENT_TIMESTAMP ON UPDATE CURRENT_TIMESTAMP,
  `modificacaoUsuario` int(10) unsigned DEFAULT NULL,
  `finalizado` int(1) NOT NULL DEFAULT '0',
  `dataFinalizacao` varchar(10) DEFAULT NULL,
  `objetivo` text,
  `tecnicoId` int(10) unsigned DEFAULT NULL,
  `requerenteId` int(10) unsigned DEFAULT NULL,
  `arquivoId` int(10) DEFAULT NULL,
  PRIMARY KEY (`id`),
  KEY `oficio_arquivoFK` (`arquivoId`),
  CONSTRAINT `oficio_arquivoFK` FOREIGN KEY (`arquivoId`) REFERENCES `arquivo` (`id`) ON DELETE SET NULL ON UPDATE SET NULL
) ENGINE=InnoDB AUTO_INCREMENT=8 DEFAULT CHARSET=latin1;
/*!40101 SET character_set_client = @saved_cs_client */;

--
-- Dumping data for table `oficio`
--

LOCK TABLES `oficio` WRITE;
/*!40000 ALTER TABLE `oficio` DISABLE KEYS */;
INSERT INTO `oficio` VALUES (1,'1',1,2,33,'21/12/2021','21/02/2022',20,'SEMASA','AUS','1560263938187_relatorioAvcb-61bc9eb18db67.pdf','uploads/possamai/oficioFile/1560263938187_relatorioAvcb-61bc9eb18db67.pdf',3333187,'','0101/2020','01/09/2021','Gestão de Efluentes','\r\n				\r\n				\r\n				\r\n				\r\n				\r\n				\r\n				\r\n				\r\n				\r\n				\r\n				\r\n				\r\n				\r\n				\r\n				\r\n				\r\n				\r\n				\r\n				\r\n				\r\n				\r\n				\r\n				\r\n				\r\n				\r\n				\r\n				\r\n				\r\n				\r\n				\r\n				\r\n				\r\n				\r\n				\r\n				\r\n				\r\n				\r\n				\r\n				\r\n				\r\n				\r\n				\r\n				\r\n				\r\n				\r\n				\r\n				\r\n				\r\n				\r\n				\r\n				<div>Solicito mais <i>prazo </i>para a entrega da condicionante relacionada a:&nbsp;</div><div>Atributos e grau de importância dos principais impactos adversos\r\nque podem ocorrer no meio físico – fase de operação.<br></div>\r\n			\r\n			\r\n			\r\n			\r\n			\r\n			\r\n			\r\n			\r\n			\r\n			\r\n			\r\n			\r\n			\r\n			\r\n			\r\n			\r\n			\r\n			\r\n			\r\n			\r\n			\r\n			\r\n			\r\n			\r\n			\r\n			\r\n			\r\n			\r\n			\r\n			\r\n			\r\n			\r\n			\r\n			\r\n			\r\n			\r\n			\r\n			\r\n			\r\n			\r\n			\r\n			\r\n			\r\n			\r\n			\r\n			\r\n			\r\n			\r\n			\r\n			\r\n			\r\n			\r\n			\r\n			\r\n			\r\n			\r\n			\r\n			\r\n			\r\n			\r\n			\r\n			\r\n			\r\n			\r\n			\r\n			\r\n			\r\n			\r\n			\r\n			\r\n			\r\n			','2022-02-22 12:12:01',11,0,NULL,'Monitorar os principais impactos ambientais negativos gerados pelas atividades fins.\r\nContaminação humana\r\nGeração de resíduos perigosos\r\nRiscos de incêndios e explosões e a contaminação do solo e da água. ',1,5,NULL),(2,'30',5,1,11,'02/12/2021','02/03/2022',25,'MPSC','Jurídico Administrativo','Ofício-37-2018-IMA-Licenciamento-Ambiental-Municipal-61c1e9f60a053.pdf','uploads/possamai/oficioFile/Ofício-37-2018-IMA-Licenciamento-Ambiental-Municipal-61c1e9f60a053.pdf',81377,'Relatar os principais aspectos/impactos ambientais causados pelo funcionamento do empreendimento, bem como as respectivas medidas mitigadoras sugeridas pelo órgão de fiscalização. ','0037/2018/CME','20/12/2021','Licenciamento Ambiental Municipal','\r\n				\r\n				\r\n				Tem como objetivo o atendimento da notificação de pendência lavrada no processo de licenciamento ambiental da unidade visando a regularidade do sistema de tratamento e de abastecimento de água no empreendimento.\r\n				\r\n				\r\n				\r\n				\r\n				\r\n				\r\n				\r\n				\r\n				\r\n				\r\n				\r\n				\r\n				\r\n				\r\n				\r\n				\r\n			\r\n			\r\n			\r\n			\r\n			\r\n			\r\n			\r\n			\r\n			\r\n			\r\n			\r\n			\r\n			\r\n			\r\n			\r\n			\r\n			\r\n			\r\n			','2022-01-31 17:26:43',11,0,NULL,'Relatar os principais aspectos/impactos ambientais causados pelo funcionamento do empreendimento, bem como as respectivas medidas mitigadoras sugeridas pelo órgão de fiscalização. ',1,11,NULL),(3,'31',1,2,4,'','10/07/2020',0,'SEMASA','Secretaria',NULL,NULL,NULL,'','','','','\r\n				\r\n				\r\n				\r\n			\r\n			\r\n			','2020-07-11 12:30:03',1,1,'11/07/2020','',0,0,NULL),(4,'4',5,1,0,'08/02/2021','12/03/2021',3,'SEMASA','AUS',NULL,NULL,NULL,'','123/2021','30/01/2021','Solicitação de prazo para entrega de condicionante','\r\n				\r\n				\r\n				NEste ofício...\r\n			\r\n			\r\n			','2021-03-11 19:09:04',1,1,'11/03/2021','Tem como objetivo..',1,5,NULL),(5,'5',9,0,0,'','05/02/2021',5,'SEMASA','AUS',NULL,NULL,NULL,'','123/2020','29/01/2021','','\r\n				\r\n				\r\n				\r\n			\r\n			\r\n			','2021-03-09 19:33:29',1,1,'09/03/2021','',0,0,NULL),(6,'6',25,0,26,'10/09/2021','31/12/2021',7,'SEMASA','SCA',NULL,NULL,NULL,'','','','','\r\n				\r\n				\r\n				\r\n				\r\n				\r\n				\r\n			\r\n			\r\n			\r\n			\r\n			\r\n			','2021-11-11 20:20:27',1,0,NULL,'',0,0,NULL),(7,'7',2,0,0,'04/01/2021','04/03/2022',60,'SIAM','Adminstrativo','gecal-61c1e4c93878d.pdf','uploads/possamai/oficioFile/gecal-61c1e4c93878d.pdf',0,'Relatar os principais aspectos/impactos ambientais causados pelo funcionamento do empreendimento, bem como as respectivas medidas mitigadoras sugeridas pelo órgão de fiscalização. ','0058892/2020','20/12/2021','Parecer único - 0058892/2020','\r\n				\r\n				\r\n				Solicito prazo adicional para elaboração de planejamento&nbsp;da atividade de fabricação de Cal virgem, hidratada ou extinta com capacidade instalada de 54.000 t/ano do empreendimento Gecal Indústria e Comércio de Produtos Minerais Ltda. \r\n			\r\n			\r\n			','2022-02-21 16:47:30',12,0,NULL,'Subsidiar a análise do pedido de obtenção de LO, formalizado em 14 de agosto de 2014, para a atividade de fabricação de Cal virgem, hidratada ou extinta com capacidade instalada de 54.000 t/ano do empreendimento Gecal Indústria e Comércio de Produtos Minerais Ltda. ',11,11,NULL);
/*!40000 ALTER TABLE `oficio` ENABLE KEYS */;
UNLOCK TABLES;
/*!50003 SET @saved_cs_client      = @@character_set_client */ ;
/*!50003 SET @saved_cs_results     = @@character_set_results */ ;
/*!50003 SET @saved_col_connection = @@collation_connection */ ;
/*!50003 SET character_set_client  = utf8mb4 */ ;
/*!50003 SET character_set_results = utf8mb4 */ ;
/*!50003 SET collation_connection  = utf8mb4_general_ci */ ;
/*!50003 SET @saved_sql_mode       = @@sql_mode */ ;
/*!50003 SET sql_mode              = '' */ ;
DELIMITER ;;
/*!50003 CREATE*/ /*!50017 */ /*!50003 TRIGGER `oficio_BEFORE_UPDATE` BEFORE UPDATE ON `oficio`



 FOR EACH ROW BEGIN



	IF NEW.finalizado = 1 AND OLD.finalizado != 1 THEN



        SET new.dataFinalizacao = DATE_FORMAT(NOW(), '%d/%m/%Y');



	ELSEIF NEW.finalizado = 0 AND OLD.finalizado != 0 THEN



		SET new.dataFinalizacao = null;



    END IF;



END */;;
DELIMITER ;
/*!50003 SET sql_mode              = @saved_sql_mode */ ;
/*!50003 SET character_set_client  = @saved_cs_client */ ;
/*!50003 SET character_set_results = @saved_cs_results */ ;
/*!50003 SET collation_connection  = @saved_col_connection */ ;

--
-- Table structure for table `oficiofile`
--

DROP TABLE IF EXISTS `oficiofile`;
/*!40101 SET @saved_cs_client     = @@character_set_client */;
/*!40101 SET character_set_client = utf8 */;
CREATE TABLE `oficiofile` (
  `id` int(10) unsigned NOT NULL AUTO_INCREMENT,
  `oficioId` int(10) unsigned NOT NULL,
  `filename` varchar(255) NOT NULL,
  `path` text NOT NULL,
  `size` int(11) unsigned DEFAULT NULL,
  PRIMARY KEY (`id`)
) ENGINE=InnoDB AUTO_INCREMENT=4 DEFAULT CHARSET=latin1;
/*!40101 SET character_set_client = @saved_cs_client */;

--
-- Dumping data for table `oficiofile`
--

LOCK TABLES `oficiofile` WRITE;
/*!40000 ALTER TABLE `oficiofile` DISABLE KEYS */;
INSERT INTO `oficiofile` VALUES (1,7,'2019.08.02 - PROAM - Manifestacao-61bcc51cc2de7.pdf','uploads/possamai/oficiofiles/7/2019.08.02 - PROAM - Manifestacao-61bcc51cc2de7.pdf',981697),(3,2,'Ofício-37-2018-IMA-Licenciamento-Ambiental-Municipal-61c1e9f60f4a5.pdf','uploads/possamai/oficiofiles/2/Ofício-37-2018-IMA-Licenciamento-Ambiental-Municipal-61c1e9f60f4a5.pdf',81377);
/*!40000 ALTER TABLE `oficiofile` ENABLE KEYS */;
UNLOCK TABLES;

--
-- Table structure for table `oficiofoto`
--

DROP TABLE IF EXISTS `oficiofoto`;
/*!40101 SET @saved_cs_client     = @@character_set_client */;
/*!40101 SET character_set_client = utf8 */;
CREATE TABLE `oficiofoto` (
  `id` int(10) unsigned NOT NULL AUTO_INCREMENT,
  `oficioId` int(10) unsigned NOT NULL,
  `filename` varchar(255) NOT NULL,
  `path` text NOT NULL,
  `size` int(11) unsigned DEFAULT NULL,
  `thumbPath` text,
  `descricao` text,
  `arquivoId` int(10) DEFAULT NULL,
  `thumbArquivoId` int(10) DEFAULT NULL,
  PRIMARY KEY (`id`),
  KEY `oficiofoto_arquivoFK` (`arquivoId`),
  KEY `oficiofoto_arquivoThumbFK` (`thumbArquivoId`),
  CONSTRAINT `oficiofoto_arquivoFK` FOREIGN KEY (`arquivoId`) REFERENCES `arquivo` (`id`) ON DELETE SET NULL ON UPDATE SET NULL,
  CONSTRAINT `oficiofoto_arquivoThumbFK` FOREIGN KEY (`thumbArquivoId`) REFERENCES `arquivo` (`id`) ON DELETE SET NULL ON UPDATE SET NULL
) ENGINE=InnoDB AUTO_INCREMENT=20 DEFAULT CHARSET=latin1;
/*!40101 SET character_set_client = @saved_cs_client */;

--
-- Dumping data for table `oficiofoto`
--

LOCK TABLES `oficiofoto` WRITE;
/*!40000 ALTER TABLE `oficiofoto` DISABLE KEYS */;
INSERT INTO `oficiofoto` VALUES (2,4,'IMA0000010000001817-5f93ff528a74a.jpg','uploads/possamai/oficiofotos/4/IMA0000010000001817-5f93ff528a74a.jpg',104002,'uploads/possamai/oficiofotos/4/IMA0000010000001817-5f93ff528a74a.thumb.jpg','',NULL,NULL),(3,4,'recanto-silvestre-blumenau-1-5f93ff528b67c.jpg','uploads/possamai/oficiofotos/4/recanto-silvestre-blumenau-1-5f93ff528b67c.jpg',389215,'uploads/possamai/oficiofotos/4/recanto-silvestre-blumenau-1-5f93ff528b67c.thumb.jpg','',NULL,NULL),(4,4,'serra-5ffe1f7c4766b.jpg','uploads/possamai/oficiofotos/4/serra-5ffe1f7c4766b.jpg',227361,'uploads/possamai/oficiofotos/4/serra-5ffe1f7c4766b.thumb.jpg','serra',NULL,NULL),(5,6,'posto-combustiveis-licenciamento-ambiental-60ef1d3e55d45.jpg','uploads/possamai/oficiofotos/6/posto-combustiveis-licenciamento-ambiental-60ef1d3e55d45.jpg',174346,'uploads/possamai/oficiofotos/6/posto-combustiveis-licenciamento-ambiental-60ef1d3e55d45.thumb.jpg','Vista 01',NULL,NULL),(6,6,'Drenagem_Postos_Combustivel_ACO_4-60ef1d3e65287.jpg','uploads/possamai/oficiofotos/6/Drenagem_Postos_Combustivel_ACO_4-60ef1d3e65287.jpg',173571,'uploads/possamai/oficiofotos/6/Drenagem_Postos_Combustivel_ACO_4-60ef1d3e65287.thumb.jpg','Vista 02',NULL,NULL),(10,1,'manuseio de sucata metálica-61c1dd1045067.png','uploads/possamai/oficiofotos/1/manuseio de sucata metálica-61c1dd1045067.png',304402,'uploads/possamai/oficiofotos/1/manuseio de sucata metálica-61c1dd1045067.thumb.png','Vista 01',NULL,NULL),(11,1,'armazenamento de sucata metálica-61c1dd10512f1.png','uploads/possamai/oficiofotos/1/armazenamento de sucata metálica-61c1dd10512f1.png',304233,'uploads/possamai/oficiofotos/1/armazenamento de sucata metálica-61c1dd10512f1.thumb.png','Vista 02',NULL,NULL),(12,1,'sucata metálica compactada-61c1dd1060fd0.png','uploads/possamai/oficiofotos/1/sucata metálica compactada-61c1dd1060fd0.png',264832,'uploads/possamai/oficiofotos/1/sucata metálica compactada-61c1dd1060fd0.thumb.png','Vista 03',NULL,NULL),(13,7,'exploração mineral-61c1dd897e1fb.jpg','uploads/possamai/oficiofotos/7/exploração mineral-61c1dd897e1fb.jpg',111411,'uploads/possamai/oficiofotos/7/exploração mineral-61c1dd897e1fb.thumb.jpg','Exploração',NULL,NULL),(14,7,'lavra-ceu-aberto-61c1dd89860fd.jpg','uploads/possamai/oficiofotos/7/lavra-ceu-aberto-61c1dd89860fd.jpg',96243,'uploads/possamai/oficiofotos/7/lavra-ceu-aberto-61c1dd89860fd.thumb.jpg','Lavra1',NULL,NULL),(15,7,'lavra-subterranea-61c1dd898d28f.jpg','uploads/possamai/oficiofotos/7/lavra-subterranea-61c1dd898d28f.jpg',85925,'uploads/possamai/oficiofotos/7/lavra-subterranea-61c1dd898d28f.thumb.jpg','Lavra2',NULL,NULL),(16,2,'posto1-61c1ddd88d100.jpg','uploads/possamai/oficiofotos/2/posto1-61c1ddd88d100.jpg',14618,'uploads/possamai/oficiofotos/2/posto1-61c1ddd88d100.thumb.jpg','',NULL,NULL),(17,2,'posto2-61c1ddd890e97.jpg','uploads/possamai/oficiofotos/2/posto2-61c1ddd890e97.jpg',11022,'uploads/possamai/oficiofotos/2/posto2-61c1ddd890e97.thumb.jpg','',NULL,NULL),(18,2,'posto-bombas-61c1e5e3947a8.jpg','uploads/possamai/oficiofotos/2/posto-bombas-61c1e5e3947a8.jpg',32586,'uploads/possamai/oficiofotos/2/posto-bombas-61c1e5e3947a8.thumb.jpg','',NULL,NULL),(19,7,'mineracao-nao-e-um-mal-necessario-foto-wwf-6213c22270714.jpg','uploads/possamai/oficiofotos/7/mineracao-nao-e-um-mal-necessario-foto-wwf-6213c22270714.jpg',98131,'uploads/possamai/oficiofotos/7/mineracao-nao-e-um-mal-necessario-foto-wwf-6213c22270714.thumb.jpg','Mineração',NULL,NULL);
/*!40000 ALTER TABLE `oficiofoto` ENABLE KEYS */;
UNLOCK TABLES;

--
-- Table structure for table `orcamento`
--

DROP TABLE IF EXISTS `orcamento`;
/*!40101 SET @saved_cs_client     = @@character_set_client */;
/*!40101 SET character_set_client = utf8 */;
CREATE TABLE `orcamento` (
  `id` int(9) unsigned NOT NULL AUTO_INCREMENT,
  `clienteId` int(9) unsigned DEFAULT NULL,
  `empreendimentoId` int(10) unsigned DEFAULT NULL,
  `alertaValidade` int(3) DEFAULT NULL,
  `itensObservacao` text,
  `condicoesFormaPagamento` text,
  `observacoes` text,
  `modificacaoData` timestamp NOT NULL DEFAULT CURRENT_TIMESTAMP ON UPDATE CURRENT_TIMESTAMP,
  `modificacaoUsuario` int(10) DEFAULT NULL,
  `notaFiscalNumero` varchar(255) DEFAULT NULL,
  `notaFiscalFileName` varchar(255) DEFAULT NULL,
  `notaFiscalPath` text,
  `notaFiscalSize` int(11) DEFAULT NULL,
  `numero` int(10) unsigned DEFAULT NULL,
  `data` varchar(10) DEFAULT NULL,
  `finalizado` int(1) unsigned NOT NULL DEFAULT '0',
  `ehAprovado` int(1) unsigned DEFAULT NULL,
  `descontoTotal` varchar(24) DEFAULT NULL,
  `modoDescontoTotal` int(1) unsigned NOT NULL DEFAULT '0',
  `tipo` varchar(256) DEFAULT NULL,
  `arquivoId` int(10) DEFAULT NULL,
  PRIMARY KEY (`id`),
  KEY `orcamento_arquivoFK` (`arquivoId`),
  CONSTRAINT `orcamento_arquivoFK` FOREIGN KEY (`arquivoId`) REFERENCES `arquivo` (`id`) ON DELETE SET NULL ON UPDATE SET NULL
) ENGINE=InnoDB AUTO_INCREMENT=37 DEFAULT CHARSET=utf8;
/*!40101 SET character_set_client = @saved_cs_client */;

--
-- Dumping data for table `orcamento`
--

LOCK TABLES `orcamento` WRITE;
/*!40000 ALTER TABLE `orcamento` DISABLE KEYS */;
INSERT INTO `orcamento` VALUES (3,1,2,3,'*Obs: Com emissão de Nota Fiscal.','\r\n				\r\n				\r\n				\r\n				\r\n				\r\n				\r\n				\r\n				\r\n				\r\n				\r\n				\r\n				\r\n				\r\n				\r\n				\r\n				\r\n				A vista\r\n			\r\n			\r\n			\r\n			\r\n			\r\n			\r\n			\r\n			\r\n			\r\n			\r\n			\r\n			\r\n			\r\n			\r\n			\r\n			\r\n			','','2022-01-13 11:50:33',11,'',NULL,NULL,NULL,3,'16/10/2020',1,1,'',0,NULL,NULL),(4,1,2,5,'Os valores são de recorrência mensal tendo em consideração que a prestação de serviço é continua.','\r\n				\r\n				\r\n				\r\n				\r\n				\r\n				\r\n				\r\n				\r\n				\r\n				\r\n				\r\n				\r\n				\r\n				\r\n				\r\n				\r\n				\r\n				\r\n				\r\n				\r\n				\r\n				\r\n				\r\n				\r\n				\r\n				\r\n				\r\n				\r\n				\r\n				\r\n				\r\n				\r\n				\r\n				Data de emissão da proposta 20/12/2021.<div>Forma de pagamento: mediante a emissão de nota fiscal com boleto para pagamento com 30 dias.<div>\r\n			\r\n			\r\n			\r\n			<div>Validade da proposta: 45 dias.<br></div></div></div>\r\n			\r\n			\r\n			\r\n			\r\n			\r\n			\r\n			\r\n			\r\n			\r\n			\r\n			\r\n			\r\n			\r\n			\r\n			\r\n			\r\n			\r\n			\r\n			\r\n			\r\n			\r\n			\r\n			\r\n			\r\n			\r\n			\r\n			\r\n			\r\n			\r\n			\r\n			\r\n			\r\n			\r\n			','','2022-03-03 17:38:36',12,'',NULL,NULL,NULL,4,'13/12/2021',0,NULL,'',0,NULL,NULL),(9,1,NULL,8,'Taxas não inclusas','Pagamento a vista...','Observações','2020-10-02 14:28:34',1,'',NULL,NULL,NULL,502,'11/07/2020',1,0,NULL,0,NULL,NULL),(10,1,6,5,'','A vista.','','2021-05-07 18:39:29',1,'',NULL,NULL,NULL,600,'02/10/2020',1,0,'',0,NULL,NULL),(11,1,2,5,'*Obs: Com emissão de Nota Fiscal.','\r\n				\r\n				\r\n				\r\n				\r\n				\r\n				A vista\r\n			\r\n			\r\n			\r\n			\r\n			\r\n			',NULL,'2020-10-24 10:09:20',1,NULL,NULL,NULL,NULL,601,NULL,1,1,NULL,0,NULL,NULL),(12,1,2,5,'*Obs: Com emissão de Nota Fiscal.','\r\n				\r\n				\r\n				\r\n				\r\n				\r\n				A vista\r\n			\r\n			\r\n			\r\n			\r\n			\r\n			',NULL,'2020-10-24 10:07:09',1,NULL,NULL,NULL,NULL,602,NULL,1,1,NULL,0,NULL,NULL),(13,1,2,5,'*Obs: Com emissão de Nota Fiscal.','\r\n				\r\n				\r\n				\r\n				\r\n				\r\n				A vista\r\n			\r\n			\r\n			\r\n			\r\n			\r\n			',NULL,'2020-10-24 10:09:01',1,NULL,NULL,NULL,NULL,603,NULL,1,1,NULL,0,NULL,NULL),(14,1,2,5,'*Obs: Com emissão de Nota Fiscal.','\r\n				\r\n				\r\n				\r\n				\r\n				\r\n				A vista\r\n			\r\n			\r\n			\r\n			\r\n			\r\n			',NULL,'2020-10-24 10:08:47',1,NULL,NULL,NULL,NULL,604,NULL,1,0,NULL,0,NULL,NULL),(16,1,2,5,'*Obs: Com emissão de Nota Fiscal.','\r\n				\r\n				\r\n				\r\n				\r\n				\r\n				\r\n				\r\n				A vista\r\n			\r\n			\r\n			\r\n			\r\n			\r\n			\r\n			\r\n			',NULL,'2021-03-17 14:07:44',1,NULL,NULL,NULL,NULL,606,NULL,1,NULL,NULL,0,NULL,NULL),(17,2,0,10,'Não estão incluso neste escopo o custo de equipamentos, insumos, laboratório, taxas e manutenção ','\r\n				\r\n				\r\n				Data de emissão da proposta 20/12/2021.<div>Forma de pagamento: mediante a emissão de nota fiscal com boleto para pagamento com 30 dias.</div><div>Validade da proposta: 45 dias.\r\n</div>\r\n			\r\n			\r\n			','Execução dos serviços após recebimento das licenças ambientais emitidas pelos órgãos estaduais de meio ambiente, além disso informações como o Plano de Controle de Impactos Ambientais na Mineração.','2022-03-04 17:25:39',12,'',NULL,NULL,NULL,607,'21/12/2021',0,NULL,'',0,NULL,NULL),(18,1,0,5,'*Obs: Com emissão de Nota Fiscal.','\r\n				\r\n				\r\n				\r\n				\r\n				\r\n				\r\n				\r\n				\r\n				\r\n				\r\n				\r\n				A vista.\r\n			\r\n			','','2021-05-25 20:14:19',1,'',NULL,NULL,NULL,48,'29/03/2021',1,1,'',0,NULL,NULL),(19,7,0,5,'*Obs: Com emissão de Nota Fiscal.','\r\n				\r\n				\r\n				\r\n				\r\n				\r\n				\r\n				\r\n				\r\n				\r\n				\r\n				\r\n				\r\n				\r\n				A vista\r\n			\r\n			\r\n			\r\n			\r\n			\r\n			\r\n			\r\n			\r\n			\r\n			\r\n			\r\n			\r\n			\r\n			','','2021-10-07 13:02:41',1,'',NULL,NULL,NULL,49,'29/10/2021',0,1,'',0,NULL,NULL),(20,1,2,5,'*Obs: Com emissão de Nota Fiscal.','\r\n				\r\n				\r\n				\r\n				\r\n				\r\n				\r\n				\r\n				\r\n				\r\n				A vista\r\n			\r\n			\r\n			\r\n			\r\n			\r\n			\r\n			\r\n			\r\n			\r\n			','','2021-06-11 12:50:46',1,'',NULL,NULL,NULL,50,'',1,0,'',0,NULL,NULL),(21,1,2,3,'*Obs: Com emissão de Nota Fiscal.','\r\n				\r\n				\r\n				\r\n				\r\n				\r\n				\r\n				\r\n				\r\n				A vista\r\n			\r\n			\r\n			\r\n			\r\n			\r\n			\r\n			\r\n			\r\n			','','2021-12-15 12:13:45',11,'',NULL,NULL,NULL,51,'',1,NULL,'',0,NULL,NULL),(22,2,NULL,10,'Taxas não inclusas','\r\n				A vista\r\n			',NULL,'2021-04-14 13:10:54',1,NULL,NULL,NULL,NULL,52,NULL,1,NULL,NULL,0,NULL,NULL),(23,2,NULL,10,'Taxas não inclusas','\r\n				A vista\r\n			',NULL,'2021-04-14 13:11:00',1,NULL,NULL,NULL,NULL,53,NULL,1,NULL,NULL,0,NULL,NULL),(24,10,0,0,'Taxas não inclusas','\r\n				\r\n				\r\n				\r\n				A vista\r\n			\r\n			\r\n			\r\n			','','2021-04-14 13:12:44',1,'',NULL,NULL,NULL,54,'14/01/2021',1,1,'',0,NULL,NULL),(25,1,NULL,0,'Taxas não inclusas','\r\n				\r\n				\r\n				\r\n				A vista\r\n			\r\n			\r\n			\r\n			',NULL,'2021-04-16 18:18:42',1,NULL,NULL,NULL,NULL,55,NULL,1,NULL,NULL,0,NULL,NULL),(26,1,NULL,0,'Taxas não inclusas','\r\n				\r\n				\r\n				\r\n				\r\n				\r\n				\r\n				A vista\r\n			\r\n			\r\n			\r\n			\r\n			\r\n			\r\n			',NULL,'2021-03-17 14:14:44',1,NULL,NULL,NULL,NULL,56,NULL,1,NULL,NULL,0,NULL,NULL),(27,1,2,5,'*Obs: Com emissão de Nota Fiscal.','\r\n				\r\n				\r\n				\r\n				\r\n				\r\n				\r\n				\r\n				A vista\r\n			\r\n			\r\n			\r\n			\r\n			\r\n			\r\n			\r\n			',NULL,'2021-04-14 19:31:33',1,NULL,NULL,NULL,NULL,57,NULL,1,0,NULL,0,NULL,NULL),(28,1,NULL,0,'Taxas não inclusas','\r\n				\r\n				\r\n				\r\n				\r\n				\r\n				\r\n				A vista\r\n			\r\n			\r\n			\r\n			\r\n			\r\n			\r\n			',NULL,'2021-04-16 17:18:11',1,NULL,NULL,NULL,NULL,58,NULL,1,NULL,NULL,0,NULL,NULL),(29,1,NULL,0,'Taxas não inclusas','\r\n				\r\n				\r\n				\r\n				\r\n				\r\n				\r\n				\r\n				\r\n				\r\n				A vista\r\n			\r\n			\r\n			\r\n			\r\n			\r\n			\r\n			\r\n			\r\n			\r\n			',NULL,'2021-04-16 18:20:00',1,NULL,NULL,NULL,NULL,59,NULL,1,NULL,NULL,0,NULL,NULL),(30,34,0,5,'*Obs: Com emissão de Nota Fiscal.','\r\n				\r\n				\r\n				\r\n				\r\n				\r\n				\r\n				\r\n				\r\n				\r\n				\r\n				\r\n				\r\n				\r\n				\r\n				A vista\r\n			\r\n			\r\n			\r\n			\r\n			\r\n			\r\n			\r\n			\r\n			\r\n			\r\n			\r\n			\r\n			\r\n			\r\n			','','2021-12-21 11:43:34',11,'',NULL,NULL,NULL,60,'25/10/2021',0,1,'',0,NULL,NULL),(31,10,0,7,'Taxas não inclusas','\r\n				\r\n				\r\n				Data de emissão da proposta 20/12/2021.<div>Forma de pagamento: mediante a emissão de nota fiscal com boleto para pagamento com 15 dias.</div><div>Validade da proposta: 15 dias.\r\n</div>\r\n			\r\n			\r\n			','Após elaboração do Plano de Gerenciamento de Resíduos informar o que deverá ser feito com os resíduos gerados no processo, e ainda se haverá a incorporação do uso de água no processo, descrever o processo de descarte dos efluentes, mediante elaboração de cronograma de execução. ','2021-12-22 14:04:01',11,'',NULL,NULL,NULL,61,'20/12/2021',0,NULL,'',0,NULL,NULL),(33,8,0,15,'Estão inclusos nessa proposta os valores de deslocamento, impostos, alimentação, taxas de responsabilidade técnica.','\r\n				\r\n				\r\n				Prazo de entrega: Conforme item 6 da Carta Convite<div>Forma de pagamento: Parcelado em 6x no boleto bancário.</div><div>Validade da proposta: 10/01/2022.</div>\r\n			\r\n			\r\n			','','2022-02-17 12:04:36',11,'',NULL,NULL,NULL,63,'20/12/2021',0,NULL,'5,00',1,NULL,NULL),(34,51,0,5,'','\r\n				Boleto - 30 dias\r\n			','','2021-11-25 13:52:45',11,'',NULL,NULL,NULL,64,'25/11/2021',0,NULL,'',0,NULL,NULL),(35,58,0,0,'O investimento de R$ 11,76 (onze reais e setenta e seis centavos) por semana para cada armadilha, totalizando, R$ 353,00/semana (trezentos e cinquenta e três reais por semana). O prazo de entrega do equipamento será em até 7 (sete) dias úteis a contar da datada de assinatura do contrato de locação do material, sendo revisadas individualmente, juntamente com a contratante, no momento da entrega e da coleta do material.','\r\n				\r\n				Boleto bancário ou depósito.<div>Validade da proposta: 30 dias.&nbsp;</div>','','2022-01-12 19:46:33',11,'',NULL,NULL,NULL,65,'12/01/2022',0,NULL,'',0,NULL,NULL),(36,61,0,0,'','\r\n				\r\n			','','2022-03-03 17:39:02',12,'',NULL,NULL,NULL,66,'',0,NULL,'',0,NULL,NULL);
/*!40000 ALTER TABLE `orcamento` ENABLE KEYS */;
UNLOCK TABLES;

--
-- Table structure for table `orcamentoitem`
--

DROP TABLE IF EXISTS `orcamentoitem`;
/*!40101 SET @saved_cs_client     = @@character_set_client */;
/*!40101 SET character_set_client = utf8 */;
CREATE TABLE `orcamentoitem` (
  `id` int(10) unsigned NOT NULL AUTO_INCREMENT,
  `orcamentoId` int(9) unsigned DEFAULT NULL,
  `descricao` text,
  `valor` varchar(20) DEFAULT NULL,
  `desconto` varchar(24) DEFAULT NULL,
  `modoDesconto` int(1) unsigned NOT NULL,
  `order` int(10) unsigned NOT NULL DEFAULT '0',
  PRIMARY KEY (`id`),
  KEY `orcamentoidfkk_idx` (`orcamentoId`)
) ENGINE=InnoDB AUTO_INCREMENT=736 DEFAULT CHARSET=latin1;
/*!40101 SET character_set_client = @saved_cs_client */;

--
-- Dumping data for table `orcamentoitem`
--

LOCK TABLES `orcamentoitem` WRITE;
/*!40000 ALTER TABLE `orcamentoitem` DISABLE KEYS */;
INSERT INTO `orcamentoitem` VALUES (96,5,'','',NULL,0,0),(170,6,'','',NULL,0,0),(396,7,'','',NULL,0,0),(469,8,'','',NULL,0,0),(571,2,'LAI','1.000,00',NULL,0,0),(572,2,'LAO','1.000,00',NULL,0,0),(573,2,'LAP','5.000,00',NULL,0,0),(574,2,'','',NULL,0,0),(575,2,'','',NULL,0,0),(576,2,'','',NULL,0,0),(577,2,'','',NULL,0,0),(578,2,'','',NULL,0,0),(603,9,'\r\n				LAO\r\n\r\nCaso não seja cumprido regra X terá o aditivo de R$ 250,00.\r\n			','250,00',NULL,0,0),(604,9,'\r\n				LAI\r\n\r\nCaso não seja cumprido regra X terá o aditivo de R$ 250,00.\r\n			','250,00',NULL,0,0),(605,9,'\r\n				PGRSI\r\n			','150,00',NULL,0,0),(606,9,'\r\n				Análise de ruído\r\n			','300,00',NULL,0,0),(607,9,'\r\n				\r\n			','',NULL,0,0),(608,9,'\r\n				\r\n			','',NULL,0,0),(609,9,'\r\n				\r\n			','',NULL,0,0),(610,9,'\r\n				DAS\r\n			','',NULL,0,0),(611,1,'\r\n				LAO\r\n\r\nCaso não seja cumprido regra X terá o aditivo de R$ 250,00.\r\n			','250,00',NULL,0,0),(612,1,'\r\n				LAI\r\n\r\nCaso não seja cumprido regra X terá o aditivo de R$ 250,00.\r\n			','250,00',NULL,0,0),(613,1,'\r\n				PGRSI\r\n			','150,00',NULL,0,0),(614,1,'\r\n				Análise de ruído\r\n			','300,00',NULL,0,0),(615,1,'<div style=\"text-align: left;\">Análise <b>de </b>efluentes</div>','580,90',NULL,0,0),(616,1,'\r\n				\r\n			','',NULL,0,0),(617,1,'\r\n				\r\n			','',NULL,0,0),(618,1,'\r\n				DAS\r\n			','',NULL,0,0),(637,3,'\r\n				LAI\r\n			','100,00','',0,0),(638,3,'\r\n				LAO\r\n			','100,00','',0,1),(639,3,'\r\n				PGRSI\r\n			','100,00','',0,2),(669,4,'Responsabilidade técnica sobre o sistema de abastecimento de água\r\ncom obtenção do alvará sanitário da VISA GOIÂNIA e anuência da\r\nSANEAGO','900,00','',0,0),(670,4,'Retificação do processo de outorga para a finalidade requerida junto a\r\nSEMAD/GO de 4 poços','100,00','',0,1),(672,10,'PGRSI&nbsp;','1.000,00','',0,0),(673,10,'LAO','1.000,00','',0,0),(674,15,'PGRSI&nbsp;','1.000,00',NULL,0,0),(675,15,'LAO','1.000,00',NULL,0,0),(676,16,'\r\n				LAI\r\n			','100,00',NULL,0,0),(677,16,'\r\n				LAO\r\n			','100,00',NULL,0,0),(678,16,'\r\n				PGRSI\r\n			','100,00',NULL,0,0),(679,17,'Análise Ambiental detalhada','5.800,00','',0,0),(680,17,'\r\n				\r\n				\r\n				\r\n				\r\n				\r\n				\r\n				Reconhecimento Geológico e Pesquisa mineral','3.000,00','',0,1),(681,17,'\r\n				\r\n				\r\n				\r\n				\r\n				\r\n				\r\n				Projeto e desenvolvimento','9.000,00','',0,2),(682,18,'\r\n				LAI\r\n			','100,00','',0,0),(683,18,'\r\n				LAO\r\n			','100,00','',0,1),(684,18,'\r\n				PGRSI\r\n			','100,00','',0,2),(685,19,'\r\n				LAI\r\n			','100,00','',0,0),(686,19,'\r\n				LAO\r\n			','100,00','',0,1),(687,19,'\r\n				PGRSI\r\n			','100,00','',0,2),(688,20,'\r\n				LAI\r\n			','100,00','',0,0),(689,20,'\r\n				LAO\r\n			','100,00','',0,1),(690,20,'\r\n				PGRSI\r\n			','100,00','',0,2),(691,21,'\r\n				LAI\r\n			','100,00','',0,0),(692,21,'\r\n				LAO\r\n			','100,00','',0,1),(693,21,'\r\n				PGRSI\r\n			','100,00','',0,2),(694,22,'\r\n				\r\n				\r\n				\r\n				\r\n				\r\n				\r\n				LAP\r\n			\r\n			\r\n			\r\n			\r\n			\r\n			\r\n			','1.000,00',NULL,0,0),(695,22,'\r\n				\r\n				\r\n				\r\n				\r\n				\r\n				\r\n				LAI\r\n			\r\n			\r\n			\r\n			\r\n			\r\n			\r\n			','1.500,00',NULL,0,0),(696,22,'\r\n				\r\n				\r\n				\r\n				\r\n				\r\n				\r\n				LAO\r\n			\r\n			\r\n			\r\n			\r\n			\r\n			\r\n			','2.000,00',NULL,0,0),(697,23,'\r\n				\r\n				\r\n				\r\n				\r\n				\r\n				\r\n				LAP\r\n			\r\n			\r\n			\r\n			\r\n			\r\n			\r\n			','1.000,00',NULL,0,0),(698,23,'\r\n				\r\n				\r\n				\r\n				\r\n				\r\n				\r\n				LAI\r\n			\r\n			\r\n			\r\n			\r\n			\r\n			\r\n			','1.500,00',NULL,0,0),(699,23,'\r\n				\r\n				\r\n				\r\n				\r\n				\r\n				\r\n				LAO\r\n			\r\n			\r\n			\r\n			\r\n			\r\n			\r\n			','2.000,00',NULL,0,0),(700,24,'\r\n				\r\n				\r\n				\r\n				\r\n				\r\n				\r\n				LAP\r\n			\r\n			\r\n			\r\n			\r\n			\r\n			\r\n			','1.000,00','',0,0),(701,24,'\r\n				\r\n				\r\n				\r\n				\r\n				\r\n				\r\n				LAI\r\n			\r\n			\r\n			\r\n			\r\n			\r\n			\r\n			','1.500,00','',0,1),(702,24,'\r\n				\r\n				\r\n				\r\n				\r\n				\r\n				\r\n				LAO\r\n			\r\n			\r\n			\r\n			\r\n			\r\n			\r\n			','2.000,00','',0,2),(703,25,'\r\n				\r\n				\r\n				\r\n				\r\n				\r\n				\r\n				LAP\r\n			\r\n			\r\n			\r\n			\r\n			\r\n			\r\n			','1.000,00',NULL,0,0),(704,25,'\r\n				\r\n				\r\n				\r\n				\r\n				\r\n				\r\n				LAI\r\n			\r\n			\r\n			\r\n			\r\n			\r\n			\r\n			','1.500,00',NULL,0,0),(705,25,'\r\n				\r\n				\r\n				\r\n				\r\n				\r\n				\r\n				LAO\r\n			\r\n			\r\n			\r\n			\r\n			\r\n			\r\n			','2.000,00',NULL,0,0),(706,26,'\r\n				\r\n				\r\n				\r\n				\r\n				\r\n				\r\n				LAP\r\n			\r\n			\r\n			\r\n			\r\n			\r\n			\r\n			','1.000,00',NULL,0,0),(707,26,'\r\n				\r\n				\r\n				\r\n				\r\n				\r\n				\r\n				LAI\r\n			\r\n			\r\n			\r\n			\r\n			\r\n			\r\n			','1.500,00',NULL,0,0),(708,26,'\r\n				\r\n				\r\n				\r\n				\r\n				\r\n				\r\n				LAO\r\n			\r\n			\r\n			\r\n			\r\n			\r\n			\r\n			','2.000,00',NULL,0,0),(709,27,'\r\n				LAI\r\n			','100,00',NULL,0,0),(710,27,'\r\n				LAO\r\n			','100,00',NULL,0,0),(711,27,'\r\n				PGRSI\r\n			','100,00',NULL,0,0),(712,28,'\r\n				\r\n				\r\n				\r\n				\r\n				\r\n				\r\n				LAP\r\n			\r\n			\r\n			\r\n			\r\n			\r\n			\r\n			','1.000,00',NULL,0,0),(713,28,'\r\n				\r\n				\r\n				\r\n				\r\n				\r\n				\r\n				LAI\r\n			\r\n			\r\n			\r\n			\r\n			\r\n			\r\n			','1.500,00',NULL,0,0),(714,28,'\r\n				\r\n				\r\n				\r\n				\r\n				\r\n				\r\n				LAO\r\n			\r\n			\r\n			\r\n			\r\n			\r\n			\r\n			','2.000,00',NULL,0,0),(715,29,'\r\n				\r\n				\r\n				\r\n				\r\n				\r\n				\r\n				LAP\r\n			\r\n			\r\n			\r\n			\r\n			\r\n			\r\n			','1.000,00',NULL,0,0),(716,29,'\r\n				\r\n				\r\n				\r\n				\r\n				\r\n				\r\n				LAI\r\n			\r\n			\r\n			\r\n			\r\n			\r\n			\r\n			','1.500,00',NULL,0,0),(717,29,'\r\n				\r\n				\r\n				\r\n				\r\n				\r\n				\r\n				LAO\r\n			\r\n			\r\n			\r\n			\r\n			\r\n			\r\n			','2.000,00',NULL,0,0),(718,30,'\r\n				LAI\r\n			','100,00','',0,0),(719,30,'\r\n				LAO\r\n			','100,00','',0,1),(720,30,'\r\n				PGRSI\r\n			','100,00','',0,2),(721,31,'\r\n				\r\n				\r\n				\r\n				\r\n				\r\n				\r\n				Acompanhamento do Processo Produtivo','1.000,00','',0,0),(722,31,'Análise dos resíduos e processo de descarte','1.500,00','',0,1),(723,32,'','1.000,00','5,00',1,0),(724,33,'Realizar o cadastro, diretamente na plataforma digital ofertada pela\r\nSEMAD, disponibilizando as informações solicitadas.','5.500,00','',1,0),(725,34,'','650,00','',0,0),(727,33,'Laudo de Estabilidade de barragem acima de 5,00 ha de lâmina d’água.\r\n(DECLARAÇÃO DO ESTADO GERAL DE CONSERVAÇÃO E\r\nSEGURANÇA DA BARRAGEM)','11.000,00','',0,1),(728,33,'Licenciamento Ambiental Simplificado das Barragens','23.500,00','',0,2),(729,33,'Licenciamento Ambiental Barragem acima de 5,00 há de lâmina d’água\r\n(Represa 2 Bicas)','9.600,00','',0,3),(730,33,'Portaria de Outorgas de Barramento','18.500,00','',0,4),(733,35,'Armadilhas não dobráveis','353,00','',0,0),(734,35,'Mobilização das armadilhas','176,47','',0,1),(735,36,'','','',0,0);
/*!40000 ALTER TABLE `orcamentoitem` ENABLE KEYS */;
UNLOCK TABLES;

--
-- Table structure for table `orcamentopagamento`
--

DROP TABLE IF EXISTS `orcamentopagamento`;
/*!40101 SET @saved_cs_client     = @@character_set_client */;
/*!40101 SET character_set_client = utf8 */;
CREATE TABLE `orcamentopagamento` (
  `id` int(9) unsigned NOT NULL AUTO_INCREMENT,
  `orcamentoId` int(9) unsigned DEFAULT NULL,
  `dataVencimentoPagamento` varchar(10) DEFAULT NULL,
  `dataConfirmacaoPagamento` varchar(10) DEFAULT NULL,
  `confirmacaoPagamentoFilename` varchar(255) DEFAULT NULL,
  `confirmacaoPagamentoPath` text,
  `valor` varchar(26) DEFAULT NULL,
  `arquivoId` int(10) DEFAULT NULL,
  PRIMARY KEY (`id`),
  KEY `orcamentoidfkpgto_idx` (`orcamentoId`),
  KEY `orcamentopagamento_arquivoFK` (`arquivoId`),
  CONSTRAINT `orcamentoidfkpgto` FOREIGN KEY (`orcamentoId`) REFERENCES `orcamento` (`id`) ON DELETE CASCADE ON UPDATE CASCADE,
  CONSTRAINT `orcamentopagamento_arquivoFK` FOREIGN KEY (`arquivoId`) REFERENCES `arquivo` (`id`) ON DELETE SET NULL ON UPDATE SET NULL
) ENGINE=InnoDB AUTO_INCREMENT=54 DEFAULT CHARSET=latin1;
/*!40101 SET character_set_client = @saved_cs_client */;

--
-- Dumping data for table `orcamentopagamento`
--

LOCK TABLES `orcamentopagamento` WRITE;
/*!40000 ALTER TABLE `orcamentopagamento` DISABLE KEYS */;
INSERT INTO `orcamentopagamento` VALUES (1,4,'01/11/2021','03/11/2021',NULL,NULL,'1.000,00',NULL),(2,4,'01/12/2021','02/12/2021',NULL,NULL,'1.000,00',NULL),(6,3,'10/08/2020','06/08/2020',NULL,NULL,'100,00',NULL),(18,3,'10/09/2020','07/10/2020',NULL,NULL,'100,00',NULL),(19,9,'','',NULL,NULL,NULL,NULL),(20,4,'01/01/2022','03/01/2022',NULL,NULL,'1.000,00',NULL),(21,3,'10/10/2020','16/10/2020',NULL,NULL,'100,00',NULL),(22,4,'01/02/2022','',NULL,NULL,'1.000,00',NULL),(23,10,'10/10/2020','',NULL,NULL,'1.000,00',NULL),(24,10,'10/11/2020','',NULL,NULL,'1.000,00',NULL),(25,3,'','',NULL,NULL,'',NULL),(26,18,'','',NULL,NULL,'',NULL),(27,19,'15/06/2021','14/06/2021',NULL,NULL,'1.000,00',NULL),(28,24,'','',NULL,NULL,'',NULL),(29,18,'','',NULL,NULL,'',NULL),(30,18,'','',NULL,NULL,'',NULL),(31,30,'05/08/2021','02/08/2021',NULL,NULL,'150,00',NULL),(32,19,'15/07/2021','13/07/2021',NULL,NULL,'1.000,00',NULL),(33,20,'','',NULL,NULL,'',NULL),(34,31,'10/01/2022','01/02/2022',NULL,NULL,'2.500,00',NULL),(35,30,'05/09/2021','04/09/2021',NULL,NULL,'150,00',NULL),(36,17,'27/12/2021','28/12/2021',NULL,NULL,'5.800,00',NULL),(39,34,'10/12/2021','10/12/2021',NULL,NULL,'500,00',NULL),(40,21,'16/12/2021','15/12/2021',NULL,NULL,'1.000,00',NULL),(41,21,'','',NULL,NULL,'',NULL),(42,21,'','',NULL,NULL,'',NULL),(43,33,'27/12/2021','28/12/2021',NULL,NULL,'5.500,00',NULL),(44,33,'10/01/2022','10/01/2022',NULL,NULL,'11.000,00',NULL),(45,33,'10/02/2022','10/02/2022',NULL,NULL,'23.500,00',NULL),(46,33,'10/03/2022','',NULL,NULL,'9.600,00',NULL),(47,33,'11/04/2022','',NULL,NULL,'18.500,00',NULL),(48,31,'10/02/2022','',NULL,NULL,'1.200,00',NULL),(49,17,'10/01/2022','10/01/2022',NULL,NULL,'3.000,00',NULL),(50,17,'05/03/2022','',NULL,NULL,'9.000,00',NULL),(51,31,'','',NULL,NULL,'',NULL),(52,35,'','',NULL,NULL,'',NULL),(53,36,'','',NULL,NULL,'56.776,00',NULL);
/*!40000 ALTER TABLE `orcamentopagamento` ENABLE KEYS */;
UNLOCK TABLES;

--
-- Table structure for table `orcamentosecao`
--

DROP TABLE IF EXISTS `orcamentosecao`;
/*!40101 SET @saved_cs_client     = @@character_set_client */;
/*!40101 SET character_set_client = utf8 */;
CREATE TABLE `orcamentosecao` (
  `id` int(10) unsigned NOT NULL AUTO_INCREMENT,
  `orcamentoId` int(9) unsigned DEFAULT NULL,
  `titulo` varchar(255) DEFAULT NULL,
  `descricao` text,
  `order` int(10) unsigned NOT NULL DEFAULT '0',
  PRIMARY KEY (`id`),
  KEY `orcamentofk_idx` (`orcamentoId`),
  CONSTRAINT `orcamentofk` FOREIGN KEY (`orcamentoId`) REFERENCES `orcamento` (`id`) ON DELETE CASCADE ON UPDATE CASCADE
) ENGINE=InnoDB AUTO_INCREMENT=708 DEFAULT CHARSET=latin1;
/*!40101 SET character_set_client = @saved_cs_client */;

--
-- Dumping data for table `orcamentosecao`
--

LOCK TABLES `orcamentosecao` WRITE;
/*!40000 ALTER TABLE `orcamentosecao` DISABLE KEYS */;
INSERT INTO `orcamentosecao` VALUES (553,9,'Objetivo','<div style=\"text-align: justify;\">Orçamento para Projeto de Supressão, Amostra, Comunicado de Limpeza e Licença Ambiental Rural - LAR da Fazenda Parana,\r\nsegue valores descritos dos serviços a serem prestados pela GEOMASTER.&nbsp;Orçamento para Projeto de Supressão, Amostra, Comunicado de Limpeza e Licença Ambiental Rural - LAR da Fazenda Parana,\r\nsegue valores descritos dos serviços a serem prestados pela GEOMASTER;</div>',0),(554,9,'Metodologia de trabalho','Tem como metodologia<div><b>Tem como metodologia em negrito</b></div><div><b><br></b></div><div><b>Tem c<u><i>omo Exemplo</i></u></b></div>',0),(556,9,'Taxas e Emolumentos','',0),(557,9,'Prazo de validade da proposta','',0),(558,9,'Cronograma','',0),(559,9,'','',0),(560,9,'','<div style=\"text-align: right;\">SDADASDAS</div>',0),(561,9,'','<div style=\"text-align: center;\">SADDASDASD</div>',0),(574,3,'Objetivo','Descervendo objetivo...',0),(575,3,'Metodologia de trabalho','A metodologia...',1),(576,3,'Equipe técnica','',2),(577,3,'Taxas e Emolumentos','Serão <b>cobradas </b>as taxas dos órgãos ambientais.',3),(593,4,'Atendimento a notificação da AMMA','Este orçamento tem como objetivo o atendimento da notificação de pendência lavrada no processo de\r\nlicenciamento ambiental da unidade visando a regularidade do sistema de monitoramento da contaminação do solo, subsolo e da água.&nbsp;',0),(595,3,'Depoimentos dos clientes','Depoimento do João da Silva',4),(596,10,'Equipe técnica','A equipe técnica...',0),(597,10,'Depoimentos dos clientes','Os depoimentos dos clientes...',0),(599,11,'Objetivo','Descervendo objetivo...',0),(600,11,'Metodologia de trabalho','A metodologia...',0),(601,11,'Equipe técnica',NULL,0),(602,11,'Taxas e Emolumentos','Serão <b>cobradas </b>as taxas dos órgãos ambientais.',0),(603,11,'Depoimentos dos clientes','Depoimento do João da Silva',0),(604,12,'Objetivo','Descervendo objetivo...',0),(605,12,'Metodologia de trabalho','A metodologia...',0),(606,12,'Equipe técnica',NULL,0),(607,12,'Taxas e Emolumentos','Serão <b>cobradas </b>as taxas dos órgãos ambientais.',0),(608,12,'Depoimentos dos clientes','Depoimento do João da Silva',0),(609,13,'Objetivo','Descervendo objetivo...',0),(610,13,'Metodologia de trabalho','A metodologia...',0),(611,13,'Equipe técnica',NULL,0),(612,13,'Taxas e Emolumentos','Serão <b>cobradas </b>as taxas dos órgãos ambientais.',0),(613,13,'Depoimentos dos clientes','Depoimento do João da Silva',0),(614,14,'Objetivo','Descervendo objetivo...',0),(615,14,'Metodologia de trabalho','A metodologia...',0),(616,14,'Equipe técnica',NULL,0),(617,14,'Taxas e Emolumentos','Serão <b>cobradas </b>as taxas dos órgãos ambientais.',0),(618,14,'Depoimentos dos clientes','Depoimento do João da Silva',0),(621,16,'Objetivo','Descervendo objetivo...',0),(622,16,'Metodologia de trabalho','A metodologia...',0),(623,16,'Equipe técnica',NULL,0),(624,16,'Taxas e Emolumentos','Serão <b>cobradas </b>as taxas dos órgãos ambientais.',0),(625,16,'Depoimentos dos clientes','Depoimento do João da Silva',0),(626,17,'Análise de Exploração Mineral','Tem por objetivo realizar as seguintes etapas:&nbsp;<div>Prospecção\r\n\r\n- Estudos preliminares\r\n\r\n- Reconhecimento geológico</div><div>Pesquisa mineral\r\n\r\n- Exploração\r\n\r\n- Delineamento\r\n\r\n- Avaliação</div><div>Lavra\r\n\r\n- Projeto e desenvolvimento\r\n\r\n- Explotação</div><div>Descomissionamento de mina\r\n\r\n- Desativação\r\n\r\n- Fechamento</div>',0),(627,17,'Normas e decretos','O processo de mineração envolve as atividades de pesquisa, extração, transporte, processamento, transformação mineral e comercialização do produto final. ',1),(628,18,'Objetivo','<div style=\"text-align: left;\"><b>Descervendo</b> objetivo...</div>',0),(629,18,'Metodologia de trabalho','A metodologia...',1),(630,18,'Equipe técnica','',2),(631,18,'Taxas e Emolumentos','Serão <b>cobradas </b>as taxas dos órgãos ambientais.',3),(632,18,'Depoimentos dos clientes','Depoimento do João da Silva',4),(634,19,'Objetivo','<div style=\"text-align: left;\"><b>Descervendo</b> objetivo...</div>',0),(635,19,'Metodologia de trabalho','A metodologia...',1),(636,19,'Equipe técnica','',2),(637,19,'Taxas e Emolumentos','Serão <b>cobradas </b>as taxas dos órgãos ambientais.',3),(638,19,'Depoimentos dos clientes','Depoimento do João da Silva',4),(639,19,'','',5),(640,20,'Objetivo','Descervendo objetivo...',0),(641,20,'Metodologia de trabalho','A metodologia...',1),(642,20,'Equipe técnica','',2),(643,20,'Taxas e Emolumentos','Serão <b>cobradas </b>as taxas dos órgãos ambientais.',3),(644,20,'Depoimentos dos clientes','Depoimento do João da Silva',4),(645,21,'Objetivo','Descervendo objetivo...',0),(646,21,'Metodologia de trabalho','A metodologia...',1),(647,21,'Equipe técnica','',2),(648,21,'Taxas e Emolumentos','Serão <b>cobradas </b>as taxas dos órgãos ambientais.',3),(649,21,'Depoimentos dos clientes','Depoimento do João da Silva',4),(650,22,'Objetivo','Este orçamento tem como objetivo...',0),(651,22,'Normas e decretos','Licença de operação e Decreto nº ...',0),(652,23,'Objetivo','Este orçamento tem como objetivo...',0),(653,23,'Normas e decretos','Licença de operação e Decreto nº ...',0),(654,24,'Objetivo','Este orçamento tem como objetivo...',0),(655,24,'Normas e decretos','Licença de operação e Decreto nº ...',1),(656,4,'Equipe técnica','Carlos Eduardo Lima - Engenheiro Ambiental - CREA/SC - 033015-00<div><br></div>',1),(657,25,'Objetivo','Este orçamento tem como objetivo...',0),(658,25,'Normas e decretos','Licença de operação e Decreto nº ...',0),(659,25,'Equipe técnica',NULL,0),(664,26,'Objetivo','Este orçamento tem como objetivo...',0),(665,26,'Normas e decretos','Licença de operação e Decreto nº ...',0),(666,26,'Equipe técnica',NULL,0),(667,26,'Depoimentos dos clientes','<div style=\"text-align: left;\">\"A <b>consultoria</b>...\"</div>',0),(668,26,'Taxas',NULL,0),(669,26,'Outras informações',NULL,0),(670,27,'Objetivo','Descervendo objetivo...',0),(671,27,'Metodologia de trabalho','A metodologia...',0),(672,27,'Equipe técnica',NULL,0),(673,27,'Taxas e Emolumentos','Serão <b>cobradas </b>as taxas dos órgãos ambientais.',0),(674,27,'Depoimentos dos clientes','Depoimento do João da Silva',0),(675,28,'Objetivo','Este orçamento tem como objetivo...',0),(676,28,'Normas e decretos','Licença de operação e Decreto nº ...',0),(677,28,'Equipe técnica',NULL,0),(678,28,'Depoimentos dos clientes','<div style=\"text-align: left;\">\"A <b>consultoria</b>...\"</div>',0),(679,28,'Taxas',NULL,0),(680,28,'Outras informações',NULL,0),(681,29,'Objetivo','Este orçamento tem como objetivo...',0),(682,29,'Equipe técnica',NULL,0),(683,29,'Normas e decretos','Licença de operação e Decreto nº ...',0),(684,29,'Taxas','<b>Taxa da </b>Fundem<b>a: R$ 100,00</b><div>Taxa Ibama: R$ 100,00</div>',0),(685,29,'Depoimentos dos clientes','<div style=\"text-align: left;\">\"A <b>consultoria</b>...\"</div>',0),(686,29,'Outras informações',NULL,0),(687,30,'Objetivo','<div style=\"text-align: left;\"><b>Descervendo</b> objetivo...</div>',0),(688,30,'Metodologia de trabalho','A metodologia...',1),(689,30,'Equipe técnica','',2),(690,30,'Taxas e Emolumentos','Serão <b>cobradas </b>as taxas dos órgãos ambientais.',3),(691,30,'Depoimentos dos clientes','Depoimento do João da Silva',4),(692,30,'','',5),(693,31,'Execução e Gerenciamento de Resíduos','Verificar o Gerenciamento de Resíduos, de acordo com a caracterização e descrição do processo produtivo, a quantidade que a empresa produz,&nbsp; análise do que é feito com os resíduos gerados no processo, análise da incorporação do uso de água no processo e descrição do processo de descarte dos efluentes.',0),(694,31,'Equipe técnica','Manoel Chagas - Engenheiro Ambiental - CREA/SC 01030090<div>Maria Cardoso - Engenheiro Ambiental - CREA/SC 35256000<br></div>',1),(697,31,'Outras informações','',2),(700,33,'Implantação de Sistema de Gestão Ambiental e Controle das Barragens','Estudo do Impacto Ambiental<div>Licenciamento Prévio</div><div>Acompanhamento e Controle</div><div><br></div>',0),(701,34,' RAS – Relatório Ambiental Simplificado','Objetivo de oferecer elementos para a análise da viabilidade ambiental de empreendimentos ou atividades consideradas potencial ou efetivamente causadoras de degradação do meio ambiente.',0),(704,4,'Taxas decorrentes da Prestação dos Serviços','Não estão incluso neste escopo o custo de equipamentos, insumos, laboratório, taxas e manutenção do\r\nsistema de abastecimento de água.',2),(705,17,'Equipe Técnica','Carlos Machado - Engenheiro Ambiental - CREA/MG - 201026015<div>Cintia Luiza Melo - Geóloga - CREA/MG - 603045201</div><div>Mariana Mendes - Engenheira de Minas - CREA/MG - 261080621</div>',2),(706,35,'Proposta comercial 002.229-2022','<div style=\"text-align: justify;\">ECOEFICIÊNCIA SOLUÇÕES AMBIENTAIS, de CNPJ 09.664.224/0001-72, situada na rua Antônio\r\nGalvão, 59, bairro Petrópolis, Taquara/RS, vem por meio deste apresentar proposta comercial\r\nreferente a um pedido da ARVUT ENGENHARIA E MEIO AMBIENTE LTDA, de CNPJ\r\n27.805.836/0001-10, localizada na rua Washigton Luiz, 1010, conj. 701 a 705, bairro Centro Histórico,\r\nPorto Alegre/RS, referente ao aluguel de 30 (trinta) armadilhas do tipo sherman. Desta forma, segue\r\nas características:</div><div style=\"text-align: justify;\"><br></div><div>&nbsp;• Aluguel de 30 (trinta) armadilhas não dobráveis;</div><div>&nbsp;• Tamanho das armadilhas 13 x 14,5 x 29 cm;</div><div>&nbsp;• Local de entregado material: sede da ARVUT ENGENHARIA E MEIO AMBIENTE LTDA;</div><div>&nbsp;• Local de retirada do material: sede da ARVUT ENGENHARIA E MEIO AMBIENTE LTDA;</div><div>&nbsp;• Forma de acondicionamento do material: caixas de papelão com até 8 unidades;</div><div><br></div><div style=\"text-align: justify;\">Assim sendo, observa-se o investimento de R$ 11,76 (onze reais e setenta e seis centavos) por\r\nsemana para cada armadilha, totalizando, R$ 353,00/semana (trezentos e cinquenta e três reais\r\npor semana).\r\nO prazo de entrega do equipamento será em até 7 (sete) dias úteis a contar da datada de assinatura\r\ndo contrato de locação do material, sendo revisadas individualmente, juntamente com a contratante,\r\nno momento da entrega e da coleta do material. Ademais, se faz necessária a entrada de R$ 176,47\r\n(cento e setenta e seis reais e quarenta e sete centavos) para a mobilização das armadilhas.</div><div style=\"text-align: justify;\"><br></div><div style=\"text-align: justify;\"><br></div><div style=\"text-align: justify;\">AUTORIZAÇÃO DE SERVIÇOS<br></div><div style=\"text-align: justify;\">Dados do contratante:ARVUT ENGENHARIA E MEIO AMBIENTE LTDA</div><div style=\"text-align: justify;\">CPF/CNPJ: 27.805.836/0001-10</div><div style=\"text-align: justify;\">Porto Alegre//RS&nbsp;</div><div style=\"text-align: justify;\">Endereço:Rua Washigton Luiz, 1010, conj. 701 a 705, bairro Centro Histórico, Porto Alegre/RS</div><div style=\"text-align: justify;\">Solicitante: Matheus Hoffmann&nbsp;</div><div style=\"text-align: justify;\">Email:matheus.hoffmann@arvut.com.br</div><div style=\"text-align: justify;\">Telefone:(51)99964-9484&nbsp;</div><div style=\"text-align: justify;\"><br></div><div style=\"text-align: justify;\">Autorizo a realização de todos os serviços e estou de acordo com as condições estabelecidas na proposta comercial.</div><div style=\"text-align: justify;\"><br></div><div style=\"text-align: justify;\"><br></div><div style=\"text-align: justify;\">___________________________________</div><div style=\"text-align: justify;\">Local e data</div><div style=\"text-align: justify;\"><br></div><div style=\"text-align: justify;\"><br></div><div style=\"text-align: justify;\">___________________________________</div><div style=\"text-align: justify;\">Nome Completo</div><div style=\"text-align: justify;\"><br></div><div style=\"text-align: justify;\"><br></div><div style=\"text-align: justify;\">___________________________________</div><div style=\"text-align: justify;\">Cargo na Empresa<br></div><div style=\"text-align: justify;\"><br></div><div style=\"text-align: justify;\"><br></div><div style=\"text-align: justify;\">___________________________________<br></div><div style=\"text-align: justify;\">Assinatura</div><div style=\"text-align: justify;\"><br></div><div style=\"text-align: justify;\"><br></div><div style=\"text-align: justify;\"><br></div><div style=\"text-align: justify;\">INFORMAÇÕES PARA CADASTRO DE FORNECEDOR</div><div style=\"text-align: justify;\">Razão Social:\r\nEcoeficiência Soluções Ambientais e Cursos Ltda ME&nbsp;</div><div style=\"text-align: justify;\">CNPJ:\r\n09.664.224/0001-72\r\nINSCRIÇÃO ESTADUAL:\r\nIsento&nbsp;</div><div style=\"text-align: justify;\">ENDEREÇO:\r\nRua Antônio Galvão, 59, bairro Petrópolis\r\nCEP:\r\n95.607-116\r\nMUNICÍPIO:\r\nTaquara/RS&nbsp;</div><div style=\"text-align: justify;\">TELEFONE:\r\n(51) 9 9891-4604&nbsp;</div><div style=\"text-align: justify;\">E-MAIL:\r\ncontato@ecoeficiencia.eco.br&nbsp;</div><div style=\"text-align: justify;\">SITE:\r\necoeficiencia.eco.br</div>',0),(707,36,'','',0);
/*!40000 ALTER TABLE `orcamentosecao` ENABLE KEYS */;
UNLOCK TABLES;

--
-- Table structure for table `pedidolicenca`
--

DROP TABLE IF EXISTS `pedidolicenca`;
/*!40101 SET @saved_cs_client     = @@character_set_client */;
/*!40101 SET character_set_client = utf8 */;
CREATE TABLE `pedidolicenca` (
  `id` int(10) NOT NULL AUTO_INCREMENT,
  `clienteId` int(10) NOT NULL,
  `empreendimentoId` int(10) DEFAULT NULL,
  `checklistId` int(10) NOT NULL,
  `orgao` varchar(255) DEFAULT NULL,
  `observacoes` text,
  `dataInicio` varchar(10) DEFAULT NULL,
  `previsaoConclusao` varchar(10) DEFAULT NULL,
  `alertaPrevisaoConclusao` int(11) DEFAULT NULL,
  `finalizado` tinyint(4) NOT NULL DEFAULT '0',
  `dataFinalizacao` varchar(10) DEFAULT NULL,
  `modificacaoData` timestamp NULL DEFAULT CURRENT_TIMESTAMP ON UPDATE CURRENT_TIMESTAMP,
  `modificacaoUsuario` int(10) DEFAULT NULL,
  PRIMARY KEY (`id`)
) ENGINE=InnoDB DEFAULT CHARSET=latin1;
/*!40101 SET character_set_client = @saved_cs_client */;

--
-- Dumping data for table `pedidolicenca`
--

LOCK TABLES `pedidolicenca` WRITE;
/*!40000 ALTER TABLE `pedidolicenca` DISABLE KEYS */;
/*!40000 ALTER TABLE `pedidolicenca` ENABLE KEYS */;
UNLOCK TABLES;
/*!50003 SET @saved_cs_client      = @@character_set_client */ ;
/*!50003 SET @saved_cs_results     = @@character_set_results */ ;
/*!50003 SET @saved_col_connection = @@collation_connection */ ;
/*!50003 SET character_set_client  = utf8mb4 */ ;
/*!50003 SET character_set_results = utf8mb4 */ ;
/*!50003 SET collation_connection  = utf8mb4_general_ci */ ;
/*!50003 SET @saved_sql_mode       = @@sql_mode */ ;
/*!50003 SET sql_mode              = 'STRICT_TRANS_TABLES,NO_AUTO_CREATE_USER,NO_ENGINE_SUBSTITUTION' */ ;
DELIMITER ;;
/*!50003 CREATE*/ /*!50017 */ /*!50003 trigger pedidolicenca_BEFORE_UPDATE



    before update on pedidolicenca 



    for each row begin



      if NEW.finalizado = 1 and OLD.finalizado != 1 then



        set new.dataFinalizacao = DATE_FORMAT(NOW(), '%d/%m/%Y');



      ELSEIF NEW.finalizado = 0 AND OLD.finalizado != 0 THEN



        SET new.dataFinalizacao = null;



      END IF;



    end */;;
DELIMITER ;
/*!50003 SET sql_mode              = @saved_sql_mode */ ;
/*!50003 SET character_set_client  = @saved_cs_client */ ;
/*!50003 SET character_set_results = @saved_cs_results */ ;
/*!50003 SET collation_connection  = @saved_col_connection */ ;

--
-- Table structure for table `pedidolicencachecklist`
--

DROP TABLE IF EXISTS `pedidolicencachecklist`;
/*!40101 SET @saved_cs_client     = @@character_set_client */;
/*!40101 SET character_set_client = utf8 */;
CREATE TABLE `pedidolicencachecklist` (
  `id` int(10) NOT NULL AUTO_INCREMENT,
  `nome` varchar(255) DEFAULT NULL,
  `modificacaoData` timestamp NULL DEFAULT CURRENT_TIMESTAMP ON UPDATE CURRENT_TIMESTAMP,
  `modificacaoUsuario` int(10) DEFAULT NULL,
  PRIMARY KEY (`id`)
) ENGINE=InnoDB DEFAULT CHARSET=latin1;
/*!40101 SET character_set_client = @saved_cs_client */;

--
-- Dumping data for table `pedidolicencachecklist`
--

LOCK TABLES `pedidolicencachecklist` WRITE;
/*!40000 ALTER TABLE `pedidolicencachecklist` DISABLE KEYS */;
/*!40000 ALTER TABLE `pedidolicencachecklist` ENABLE KEYS */;
UNLOCK TABLES;

--
-- Table structure for table `pedidolicencachecklistdocumento`
--

DROP TABLE IF EXISTS `pedidolicencachecklistdocumento`;
/*!40101 SET @saved_cs_client     = @@character_set_client */;
/*!40101 SET character_set_client = utf8 */;
CREATE TABLE `pedidolicencachecklistdocumento` (
  `id` int(10) NOT NULL AUTO_INCREMENT,
  `checklistId` int(10) NOT NULL,
  `documentoId` int(10) NOT NULL,
  PRIMARY KEY (`id`),
  KEY `fk_pedidolicencachecklist_idx` (`checklistId`),
  CONSTRAINT `fk_pedidolicencachecklist` FOREIGN KEY (`checklistId`) REFERENCES `pedidolicencachecklist` (`id`) ON DELETE CASCADE ON UPDATE CASCADE
) ENGINE=InnoDB DEFAULT CHARSET=latin1;
/*!40101 SET character_set_client = @saved_cs_client */;

--
-- Dumping data for table `pedidolicencachecklistdocumento`
--

LOCK TABLES `pedidolicencachecklistdocumento` WRITE;
/*!40000 ALTER TABLE `pedidolicencachecklistdocumento` DISABLE KEYS */;
/*!40000 ALTER TABLE `pedidolicencachecklistdocumento` ENABLE KEYS */;
UNLOCK TABLES;

--
-- Table structure for table `pedidolicencadocumento`
--

DROP TABLE IF EXISTS `pedidolicencadocumento`;
/*!40101 SET @saved_cs_client     = @@character_set_client */;
/*!40101 SET character_set_client = utf8 */;
CREATE TABLE `pedidolicencadocumento` (
  `id` int(10) NOT NULL AUTO_INCREMENT,
  `nome` text NOT NULL,
  `modificacaoData` timestamp NULL DEFAULT CURRENT_TIMESTAMP ON UPDATE CURRENT_TIMESTAMP,
  `modificacaoUsuario` int(10) DEFAULT NULL,
  PRIMARY KEY (`id`)
) ENGINE=InnoDB DEFAULT CHARSET=latin1;
/*!40101 SET character_set_client = @saved_cs_client */;

--
-- Dumping data for table `pedidolicencadocumento`
--

LOCK TABLES `pedidolicencadocumento` WRITE;
/*!40000 ALTER TABLE `pedidolicencadocumento` DISABLE KEYS */;
/*!40000 ALTER TABLE `pedidolicencadocumento` ENABLE KEYS */;
UNLOCK TABLES;

--
-- Table structure for table `pedidolicencadocumentofile`
--

DROP TABLE IF EXISTS `pedidolicencadocumentofile`;
/*!40101 SET @saved_cs_client     = @@character_set_client */;
/*!40101 SET character_set_client = utf8 */;
CREATE TABLE `pedidolicencadocumentofile` (
  `id` int(10) NOT NULL AUTO_INCREMENT,
  `pedidoLicencaId` int(10) NOT NULL,
  `documentoId` int(10) NOT NULL,
  `filename` varchar(255) NOT NULL,
  `path` text NOT NULL,
  `size` int(11) NOT NULL,
  PRIMARY KEY (`id`),
  KEY `fk_pedidolicencafile_pedidolicenca_idx` (`pedidoLicencaId`),
  CONSTRAINT `fk_pedidolicencadocumentofile_pedidolicenca` FOREIGN KEY (`pedidoLicencaId`) REFERENCES `pedidolicenca` (`id`) ON DELETE CASCADE ON UPDATE CASCADE
) ENGINE=InnoDB DEFAULT CHARSET=latin1;
/*!40101 SET character_set_client = @saved_cs_client */;

--
-- Dumping data for table `pedidolicencadocumentofile`
--

LOCK TABLES `pedidolicencadocumentofile` WRITE;
/*!40000 ALTER TABLE `pedidolicencadocumentofile` DISABLE KEYS */;
/*!40000 ALTER TABLE `pedidolicencadocumentofile` ENABLE KEYS */;
UNLOCK TABLES;

--
-- Table structure for table `pedidolicencadocumentofileresponsavel`
--

DROP TABLE IF EXISTS `pedidolicencadocumentofileresponsavel`;
/*!40101 SET @saved_cs_client     = @@character_set_client */;
/*!40101 SET character_set_client = utf8 */;
CREATE TABLE `pedidolicencadocumentofileresponsavel` (
  `id` int(10) NOT NULL AUTO_INCREMENT,
  `pedidolicencaId` int(10) NOT NULL,
  `documentoId` int(10) DEFAULT NULL,
  `responsavelId` int(10) DEFAULT NULL,
  `ehEmpresa` int(1) DEFAULT '0',
  PRIMARY KEY (`id`),
  KEY `fk_pedidolicenca_responsavel_idx` (`pedidolicencaId`),
  CONSTRAINT `fk_pedidolicenca_responsavel` FOREIGN KEY (`pedidolicencaId`) REFERENCES `pedidolicenca` (`id`) ON DELETE CASCADE ON UPDATE CASCADE
) ENGINE=InnoDB DEFAULT CHARSET=latin1;
/*!40101 SET character_set_client = @saved_cs_client */;

--
-- Dumping data for table `pedidolicencadocumentofileresponsavel`
--

LOCK TABLES `pedidolicencadocumentofileresponsavel` WRITE;
/*!40000 ALTER TABLE `pedidolicencadocumentofileresponsavel` DISABLE KEYS */;
/*!40000 ALTER TABLE `pedidolicencadocumentofileresponsavel` ENABLE KEYS */;
UNLOCK TABLES;

--
-- Table structure for table `pedidolicencadocumentoitem`
--

DROP TABLE IF EXISTS `pedidolicencadocumentoitem`;
/*!40101 SET @saved_cs_client     = @@character_set_client */;
/*!40101 SET character_set_client = utf8 */;
CREATE TABLE `pedidolicencadocumentoitem` (
  `id` int(11) NOT NULL AUTO_INCREMENT,
  `pedidolicencaId` int(11) NOT NULL,
  `documentoId` int(11) NOT NULL,
  `fileName` varchar(255) DEFAULT NULL,
  `filePath` varchar(255) DEFAULT NULL,
  `fileSize` int(11) DEFAULT NULL,
  `ehEmpresa` tinyint(4) NOT NULL DEFAULT '0',
  `clienteId` int(10) unsigned DEFAULT NULL,
  `inicio` varchar(10) DEFAULT NULL,
  `fim` varchar(10) DEFAULT NULL,
  `arquivoId` int(10) DEFAULT NULL,
  PRIMARY KEY (`id`),
  KEY `pedidolicencadocumentoitem_FK` (`pedidolicencaId`),
  KEY `pedidolicencadocumentoitem_FK_1` (`documentoId`),
  KEY `pedidolicencadocumentoitem_arquivoFK` (`arquivoId`),
  CONSTRAINT `pedidolicencadocumentoitem_FK` FOREIGN KEY (`pedidolicencaId`) REFERENCES `pedidolicenca` (`id`) ON DELETE CASCADE,
  CONSTRAINT `pedidolicencadocumentoitem_FK_1` FOREIGN KEY (`documentoId`) REFERENCES `pedidolicencadocumento` (`id`) ON DELETE CASCADE,
  CONSTRAINT `pedidolicencadocumentoitem_arquivoFK` FOREIGN KEY (`arquivoId`) REFERENCES `arquivo` (`id`) ON DELETE SET NULL ON UPDATE SET NULL
) ENGINE=InnoDB DEFAULT CHARSET=utf8;
/*!40101 SET character_set_client = @saved_cs_client */;

--
-- Dumping data for table `pedidolicencadocumentoitem`
--

LOCK TABLES `pedidolicencadocumentoitem` WRITE;
/*!40000 ALTER TABLE `pedidolicencadocumentoitem` DISABLE KEYS */;
/*!40000 ALTER TABLE `pedidolicencadocumentoitem` ENABLE KEYS */;
UNLOCK TABLES;

--
-- Table structure for table `pedidolicencafase`
--

DROP TABLE IF EXISTS `pedidolicencafase`;
/*!40101 SET @saved_cs_client     = @@character_set_client */;
/*!40101 SET character_set_client = utf8 */;
CREATE TABLE `pedidolicencafase` (
  `id` int(10) NOT NULL AUTO_INCREMENT,
  `pedidolicencaId` int(10) NOT NULL,
  `faseId` int(10) NOT NULL,
  PRIMARY KEY (`id`),
  KEY `fk_pedidolicenca_fase_idx` (`pedidolicencaId`),
  CONSTRAINT `fk_pedidolicenca_fase` FOREIGN KEY (`pedidolicencaId`) REFERENCES `pedidolicenca` (`id`) ON DELETE CASCADE ON UPDATE CASCADE
) ENGINE=InnoDB DEFAULT CHARSET=latin1;
/*!40101 SET character_set_client = @saved_cs_client */;

--
-- Dumping data for table `pedidolicencafase`
--

LOCK TABLES `pedidolicencafase` WRITE;
/*!40000 ALTER TABLE `pedidolicencafase` DISABLE KEYS */;
/*!40000 ALTER TABLE `pedidolicencafase` ENABLE KEYS */;
UNLOCK TABLES;

--
-- Table structure for table `pedidolicencafile`
--

DROP TABLE IF EXISTS `pedidolicencafile`;
/*!40101 SET @saved_cs_client     = @@character_set_client */;
/*!40101 SET character_set_client = utf8 */;
CREATE TABLE `pedidolicencafile` (
  `id` int(10) NOT NULL AUTO_INCREMENT,
  `pedidoLicencaId` int(10) NOT NULL,
  `filename` varchar(255) DEFAULT NULL,
  `path` text,
  `size` int(11) DEFAULT NULL,
  PRIMARY KEY (`id`),
  KEY `fk_pedidolicencafile_pedidolicenca_idx` (`pedidoLicencaId`),
  CONSTRAINT `fk_pedidolicencafile_pedidolicenca` FOREIGN KEY (`pedidoLicencaId`) REFERENCES `pedidolicenca` (`id`) ON DELETE CASCADE ON UPDATE CASCADE
) ENGINE=InnoDB DEFAULT CHARSET=latin1;
/*!40101 SET character_set_client = @saved_cs_client */;

--
-- Dumping data for table `pedidolicencafile`
--

LOCK TABLES `pedidolicencafile` WRITE;
/*!40000 ALTER TABLE `pedidolicencafile` DISABLE KEYS */;
/*!40000 ALTER TABLE `pedidolicencafile` ENABLE KEYS */;
UNLOCK TABLES;

--
-- Table structure for table `projeto`
--

DROP TABLE IF EXISTS `projeto`;
/*!40101 SET @saved_cs_client     = @@character_set_client */;
/*!40101 SET character_set_client = utf8 */;
CREATE TABLE `projeto` (
  `id` int(10) unsigned NOT NULL AUTO_INCREMENT,
  `nome` varchar(100) NOT NULL,
  `clienteId` int(10) unsigned DEFAULT NULL,
  `empreendimentoId` int(10) unsigned DEFAULT NULL,
  `tipo` varchar(255) DEFAULT NULL,
  `prioridade` int(1) unsigned DEFAULT NULL,
  `status` int(1) unsigned DEFAULT NULL,
  `descricao` text,
  `justificativa` text,
  `inicioEstimado` varchar(10) DEFAULT NULL,
  `terminoEstimado` varchar(10) DEFAULT NULL,
  `inicioReal` varchar(10) DEFAULT NULL,
  `terminoReal` varchar(10) DEFAULT NULL,
  `esforcoEstimado` varchar(24) DEFAULT NULL,
  `esforcoCompleto` varchar(8) DEFAULT NULL,
  `receitaEstimada` varchar(24) DEFAULT NULL,
  `gastoEstimado` varchar(24) DEFAULT NULL,
  `margemEstimada` varchar(24) DEFAULT NULL,
  `receitaReal` varchar(24) DEFAULT NULL,
  `gastoReal` varchar(24) DEFAULT NULL,
  `margemReal` varchar(24) DEFAULT NULL,
  `finalizado` int(1) unsigned NOT NULL DEFAULT '0',
  `modificacaoData` timestamp NOT NULL DEFAULT CURRENT_TIMESTAMP ON UPDATE CURRENT_TIMESTAMP,
  `modificacaoUsuario` int(10) DEFAULT NULL,
  PRIMARY KEY (`id`)
) ENGINE=InnoDB AUTO_INCREMENT=11 DEFAULT CHARSET=latin1;
/*!40101 SET character_set_client = @saved_cs_client */;

--
-- Dumping data for table `projeto`
--

LOCK TABLES `projeto` WRITE;
/*!40000 ALTER TABLE `projeto` DISABLE KEYS */;
INSERT INTO `projeto` VALUES (4,'PRAD',1,0,'',0,NULL,'\r\n				\r\n				\r\n				Ideias e atividades\r\n			\r\n			\r\n			','\r\n				\r\n				\r\n				\r\n				\r\n			\r\n			\r\n			\r\n			','','','','','3,00',NULL,'','','','','','',0,'2021-03-10 14:31:35',1),(5,'Segurança do Trabalho',0,0,'',0,NULL,'\r\n				\r\n			','\r\n				\r\n			','','','','','',NULL,'','','','','','',0,'2021-01-25 17:27:28',5),(6,'Manejo Florestal',0,0,'',0,2,'\r\n				\r\n				\r\n			\r\n			','\r\n				\r\n				\r\n			\r\n			','','','','','',NULL,'','','','','','',1,'2021-03-10 14:35:10',1),(7,'Minha Consultoria',0,0,'',2,0,'\r\n				\r\n				\r\n				\r\n				\r\n				\r\n				\r\n				\r\n			\r\n			\r\n			\r\n			\r\n			\r\n			\r\n			','\r\n				\r\n				\r\n				\r\n				\r\n				\r\n				\r\n				\r\n			\r\n			\r\n			\r\n			\r\n			\r\n			\r\n			','10/12/2021','29/04/2022','15/01/2022','','50,00',NULL,'5.000,00','2.000,00','3.000,00','4.800,00','3.000,00','1.800,00',0,'2022-02-25 17:56:49',11),(8,'Funil de Vendas',0,0,'',0,NULL,'\r\n				\r\n				\r\n				\r\n			\r\n			\r\n			','\r\n				\r\n				\r\n				\r\n			\r\n			\r\n			','','','','','',NULL,'','','','','','',0,'2021-05-10 17:11:25',1),(9,'TESTE',0,0,'',0,2,'\r\n				\r\n			','\r\n				\r\n			','','','','','',NULL,'','','','','','',1,'2021-09-03 20:22:37',1);
/*!40000 ALTER TABLE `projeto` ENABLE KEYS */;
UNLOCK TABLES;
/*!50003 SET @saved_cs_client      = @@character_set_client */ ;
/*!50003 SET @saved_cs_results     = @@character_set_results */ ;
/*!50003 SET @saved_col_connection = @@collation_connection */ ;
/*!50003 SET character_set_client  = utf8mb4 */ ;
/*!50003 SET character_set_results = utf8mb4 */ ;
/*!50003 SET collation_connection  = utf8mb4_general_ci */ ;
/*!50003 SET @saved_sql_mode       = @@sql_mode */ ;
/*!50003 SET sql_mode              = '' */ ;
DELIMITER ;;
/*!50003 CREATE*/ /*!50017 */ /*!50003 TRIGGER `projeto_BEFORE_UPDATE` 



BEFORE UPDATE ON `projeto` 



FOR EACH ROW 



BEGIN 



	IF NEW.finalizado = 1 AND OLD.finalizado = 0 THEN SET NEW.status = 2; 



	ELSEIF NEW.finalizado = 0 AND OLD.finalizado = 1 AND NEW.status = OLD.status THEN SET NEW.status = 0; 



	ELSEIF NEW.status = 2 AND OLD.status != 2 THEN SET NEW.finalizado = 1; 



	ELSEIF NEW.status != 2 AND OLD.status = 2 THEN SET NEW.finalizado = 0; 



	END IF; 



END */;;
DELIMITER ;
/*!50003 SET sql_mode              = @saved_sql_mode */ ;
/*!50003 SET character_set_client  = @saved_cs_client */ ;
/*!50003 SET character_set_results = @saved_cs_results */ ;
/*!50003 SET collation_connection  = @saved_col_connection */ ;

--
-- Table structure for table `projetofile`
--

DROP TABLE IF EXISTS `projetofile`;
/*!40101 SET @saved_cs_client     = @@character_set_client */;
/*!40101 SET character_set_client = utf8 */;
CREATE TABLE `projetofile` (
  `id` int(10) unsigned NOT NULL AUTO_INCREMENT,
  `projetoId` int(10) unsigned NOT NULL,
  `filename` varchar(255) DEFAULT NULL,
  `path` text,
  `size` int(11) unsigned DEFAULT NULL,
  PRIMARY KEY (`id`),
  KEY `projetofile_projeto_fk_idx` (`projetoId`),
  CONSTRAINT `projetofile_projeto_fk` FOREIGN KEY (`projetoId`) REFERENCES `projeto` (`id`) ON DELETE CASCADE ON UPDATE CASCADE
) ENGINE=InnoDB DEFAULT CHARSET=latin1;
/*!40101 SET character_set_client = @saved_cs_client */;

--
-- Dumping data for table `projetofile`
--

LOCK TABLES `projetofile` WRITE;
/*!40000 ALTER TABLE `projetofile` DISABLE KEYS */;
/*!40000 ALTER TABLE `projetofile` ENABLE KEYS */;
UNLOCK TABLES;

--
-- Table structure for table `projetopremissa`
--

DROP TABLE IF EXISTS `projetopremissa`;
/*!40101 SET @saved_cs_client     = @@character_set_client */;
/*!40101 SET character_set_client = utf8 */;
CREATE TABLE `projetopremissa` (
  `id` int(10) unsigned NOT NULL AUTO_INCREMENT,
  `projetoId` int(10) unsigned NOT NULL,
  `texto` varchar(255) DEFAULT NULL,
  PRIMARY KEY (`id`),
  KEY `premissa_projeto_fk_idx` (`projetoId`),
  CONSTRAINT `premissa_projeto_fk` FOREIGN KEY (`projetoId`) REFERENCES `projeto` (`id`) ON DELETE CASCADE ON UPDATE CASCADE
) ENGINE=InnoDB AUTO_INCREMENT=29 DEFAULT CHARSET=latin1;
/*!40101 SET character_set_client = @saved_cs_client */;

--
-- Dumping data for table `projetopremissa`
--

LOCK TABLES `projetopremissa` WRITE;
/*!40000 ALTER TABLE `projetopremissa` DISABLE KEYS */;
INSERT INTO `projetopremissa` VALUES (4,5,''),(9,4,''),(10,6,''),(14,8,''),(16,9,''),(27,7,'');
/*!40000 ALTER TABLE `projetopremissa` ENABLE KEYS */;
UNLOCK TABLES;

--
-- Table structure for table `projetoquadro`
--

DROP TABLE IF EXISTS `projetoquadro`;
/*!40101 SET @saved_cs_client     = @@character_set_client */;
/*!40101 SET character_set_client = utf8 */;
CREATE TABLE `projetoquadro` (
  `id` int(10) unsigned NOT NULL AUTO_INCREMENT,
  `projetoId` int(10) unsigned NOT NULL,
  `nome` varchar(100) NOT NULL,
  PRIMARY KEY (`id`),
  KEY `quadro_projeto_fk_idx` (`projetoId`),
  CONSTRAINT `quadro_projeto_fk` FOREIGN KEY (`projetoId`) REFERENCES `projeto` (`id`) ON DELETE CASCADE ON UPDATE CASCADE
) ENGINE=InnoDB AUTO_INCREMENT=24 DEFAULT CHARSET=latin1;
/*!40101 SET character_set_client = @saved_cs_client */;

--
-- Dumping data for table `projetoquadro`
--

LOCK TABLES `projetoquadro` WRITE;
/*!40000 ALTER TABLE `projetoquadro` DISABLE KEYS */;
INSERT INTO `projetoquadro` VALUES (7,4,'Marketing Digital'),(8,4,'RH'),(9,5,'Segurança do Trabalho'),(10,6,'Manejo Florestal'),(11,6,'PRAD'),(12,7,'Meu negócio'),(13,8,'Funil de Vendas'),(15,7,'Renovação de LO'),(16,9,'TESTE'),(17,7,'Clientes'),(22,7,'Gestão de resíduos ');
/*!40000 ALTER TABLE `projetoquadro` ENABLE KEYS */;
UNLOCK TABLES;

--
-- Table structure for table `projetoquadrocoluna`
--

DROP TABLE IF EXISTS `projetoquadrocoluna`;
/*!40101 SET @saved_cs_client     = @@character_set_client */;
/*!40101 SET character_set_client = utf8 */;
CREATE TABLE `projetoquadrocoluna` (
  `id` int(10) unsigned NOT NULL AUTO_INCREMENT,
  `quadroId` int(10) unsigned NOT NULL,
  `nome` varchar(100) DEFAULT NULL,
  `posicao` int(10) unsigned NOT NULL,
  PRIMARY KEY (`id`),
  KEY `coluna_quadro_fk_idx` (`quadroId`),
  CONSTRAINT `coluna_quadro_fk` FOREIGN KEY (`quadroId`) REFERENCES `projetoquadro` (`id`) ON DELETE CASCADE ON UPDATE CASCADE
) ENGINE=InnoDB AUTO_INCREMENT=80 DEFAULT CHARSET=latin1;
/*!40101 SET character_set_client = @saved_cs_client */;

--
-- Dumping data for table `projetoquadrocoluna`
--

LOCK TABLES `projetoquadrocoluna` WRITE;
/*!40000 ALTER TABLE `projetoquadrocoluna` DISABLE KEYS */;
INSERT INTO `projetoquadrocoluna` VALUES (19,7,'A fazer',0),(20,7,'Fazendo',0),(21,7,'Feito',0),(22,8,'A fazer',0),(23,9,'A fazer',0),(24,10,'A fazer',0),(25,9,'Fazendo',0),(26,9,'Feito',0),(27,11,'A fazer',0),(28,10,'Fazendo',0),(29,10,'Feito',0),(35,11,'Fazendo',0),(36,11,'Feitas',0),(37,12,'A fazer',2),(38,12,'Fazendo',1),(39,12,'Feito',0),(44,13,'Interessado',5),(46,13,'Visita técnica',4),(47,13,'Ganhou',1),(48,13,'Perdeu ',0),(50,13,'Proposta',3),(51,13,'Negociação',2),(57,8,'Fazendo',0),(58,15,'Documental',2),(59,15,'Vistoria',0),(60,15,'Técnico',3),(61,15,'Protocolado',1),(62,16,'A fazer',0),(64,17,'Sucateiro',0),(65,17,'LAR',1),(71,15,'Recebimento',4),(76,22,'Sem título',0);
/*!40000 ALTER TABLE `projetoquadrocoluna` ENABLE KEYS */;
UNLOCK TABLES;

--
-- Table structure for table `projetoquadrocolunaitem`
--

DROP TABLE IF EXISTS `projetoquadrocolunaitem`;
/*!40101 SET @saved_cs_client     = @@character_set_client */;
/*!40101 SET character_set_client = utf8 */;
CREATE TABLE `projetoquadrocolunaitem` (
  `id` int(10) unsigned NOT NULL AUTO_INCREMENT,
  `colunaId` int(10) unsigned NOT NULL,
  `nome` varchar(100) DEFAULT NULL,
  `posicao` int(10) unsigned NOT NULL,
  `descricao` text,
  `inicioEstimado` varchar(10) DEFAULT NULL,
  `fimEstimado` varchar(10) DEFAULT NULL,
  `inicioReal` varchar(10) DEFAULT NULL,
  `fimReal` varchar(10) DEFAULT NULL,
  `esforcoEstimado` varchar(24) DEFAULT NULL,
  `esforcoReal` varchar(24) DEFAULT NULL,
  `financeiroEstimado` varchar(24) DEFAULT NULL,
  `financeiroReal` varchar(24) DEFAULT NULL,
  `moduloId` int(10) DEFAULT NULL,
  `moduloDadoId` int(10) DEFAULT NULL,
  `finalizado` int(1) unsigned NOT NULL DEFAULT '0',
  PRIMARY KEY (`id`),
  KEY `item_coluna_fk_idx` (`colunaId`),
  CONSTRAINT `item_coluna_fk` FOREIGN KEY (`colunaId`) REFERENCES `projetoquadrocoluna` (`id`) ON DELETE CASCADE ON UPDATE CASCADE
) ENGINE=InnoDB AUTO_INCREMENT=49 DEFAULT CHARSET=latin1;
/*!40101 SET character_set_client = @saved_cs_client */;

--
-- Dumping data for table `projetoquadrocolunaitem`
--

LOCK TABLES `projetoquadrocolunaitem` WRITE;
/*!40000 ALTER TABLE `projetoquadrocolunaitem` DISABLE KEYS */;
INSERT INTO `projetoquadrocolunaitem` VALUES (10,19,'Apresentar Módulo para Julia',0,'','19/01/2021','19/01/2021','','','12,00','14,00','','',5,12,0),(11,25,'Relatório da Condicionante de Análise',0,'','08/02/2021','05/03/2021','','23/02/2021','','','','',3,3,0),(12,24,'Renovação da LO',0,'','','','','','','','','',3,3,0),(13,25,'Treinamento',1,NULL,NULL,NULL,NULL,NULL,NULL,NULL,NULL,NULL,NULL,NULL,0),(14,23,'Construção da LO',0,'','18/02/2021','25/03/2021','','','10,00','8,00','','',3,0,1),(15,38,'PGRS Sucateiro SA',0,'','29/12/2021','28/02/2022','10/01/2022','','200,00','','5.000,00','',2,1,0),(16,38,'PGRS Auto Posto Blumenau',1,'Plano Geral Resíduos Sólidos\nAnálise e viabilidade de recursos. ','10/12/2021','04/03/2022','08/12/2021','','40,00','','','',2,5,0),(17,39,'Renovação LO',0,'','30/08/2021','10/09/2021','01/09/2021','08/09/2021','12,00','10,00','100,00','80,00',3,24,1),(18,37,'Renovação LO 8749/2021',0,'Processo de renovação. ','01/12/2021','24/06/2022','07/12/2021','','50,00','','300,00','',3,29,1),(19,48,'Indústria March',0,'','','','','','','','','',0,0,0),(20,47,'Agronatural ',3,'','','','','','','','','',0,0,0),(21,46,'Indústria Y',2,'','','','','','','','','',0,0,0),(22,44,'Loteamento Santa Catarina',0,'','','','','','','','','',0,0,0),(23,47,'Indústria X',2,'','','','','','','','','',0,0,0),(25,44,'Tech Mapa',0,NULL,NULL,NULL,NULL,NULL,NULL,NULL,NULL,NULL,NULL,NULL,0),(26,44,'Posto Palmeiras',0,'','','','','','','','','',0,0,0),(27,51,'Posto Petro',0,'','','','','','','','','',0,0,0),(28,47,'Mecânica Y',1,'','','','','','','','','',0,0,0),(29,48,'Indústria Z',0,NULL,NULL,NULL,NULL,NULL,NULL,NULL,NULL,NULL,NULL,NULL,0),(30,47,'Indústria A',0,NULL,NULL,NULL,NULL,NULL,NULL,NULL,NULL,NULL,NULL,NULL,0),(31,46,'Posto A',1,NULL,NULL,NULL,NULL,NULL,NULL,NULL,NULL,NULL,NULL,NULL,0),(32,46,'Posto J',0,NULL,NULL,NULL,NULL,NULL,NULL,NULL,NULL,NULL,NULL,NULL,0),(33,50,'Empresa W',1,NULL,NULL,NULL,NULL,NULL,NULL,NULL,NULL,NULL,NULL,NULL,0),(34,50,'Indústria I',2,'','','','','','','','','',5,4,0),(35,51,'Indústria A',1,NULL,NULL,NULL,NULL,NULL,NULL,NULL,NULL,NULL,NULL,NULL,0),(36,50,'Empresa J',0,NULL,NULL,NULL,NULL,NULL,NULL,NULL,NULL,NULL,NULL,NULL,0),(37,71,'Renovação da LO 012/2019',0,'Tarefa para a renovação da Licença do cliente Sucateiro','02/01/2022','17/08/2022','','','','','','',3,1,0),(38,62,'Tarefa 1',0,NULL,NULL,NULL,NULL,NULL,NULL,NULL,NULL,NULL,NULL,NULL,0),(39,39,'Projeto Ind Têxtil',2,'','30/08/2021','02/09/2021','01/07/2021','01/09/2021','140,00','200,00','3.000,00','3.500,00',3,3,1),(42,61,'Pedido de licença (protocolo 17817/2021)',1,'','08/11/2021','10/06/2022','','','','','','',4,25,1),(43,58,'Pedido de Licença Sucateiro SA',0,'','01/02/2022','11/08/2022','','','','','','',2,1,1),(45,38,'Relatório PGRS',0,'','15/02/2022','24/02/2022','15/02/2022','','','','','',0,0,0),(47,76,'Execução do projeto',0,NULL,NULL,NULL,NULL,NULL,NULL,NULL,NULL,NULL,NULL,NULL,0);
/*!40000 ALTER TABLE `projetoquadrocolunaitem` ENABLE KEYS */;
UNLOCK TABLES;

--
-- Table structure for table `projetoquadrocolunaitemesforco`
--

DROP TABLE IF EXISTS `projetoquadrocolunaitemesforco`;
/*!40101 SET @saved_cs_client     = @@character_set_client */;
/*!40101 SET character_set_client = utf8 */;
CREATE TABLE `projetoquadrocolunaitemesforco` (
  `id` int(10) unsigned NOT NULL AUTO_INCREMENT,
  `itemId` int(10) NOT NULL,
  `data` varchar(10) DEFAULT NULL,
  `horaInicio` varchar(5) DEFAULT NULL,
  `horaFim` varchar(5) DEFAULT NULL,
  `esforco` varchar(16) DEFAULT NULL,
  `observacao` text,
  PRIMARY KEY (`id`)
) ENGINE=InnoDB AUTO_INCREMENT=297 DEFAULT CHARSET=latin1;
/*!40101 SET character_set_client = @saved_cs_client */;

--
-- Dumping data for table `projetoquadrocolunaitemesforco`
--

LOCK TABLES `projetoquadrocolunaitemesforco` WRITE;
/*!40000 ALTER TABLE `projetoquadrocolunaitemesforco` DISABLE KEYS */;
INSERT INTO `projetoquadrocolunaitemesforco` VALUES (5,3,'21/09/2020','10:00','11:00','5,00','null'),(10,1,'05/10/2020','10:00','12:00','2,00','Fiz a atividade'),(16,12,'03/03/2021','','','',''),(32,14,'22/03/2021','10:00','15:00','','Airan'),(33,14,'22/03/2021','17:00','18:00','','Airan'),(34,14,'22/03/2021','19:00','20:00','','Airan'),(35,14,'22/03/2021','20:00','','',''),(267,10,'01/03/2021','10:00','11:00','5,00','Ida a campo'),(283,37,'25/11/2021','15:00','16:00','1,00',''),(284,37,'29/11/2021','15:00','16:00','1,00',''),(285,37,'21/01/2022','16:00','17:00','1,00',''),(288,11,'03/03/2021','10:00','12:00','2,00','Estudo XYZ'),(293,17,'31/09/2021','16:00','17:00','1,00',''),(294,17,'03/09/2021','13:30','14:30','1,00',''),(296,16,'09/06/2021','10:00','12:00','2,00','');
/*!40000 ALTER TABLE `projetoquadrocolunaitemesforco` ENABLE KEYS */;
UNLOCK TABLES;

--
-- Table structure for table `projetoquadrocolunaitemtodolist`
--

DROP TABLE IF EXISTS `projetoquadrocolunaitemtodolist`;
/*!40101 SET @saved_cs_client     = @@character_set_client */;
/*!40101 SET character_set_client = utf8 */;
CREATE TABLE `projetoquadrocolunaitemtodolist` (
  `id` int(10) unsigned NOT NULL AUTO_INCREMENT,
  `itemId` int(10) unsigned NOT NULL,
  `descricao` text,
  `finalizado` int(1) unsigned NOT NULL DEFAULT '0',
  PRIMARY KEY (`id`),
  KEY `todolist_item_fk_idx` (`itemId`),
  CONSTRAINT `todolist_item_fk` FOREIGN KEY (`itemId`) REFERENCES `projetoquadrocolunaitem` (`id`) ON DELETE CASCADE ON UPDATE CASCADE
) ENGINE=InnoDB AUTO_INCREMENT=1001 DEFAULT CHARSET=latin1;
/*!40101 SET character_set_client = @saved_cs_client */;

--
-- Dumping data for table `projetoquadrocolunaitemtodolist`
--

LOCK TABLES `projetoquadrocolunaitemtodolist` WRITE;
/*!40000 ALTER TABLE `projetoquadrocolunaitemtodolist` DISABLE KEYS */;
INSERT INTO `projetoquadrocolunaitemtodolist` VALUES (177,14,'Procuração',1),(178,14,'Cartão CNPJ',1),(179,14,'Projeto',0),(970,37,'Juntar documentos',1),(971,37,'Redigir a procuração',0),(972,37,'Requerimento padrão',0),(973,37,'Cartão CNPJ',0),(980,11,'Qualidade da água',1),(981,11,'Erosões',1),(982,11,'Análise de efluentes',0),(989,43,'Visitar cliente',1),(990,18,'Procuração',1),(991,18,'Declaração na prefeitura',1),(994,17,'Juntada de documentos',1),(995,17,'Redação da Procuração',0),(996,17,'Cópia dos comprovantes de limpeza das salas ou apartamento',0),(997,17,'ART',0),(998,17,'Certidão da prefeitura',0),(1000,16,'Juntar documentos',1);
/*!40000 ALTER TABLE `projetoquadrocolunaitemtodolist` ENABLE KEYS */;
UNLOCK TABLES;

--
-- Table structure for table `projetorestricao`
--

DROP TABLE IF EXISTS `projetorestricao`;
/*!40101 SET @saved_cs_client     = @@character_set_client */;
/*!40101 SET character_set_client = utf8 */;
CREATE TABLE `projetorestricao` (
  `id` int(10) unsigned NOT NULL AUTO_INCREMENT,
  `projetoId` int(10) unsigned NOT NULL,
  `texto` varchar(255) DEFAULT NULL,
  PRIMARY KEY (`id`),
  KEY `restricao_projeto_fk_idx` (`projetoId`),
  CONSTRAINT `restricao_projeto_fk` FOREIGN KEY (`projetoId`) REFERENCES `projeto` (`id`) ON DELETE CASCADE ON UPDATE CASCADE
) ENGINE=InnoDB AUTO_INCREMENT=27 DEFAULT CHARSET=latin1;
/*!40101 SET character_set_client = @saved_cs_client */;

--
-- Dumping data for table `projetorestricao`
--

LOCK TABLES `projetorestricao` WRITE;
/*!40000 ALTER TABLE `projetorestricao` DISABLE KEYS */;
INSERT INTO `projetorestricao` VALUES (4,5,''),(9,4,''),(10,6,''),(14,8,''),(16,9,''),(25,7,'');
/*!40000 ALTER TABLE `projetorestricao` ENABLE KEYS */;
UNLOCK TABLES;

--
-- Table structure for table `protocolo`
--

DROP TABLE IF EXISTS `protocolo`;
/*!40101 SET @saved_cs_client     = @@character_set_client */;
/*!40101 SET character_set_client = utf8 */;
CREATE TABLE `protocolo` (
  `id` int(9) unsigned NOT NULL AUTO_INCREMENT,
  `clienteId` int(9) unsigned DEFAULT NULL,
  `numero` varchar(45) DEFAULT NULL,
  `licencaId` int(10) unsigned DEFAULT NULL,
  `data` varchar(10) DEFAULT NULL,
  `orgao` varchar(150) DEFAULT NULL,
  `tipoProcesso` varchar(150) DEFAULT NULL,
  `atividade` varchar(80) DEFAULT NULL,
  `alertaDiasSemAtualizacao` int(3) DEFAULT NULL,
  `dataUltimaModificacao` varchar(10) DEFAULT NULL,
  `observacoes` text,
  `finalizado` int(11) NOT NULL DEFAULT '0',
  `modificacaoData` timestamp NOT NULL DEFAULT CURRENT_TIMESTAMP ON UPDATE CURRENT_TIMESTAMP,
  `modificacaoUsuario` int(10) DEFAULT NULL,
  `dataFinalizacao` varchar(10) DEFAULT NULL,
  `empreendimentoId` int(10) unsigned NOT NULL,
  `link` text,
  PRIMARY KEY (`id`)
) ENGINE=InnoDB AUTO_INCREMENT=29 DEFAULT CHARSET=utf8;
/*!40101 SET character_set_client = @saved_cs_client */;

--
-- Dumping data for table `protocolo`
--

LOCK TABLES `protocolo` WRITE;
/*!40000 ALTER TABLE `protocolo` DISABLE KEYS */;
INSERT INTO `protocolo` VALUES (1,1,'9844/2019',NULL,'11/11/2019','SEMASA','LAO','Exemplo de atividade',30,'17/12/2019','',1,'2020-03-23 01:06:39',1,NULL,0,NULL),(2,2,'534/2019',NULL,'03/12/2019','SEMASA','LAI','Fiação ou tecelagem de fibras têxteis vegetaisss',45,'17/12/2019','',1,'2020-03-23 01:08:22',1,NULL,0,NULL),(3,1,'123/2020',NULL,'08/01/2020','IMA','','',30,'08/01/2020','',1,'2020-03-23 01:06:39',1,NULL,0,NULL),(4,1,'19458',NULL,'22/01/2020','IMA','LAI','Desdobramento secundário de madeiras',60,'22/01/2020','',1,'2021-03-09 11:32:32',1,'09/03/2021',0,NULL),(5,1,'105/2020',NULL,'23/01/2020','IMA','LAI','Desdobramento secundário de madeiras',30,'23/01/2020','',1,'2020-03-23 01:06:39',1,NULL,0,NULL),(6,1,'123',NULL,'28/01/2020','IMA','LAO','Fiação ou tecelagem de fibras têxteis vegetais',30,'28/01/2020','',1,'2020-03-23 01:06:39',1,NULL,0,NULL),(7,2,'5512',NULL,'03/02/2020','Semmas','DANC','Facção',30,'03/02/2020','',1,'2020-03-23 01:08:22',1,NULL,0,NULL),(8,1,'156/2020',NULL,'05/02/2020','IMA','','',30,'05/02/2020','',1,'2020-03-23 01:06:39',1,NULL,0,NULL),(9,2,'981/2020',NULL,'10/02/2020','IMA','LAO','Fiação ou tecelagem de fibras têxteis vegetais',30,'11/02/2020','Exemplo',1,'2020-03-23 01:08:22',1,NULL,0,NULL),(10,4,'487/2020',NULL,'10/02/2020','SEMASA','LAO','Desdobramento secundário de madeiras',30,'18/02/2020','',1,'2020-02-18 19:53:11',1,NULL,0,NULL),(11,4,'495/2020',0,'20/02/2022','IMA','LAO','Desdobramento secundário de madeiras',30,'21/02/2022','',0,'2022-02-21 16:51:54',11,NULL,0,''),(12,4,'159/2020',10,'25/10/2021','IMA','LAI','Desdobramento secundário de madeiras',30,'17/12/2021','',0,'2021-12-17 16:57:58',11,NULL,0,'https://portal.sgpe.sea.sc.gov.br/portal-externo/processo/8f1dd0d3-d471-4c27-9143-a6641d8cc88c'),(13,2,'48534/2020',0,'10/01/2022','IMA','LAI','Fiação ou tecelagem de fibras têxteis vegetaisss',50,'17/02/2022','',0,'2022-02-17 11:57:51',11,NULL,0,'https://portal.sgpe.sea.sc.gov.br/portal-externo/processo/8f1dd0d3-d471-4c27-9143-a6641d8cc88c'),(14,3,'1715/2020',NULL,'08/04/2020','SEMASA','','',30,'08/04/2020','',1,'2020-04-08 17:30:43',1,NULL,0,NULL),(15,5,'197/2020',NULL,'24/02/2020','IMA','LAO','Fiação ou tecelagem de fibras têxteis vegetaisss',30,'26/04/2020','',1,'2020-05-06 18:06:17',1,NULL,0,NULL),(16,2,'999999',NULL,'30/04/2020','SEMASA','','',0,'14/05/2020','',1,'2020-05-21 20:30:41',1,NULL,0,NULL),(17,5,'534/2020',NULL,'27/05/2020','IMA','LAR - Licença Ambiental Rural','Desdobramento secundário de madeiras',30,'30/05/2020','',1,'2020-07-11 12:28:04',1,'11/07/2020',0,NULL),(18,13,'321/2020',NULL,'13/10/2020','IMA','','',30,'13/10/2020','',1,'2020-10-28 17:40:06',1,'28/10/2020',0,'https://portal.sgpe.sea.sc.gov.br/portal-externo/processo/8f1dd0d3-d471-4c27-9143-a6641d8cc88c'),(19,15,'7391/2019',NULL,'16/10/2019','SEMMA/BELÉM','Solicitação para autorização de poda','',1,'15/07/2020','',1,'2020-07-15 13:13:22',7,'15/07/2020',0,NULL),(20,15,'001',0,'09/03/2021','ciclo','','',10,'09/03/2021','PRE BOMBEIRO /\r\nPROJETO DE GASES (OFÍCIO) \r\n- *PRORROGAÇÃO CONCEDIDA ATÉ 10/10\r\n',1,'2021-03-09 19:31:10',1,'22/09/2020',0,''),(21,1,'861/2020',0,'30/10/2020','SEMASA','','',15,'30/10/2020','',1,'2020-10-30 17:56:31',1,'30/10/2020',6,'https://portal.sgpe.sea.sc.gov.br/portal-externo/processo/8f1dd0d3-d471-4c27-9143-a6641d8cc88c'),(22,1,'01/2022',0,'23/01/2022','SEMMAS','Processo Administrativo','',30,'21/02/2022','',0,'2022-02-21 16:51:29',11,NULL,2,'https://portal.sgpe.sea.sc.gov.br/portal-externo/processo/8f1dd0d3-d471-4c27-9143-a6641d8cc88c'),(23,15,'189/2021',16,'03/03/2021','SEMMAS','','',25,'09/02/2021','',1,'2021-03-09 11:32:28',1,'09/03/2021',0,'https://portal.sgpe.sea.sc.gov.br/portal-externo/processo/8f1dd0d3-d471-4c27-9143-a6641d8cc88c'),(24,10,'18289',0,'15/10/2021','IMA','LAO','Fiação ou tecelagem de fibras têxteis vegetaisss',120,'17/12/2021','',0,'2021-12-17 17:07:58',11,NULL,0,'https://portal.sgpe.sea.sc.gov.br/portal-externo/processo/8f1dd0d3-d471-4c27-9143-a6641d8cc88c'),(25,1,'17817/2021',22,'18/02/2021','SEMMAS','','',30,'18/02/2021','',1,'2021-03-09 11:32:22',1,'09/03/2021',2,''),(26,56,'983379',0,'07/07/2021','Redesim - Estado de São Paulo','Solicitação de licenciamento','Comércio varejista de combustíveis para veículos automotores',60,'20/12/2021',NULL,1,'2021-12-20 17:31:17',11,'20/12/2021',0,'https://vreredesim.sp.gov.br/home'),(27,56,'983379',0,'10/02/2022','Redesim - Estado de São Paulo','Solicitação de licenciamento','Comércio varejista de combustíveis para veículos automotores',45,'22/02/2022','Licenciamento integrado com demais órgãos, podendo realizar o acompanhamento via Redesim:\r\n - Secretaria do Estado da Saúde/Vigilância sanitária;\r\n - Secretaria do Estado de Segurança Pública/Corpo de Bombeiros;\r\n - Secretaria do Estado de Meio Ambiente/CETESB;\r\n - Secretaria de Agricultura/Coordenadoria de Defesa Agropecuária;\r\n - Prefeitura de Barueri',0,'2022-02-22 11:31:59',11,NULL,0,'https://vreredesim.sp.gov.br/home');
/*!40000 ALTER TABLE `protocolo` ENABLE KEYS */;
UNLOCK TABLES;
/*!50003 SET @saved_cs_client      = @@character_set_client */ ;
/*!50003 SET @saved_cs_results     = @@character_set_results */ ;
/*!50003 SET @saved_col_connection = @@collation_connection */ ;
/*!50003 SET character_set_client  = utf8mb4 */ ;
/*!50003 SET character_set_results = utf8mb4 */ ;
/*!50003 SET collation_connection  = utf8mb4_general_ci */ ;
/*!50003 SET @saved_sql_mode       = @@sql_mode */ ;
/*!50003 SET sql_mode              = '' */ ;
DELIMITER ;;
/*!50003 CREATE*/ /*!50017 */ /*!50003 TRIGGER `protocolo_BEFORE_UPDATE` BEFORE UPDATE ON `protocolo`



 FOR EACH ROW BEGIN



    IF NEW.finalizado = 1 AND OLD.finalizado != 1 THEN



        SET new.dataFinalizacao = DATE_FORMAT(NOW(), '%d/%m/%Y');



	ELSEIF NEW.finalizado = 0 AND OLD.finalizado != 0 THEN



		SET new.dataFinalizacao = null;



    END IF;



END */;;
DELIMITER ;
/*!50003 SET sql_mode              = @saved_sql_mode */ ;
/*!50003 SET character_set_client  = @saved_cs_client */ ;
/*!50003 SET character_set_results = @saved_cs_results */ ;
/*!50003 SET collation_connection  = @saved_col_connection */ ;

--
-- Table structure for table `protocolofile`
--

DROP TABLE IF EXISTS `protocolofile`;
/*!40101 SET @saved_cs_client     = @@character_set_client */;
/*!40101 SET character_set_client = utf8 */;
CREATE TABLE `protocolofile` (
  `id` int(11) unsigned NOT NULL AUTO_INCREMENT,
  `protocoloId` int(9) unsigned DEFAULT NULL,
  `filename` varchar(255) DEFAULT NULL,
  `path` text,
  `size` int(11) DEFAULT NULL,
  PRIMARY KEY (`id`),
  KEY `protocoloididx` (`protocoloId`),
  CONSTRAINT `protocoloidfk` FOREIGN KEY (`protocoloId`) REFERENCES `protocolo` (`id`) ON DELETE CASCADE ON UPDATE CASCADE
) ENGINE=InnoDB AUTO_INCREMENT=9 DEFAULT CHARSET=latin1;
/*!40101 SET character_set_client = @saved_cs_client */;

--
-- Dumping data for table `protocolofile`
--

LOCK TABLES `protocolofile` WRITE;
/*!40000 ALTER TABLE `protocolofile` DISABLE KEYS */;
INSERT INTO `protocolofile` VALUES (2,19,'Processo-1507201013110.PDF','uploads/possamai/protocolofiles/19/Processo-1507201013110.PDF',390581),(3,22,'PROTOCOLO-61bca0de97c3a.png','uploads/possamai/protocolofiles/22/PROTOCOLO-61bca0de97c3a.png',159050),(4,12,'PROTOCOLO-61bcc14260ca7.png','uploads/possamai/protocolofiles/12/PROTOCOLO-61bcc14260ca7.png',159050),(5,24,'PROTOCOLO-61bcc37acfa05.png','uploads/possamai/protocolofiles/24/PROTOCOLO-61bcc37acfa05.png',159050),(6,13,'PROTOCOLO-61bcc3cd9d67b.png','uploads/possamai/protocolofiles/13/PROTOCOLO-61bcc3cd9d67b.png',159050),(7,26,'PROTOCOLO - SOLICITAÇÃO DE LICENCIAMENTO-61c0bd7051c68.pdf','uploads/possamai/protocolofiles/26/PROTOCOLO - SOLICITAÇÃO DE LICENCIAMENTO-61c0bd7051c68.pdf',0),(8,27,'PROTOCOLO - SOLICITAÇÃO DE LICENCIAMENTO-61c0bd786e1d6.pdf','uploads/possamai/protocolofiles/27/PROTOCOLO - SOLICITAÇÃO DE LICENCIAMENTO-61c0bd786e1d6.pdf',763485);
/*!40000 ALTER TABLE `protocolofile` ENABLE KEYS */;
UNLOCK TABLES;

--
-- Table structure for table `protocolotemfase`
--

DROP TABLE IF EXISTS `protocolotemfase`;
/*!40101 SET @saved_cs_client     = @@character_set_client */;
/*!40101 SET character_set_client = utf8 */;
CREATE TABLE `protocolotemfase` (
  `id` int(10) unsigned NOT NULL AUTO_INCREMENT,
  `protocoloId` int(10) unsigned NOT NULL,
  `faseId` int(10) unsigned DEFAULT NULL,
  PRIMARY KEY (`id`)
) ENGINE=InnoDB DEFAULT CHARSET=utf8;
/*!40101 SET character_set_client = @saved_cs_client */;

--
-- Dumping data for table `protocolotemfase`
--

LOCK TABLES `protocolotemfase` WRITE;
/*!40000 ALTER TABLE `protocolotemfase` DISABLE KEYS */;
/*!40000 ALTER TABLE `protocolotemfase` ENABLE KEYS */;
UNLOCK TABLES;

--
-- Table structure for table `relatorio`
--

DROP TABLE IF EXISTS `relatorio`;
/*!40101 SET @saved_cs_client     = @@character_set_client */;
/*!40101 SET character_set_client = utf8 */;
CREATE TABLE `relatorio` (
  `id` int(10) NOT NULL AUTO_INCREMENT,
  `query` varchar(1000) NOT NULL,
  `tituloPdf` varchar(50) DEFAULT NULL,
  `tabela` varchar(50) DEFAULT NULL,
  `colunaOrdem` varchar(50) DEFAULT NULL,
  `tipoOrdem` varchar(50) DEFAULT NULL,
  `groupBy` varchar(50) DEFAULT NULL,
  PRIMARY KEY (`id`)
) ENGINE=InnoDB DEFAULT CHARSET=utf8;
/*!40101 SET character_set_client = @saved_cs_client */;

--
-- Dumping data for table `relatorio`
--

LOCK TABLES `relatorio` WRITE;
/*!40000 ALTER TABLE `relatorio` DISABLE KEYS */;
/*!40000 ALTER TABLE `relatorio` ENABLE KEYS */;
UNLOCK TABLES;

--
-- Table structure for table `relatoriocolunasadicionaisselecionadas`
--

DROP TABLE IF EXISTS `relatoriocolunasadicionaisselecionadas`;
/*!40101 SET @saved_cs_client     = @@character_set_client */;
/*!40101 SET character_set_client = utf8 */;
CREATE TABLE `relatoriocolunasadicionaisselecionadas` (
  `id` int(10) NOT NULL AUTO_INCREMENT,
  `relatorioId` int(10) DEFAULT NULL,
  `colunaId` int(10) DEFAULT NULL,
  PRIMARY KEY (`id`),
  KEY `fk_colunasadicionais_relatorioId_idx` (`relatorioId`),
  CONSTRAINT `fk_colunasadicionais_relatorioId` FOREIGN KEY (`relatorioId`) REFERENCES `relatorio` (`id`) ON DELETE CASCADE ON UPDATE CASCADE
) ENGINE=InnoDB DEFAULT CHARSET=latin1;
/*!40101 SET character_set_client = @saved_cs_client */;

--
-- Dumping data for table `relatoriocolunasadicionaisselecionadas`
--

LOCK TABLES `relatoriocolunasadicionaisselecionadas` WRITE;
/*!40000 ALTER TABLE `relatoriocolunasadicionaisselecionadas` DISABLE KEYS */;
/*!40000 ALTER TABLE `relatoriocolunasadicionaisselecionadas` ENABLE KEYS */;
UNLOCK TABLES;

--
-- Table structure for table `relatoriocolunascount`
--

DROP TABLE IF EXISTS `relatoriocolunascount`;
/*!40101 SET @saved_cs_client     = @@character_set_client */;
/*!40101 SET character_set_client = utf8 */;
CREATE TABLE `relatoriocolunascount` (
  `id` int(10) NOT NULL AUTO_INCREMENT,
  `coluna` varchar(50) DEFAULT NULL,
  `tabela` varchar(50) DEFAULT NULL,
  `nomeColuna` varchar(50) DEFAULT NULL,
  PRIMARY KEY (`id`)
) ENGINE=InnoDB AUTO_INCREMENT=7 DEFAULT CHARSET=latin1;
/*!40101 SET character_set_client = @saved_cs_client */;

--
-- Dumping data for table `relatoriocolunascount`
--

LOCK TABLES `relatoriocolunascount` WRITE;
/*!40000 ALTER TABLE `relatoriocolunascount` DISABLE KEYS */;
INSERT INTO `relatoriocolunascount` VALUES (1,'numeroArt','clienteartfile','numero'),(2,'validadeArt','clienteartfile','validade'),(3,'valorItem','orcamentoitem','valor'),(4,'valorPagamento','orcamentopagamento','valor'),(5,'numeroArtEmpreendimento','empreendimentoartfile','numero'),(6,'validadeArtEmpreendimento','empreendimentoartfile','validade');
/*!40000 ALTER TABLE `relatoriocolunascount` ENABLE KEYS */;
UNLOCK TABLES;

--
-- Table structure for table `relatoriocolunasjoin`
--

DROP TABLE IF EXISTS `relatoriocolunasjoin`;
/*!40101 SET @saved_cs_client     = @@character_set_client */;
/*!40101 SET character_set_client = utf8 */;
CREATE TABLE `relatoriocolunasjoin` (
  `id` int(10) NOT NULL AUTO_INCREMENT,
  `tabelaJoinId` int(10) DEFAULT NULL,
  `nomeColuna` varchar(50) DEFAULT NULL,
  `nomeExibicao` varchar(50) DEFAULT NULL,
  `nomeChave` varchar(50) DEFAULT NULL,
  `orderType` tinyint(4) NOT NULL DEFAULT '0',
  PRIMARY KEY (`id`)
) ENGINE=InnoDB AUTO_INCREMENT=66 DEFAULT CHARSET=latin1;
/*!40101 SET character_set_client = @saved_cs_client */;

--
-- Dumping data for table `relatoriocolunasjoin`
--

LOCK TABLES `relatoriocolunasjoin` WRITE;
/*!40000 ALTER TABLE `relatoriocolunasjoin` DISABLE KEYS */;
INSERT INTO `relatoriocolunasjoin` VALUES (1,1,'numero','Número - ART','numeroArt',0),(2,1,'validade','Validade - ART','validadeArt',1),(3,1,'finalizado','Finalizada - ART','finalizadaArt',0),(4,2,'nome','Nome - CONTATO','nomeContato',0),(5,2,'telefone','Telefone - CONTATO','telefoneContato',0),(6,2,'celular','Celular - CONTATO','celularContato',0),(7,2,'email','Email - CONTATO','emailContato',0),(8,2,'cargo','Cargo - CONTATO','cargoContato',0),(10,3,'link','Link - LOGIN','linkLogin',0),(11,3,'login','Login - LOGIN','loginLogin',0),(12,3,'senha','Senha - LOGIN','senhaLogin',0),(17,5,'valor','Valor - ITEM ','valorItem',2),(18,6,'dataVencimentoPagamento','Data vencimento - PAGAMENTO','dataVencimentoPagamento',1),(19,6,'dataConfirmacaoPagamento','Data confirmação - PAGAMENTO','dataConfirmacaoPagamento',1),(20,6,'valor','Valor - PAGAMENTO','valorPagamento',2),(21,7,'titulo','Título - SEÇÃO','tituloSecao',0),(26,9,'faseId','Fase - FASE','faseFase',0),(38,14,'controleId','Controle - FOTO','controleFoto',0),(42,16,'itemId','Item - ITEM','itemItem',0),(43,16,'ehConforme','Conforme - ITEM','conformeItem',0),(45,17,'validade','Validade - ENTREGA','validadeEntrega',0),(47,17,'dataFinalizacao','Data finalização - ENTREGA','dataFinalizacaoEntrega',1),(48,18,'numero','Número - ART','numeroArtEmpreendimento',0),(49,18,'validade','Validade - ART','validadeArtEmpreendimento',1),(50,18,'finalizado','Finalizada - ART ','finalizadaArtEmpreendimento',0),(51,19,'ponto','Ponto - COORDENADA','pontoCoordenada',0),(52,19,'latitude','Latitude - COORDENADA','latitudeCoordenada',0),(53,19,'longitude','Longitude - COORDENADA','longitudeCoordenada',0),(54,16,'observacao','Observação - ITEM','observacaoItem',0),(55,14,'descricao','Descrição - FOTO','descricaoFoto',0),(56,20,'codigoDescricao','Código/Descrição - Resíduo','codigoDescricaoResiduo',0),(57,20,'identificacaoDestinador','Identificação destinador - Resíduo','identificacaoDestinadorResiduo',0),(58,20,'classe','Classe - Resíduo','classeResiduo',0),(59,20,'tecnologia','Tecnologia - Resíduo','tecnologiaResiduo',0),(60,20,'pesoColetado','Peso coletado - Resíduo','pesoColetadoResiduo',0),(61,20,'pesoDestinado','Peso destinado - Resíduo','pesoDestinadoResiduo',0),(62,20,'pesoNaoDestinado','Peso não destinado - Resíduo','pesoNaoDestinadoResiduo',0),(63,21,'documentoId','Documento - Documento','documentoPedidoLicencaDocumentoItem',0),(64,21,'inicio','Data de início - Documento','dataInicioPedidoLicencaDocumentoItem',1),(65,21,'fim','Data fim - Documento','dataFimPedidoLicencaDocumentoItem',1);
/*!40000 ALTER TABLE `relatoriocolunasjoin` ENABLE KEYS */;
UNLOCK TABLES;

--
-- Table structure for table `relatoriocolunasjoinadicionaisselecionadas`
--

DROP TABLE IF EXISTS `relatoriocolunasjoinadicionaisselecionadas`;
/*!40101 SET @saved_cs_client     = @@character_set_client */;
/*!40101 SET character_set_client = utf8 */;
CREATE TABLE `relatoriocolunasjoinadicionaisselecionadas` (
  `id` int(10) NOT NULL AUTO_INCREMENT,
  `relatorioId` int(10) DEFAULT NULL,
  `colunaId` int(10) DEFAULT NULL,
  PRIMARY KEY (`id`)
) ENGINE=InnoDB DEFAULT CHARSET=latin1;
/*!40101 SET character_set_client = @saved_cs_client */;

--
-- Dumping data for table `relatoriocolunasjoinadicionaisselecionadas`
--

LOCK TABLES `relatoriocolunasjoinadicionaisselecionadas` WRITE;
/*!40000 ALTER TABLE `relatoriocolunasjoinadicionaisselecionadas` DISABLE KEYS */;
/*!40000 ALTER TABLE `relatoriocolunasjoinadicionaisselecionadas` ENABLE KEYS */;
UNLOCK TABLES;

--
-- Table structure for table `relatoriocolunasjoinselecionadas`
--

DROP TABLE IF EXISTS `relatoriocolunasjoinselecionadas`;
/*!40101 SET @saved_cs_client     = @@character_set_client */;
/*!40101 SET character_set_client = utf8 */;
CREATE TABLE `relatoriocolunasjoinselecionadas` (
  `id` int(10) NOT NULL AUTO_INCREMENT,
  `relatorioId` int(10) DEFAULT NULL,
  `colunaId` int(10) DEFAULT NULL,
  PRIMARY KEY (`id`),
  KEY `fk_relatoriocolunasjoinselecionadas_relatorioId_idx` (`relatorioId`),
  CONSTRAINT `fk_relatoriocolunasjoinselecionadas_relatorioId` FOREIGN KEY (`relatorioId`) REFERENCES `relatorio` (`id`) ON DELETE CASCADE ON UPDATE CASCADE
) ENGINE=InnoDB DEFAULT CHARSET=utf8;
/*!40101 SET character_set_client = @saved_cs_client */;

--
-- Dumping data for table `relatoriocolunasjoinselecionadas`
--

LOCK TABLES `relatoriocolunasjoinselecionadas` WRITE;
/*!40000 ALTER TABLE `relatoriocolunasjoinselecionadas` DISABLE KEYS */;
/*!40000 ALTER TABLE `relatoriocolunasjoinselecionadas` ENABLE KEYS */;
UNLOCK TABLES;

--
-- Table structure for table `relatoriocolunasselecionadas`
--

DROP TABLE IF EXISTS `relatoriocolunasselecionadas`;
/*!40101 SET @saved_cs_client     = @@character_set_client */;
/*!40101 SET character_set_client = utf8 */;
CREATE TABLE `relatoriocolunasselecionadas` (
  `id` int(10) NOT NULL AUTO_INCREMENT,
  `relatorioId` int(10) NOT NULL,
  `colunaId` int(10) DEFAULT NULL,
  PRIMARY KEY (`id`),
  KEY `relatorioId_idx` (`relatorioId`),
  CONSTRAINT `relatorioId` FOREIGN KEY (`relatorioId`) REFERENCES `relatorio` (`id`) ON DELETE CASCADE ON UPDATE CASCADE
) ENGINE=InnoDB DEFAULT CHARSET=latin1;
/*!40101 SET character_set_client = @saved_cs_client */;

--
-- Dumping data for table `relatoriocolunasselecionadas`
--

LOCK TABLES `relatoriocolunasselecionadas` WRITE;
/*!40000 ALTER TABLE `relatoriocolunasselecionadas` DISABLE KEYS */;
/*!40000 ALTER TABLE `relatoriocolunasselecionadas` ENABLE KEYS */;
UNLOCK TABLES;

--
-- Table structure for table `relatoriofiltrosselecionados`
--

DROP TABLE IF EXISTS `relatoriofiltrosselecionados`;
/*!40101 SET @saved_cs_client     = @@character_set_client */;
/*!40101 SET character_set_client = utf8 */;
CREATE TABLE `relatoriofiltrosselecionados` (
  `id` int(10) NOT NULL AUTO_INCREMENT,
  `relatorioId` int(10) NOT NULL,
  `tipoFiltroId` int(10) NOT NULL,
  `coluna` varchar(100) NOT NULL,
  `valor` varchar(255) DEFAULT NULL,
  `optData` varchar(30) DEFAULT NULL,
  `dataInicio` varchar(10) DEFAULT NULL,
  `dataFim` varchar(10) DEFAULT NULL,
  `estadoId` int(10) DEFAULT NULL,
  `cidadeId` int(10) DEFAULT NULL,
  `licencaFasesIds` varchar(255) DEFAULT NULL,
  `optMonetario` char(1) DEFAULT NULL,
  `valorMonetario` varchar(50) DEFAULT NULL,
  `order` int(10) DEFAULT NULL,
  PRIMARY KEY (`id`),
  KEY `relatoriofiltrosselecionados_FK` (`relatorioId`),
  CONSTRAINT `relatoriofiltrosselecionados_FK` FOREIGN KEY (`relatorioId`) REFERENCES `relatorio` (`id`) ON DELETE CASCADE ON UPDATE CASCADE
) ENGINE=InnoDB DEFAULT CHARSET=utf8;
/*!40101 SET character_set_client = @saved_cs_client */;

--
-- Dumping data for table `relatoriofiltrosselecionados`
--

LOCK TABLES `relatoriofiltrosselecionados` WRITE;
/*!40000 ALTER TABLE `relatoriofiltrosselecionados` DISABLE KEYS */;
/*!40000 ALTER TABLE `relatoriofiltrosselecionados` ENABLE KEYS */;
UNLOCK TABLES;

--
-- Table structure for table `relatoriotabela`
--

DROP TABLE IF EXISTS `relatoriotabela`;
/*!40101 SET @saved_cs_client     = @@character_set_client */;
/*!40101 SET character_set_client = utf8 */;
CREATE TABLE `relatoriotabela` (
  `id` int(10) NOT NULL AUTO_INCREMENT,
  `nomeExibicao` varchar(50) DEFAULT NULL,
  `nomeTabela` varchar(50) DEFAULT NULL,
  PRIMARY KEY (`id`)
) ENGINE=InnoDB AUTO_INCREMENT=20 DEFAULT CHARSET=latin1;
/*!40101 SET character_set_client = @saved_cs_client */;

--
-- Dumping data for table `relatoriotabela`
--

LOCK TABLES `relatoriotabela` WRITE;
/*!40000 ALTER TABLE `relatoriotabela` DISABLE KEYS */;
INSERT INTO `relatoriotabela` VALUES (1,'Empresa','Cliente'),(2,'Orçamento','Orcamento'),(3,'Licença','Licenca'),(4,'Protocolo','Protocolo'),(5,'Ofício','Oficio'),(6,'CR','Cr'),(7,'Vistoria','Vistoria'),(8,'Condicionante','Condicionante'),(9,'Empreendimento','Empreendimento'),(10,'Fases - Licenças','licencafase'),(11,'Checklists - Vistoria','vistoriachecklist'),(12,'Controles ambientais - Vistoria','vistoriacontroleambiental'),(13,'Resíduos','residuo'),(14,'Motoristas','motorista'),(15,'Históricos','historico'),(16,'Gestão de resíduos','mtr'),(17,'Pedido de licença','pedidolicenca'),(18,'Checklists - Pedido de licença','pedidolicencachecklist'),(19,'Documentos - Pedido de licença','pedidolicencadocumento');
/*!40000 ALTER TABLE `relatoriotabela` ENABLE KEYS */;
UNLOCK TABLES;

--
-- Table structure for table `relatoriotabelacoluna`
--

DROP TABLE IF EXISTS `relatoriotabelacoluna`;
/*!40101 SET @saved_cs_client     = @@character_set_client */;
/*!40101 SET character_set_client = utf8 */;
CREATE TABLE `relatoriotabelacoluna` (
  `id` int(10) NOT NULL AUTO_INCREMENT,
  `tabelaId` int(10) DEFAULT NULL,
  `nomeColuna` varchar(50) DEFAULT NULL,
  `nomeExibicao` varchar(50) DEFAULT NULL,
  `alias` varchar(50) DEFAULT NULL,
  `orderType` tinyint(4) NOT NULL DEFAULT '0',
  PRIMARY KEY (`id`)
) ENGINE=InnoDB AUTO_INCREMENT=146 DEFAULT CHARSET=latin1;
/*!40101 SET character_set_client = @saved_cs_client */;

--
-- Dumping data for table `relatoriotabelacoluna`
--

LOCK TABLES `relatoriotabelacoluna` WRITE;
/*!40000 ALTER TABLE `relatoriotabelacoluna` DISABLE KEYS */;
INSERT INTO `relatoriotabelacoluna` VALUES (1,1,'razaoSocial','Razão social','razaoSocialCliente',0),(2,1,'tipoPessoa','Tipo pessoa','tipoPessoaCliente',0),(3,1,'representanteLegal','Representante legal','representanteLegalCliente',0),(4,1,'dataAniversario','Data de aniversário','dataAniversarioCliente',1),(5,1,'emailrepresentantelegal','Email do representante legal','emailrepresentantelegalCliente',0),(6,1,'cnpj','CNPJ','cnpjCliente',0),(7,1,'cep','CEP','cepCliente',0),(8,1,'estadoId','Estado','estadoCliente',0),(9,1,'cidadeId','Cidade','cidadeCliente',0),(10,1,'endereco','Endereço','enderecoCliente',0),(11,1,'bairro','Bairro','bairroCliente',0),(12,1,'contratoNumero','Número contrato','contratoNumeroCliente',0),(13,2,'clienteId','Empresa','clienteOrcamento',0),(14,2,'empreendimentoId','Empreendimento','empreendimentoOrcamento',0),(18,2,'numero','Número','numeroOrcamento',0),(19,2,'data','Data','dataOrcamento',1),(20,2,'finalizado','Finalizado','finalizadoOrcamento',0),(21,2,'ehAprovado','Aprovado','ehAprovadoOrcamento',0),(22,3,'clienteId','Empresa','clienteLicenca',0),(23,3,'empreendimentoId','Empreendimento','empreendimentoLicenca',0),(24,3,'numero','Número','numeroLicenca',0),(25,3,'numeroProcesso','Número do processo','numeroProcessoLicenca',0),(26,3,'orgao','Órgão','orgaoLicenca',0),(27,3,'tipoProcesso','Tipo processo','tipoProcessoLicenca',0),(28,3,'atividade','Atividade','atividadeLicenca',0),(29,3,'validade','Validade','validadeLicenca',1),(30,3,'finalizado','Finalizada','finalizadoLicenca',0),(31,3,'dataFinalizacao','Data de finalização','dataFinalizacaoLicenca',1),(32,3,'situacao','Situação','situacaoLicenca',0),(33,3,'dataEmissao','Data de emissão','dataEmissaoLicenca',1),(34,4,'clienteId','Empresa','clienteProtocolo',0),(35,4,'empreendimentoId','Empreendimento','empreendimentoProtocolo',0),(36,4,'numero','Número','numeroProtocolo',0),(37,4,'licencaId','Licença','licencaProtocolo',0),(38,4,'data','Data','dataProtocolo',1),(39,4,'orgao','Órgão ','orgaoProtocolo',0),(40,4,'tipoProcesso','Tipo processo','tipoProcessoProtocolo',0),(41,4,'atividade','Atividade','atividadeProtocolo',0),(43,4,'finalizado','Finalizado','finalizadoProtocolo',0),(44,4,'dataFinalizacao','Data de finalização','dataFinalizacaoProtocolo',1),(45,4,'link','Link de acesso','linkProtocolo',0),(46,5,'clienteId','Empresa','clienteOficio',0),(47,5,'empreendimentoId','Empreendimento','empreendimentoOficio',0),(48,5,'orgao','Órgão','orgaoOficio',0),(49,5,'licencaId','Licença','licencaOficio',0),(50,5,'dataRecebimento','Data de recebimento','dataRecebimentoOficio',1),(51,5,'prazoResposta','Prazo de resposta','prazoRespostaOficio',1),(58,5,'setor','Setor','setorOficio',0),(60,5,'numProcessoAdministrativo','Processo administrativo','numProcessoAdministrativoOficio',0),(61,5,'dataOficio','Data do ofício','dataOficio',1),(62,5,'assunto','Assunto','assuntoOficio',0),(64,5,'finalizado','Finalizado','finalizadoOficio',0),(65,5,'objetivo','Objetivo','objetivoOficio',0),(66,5,'dataFinalizacao','Data de finalização','dataFinalizacaoOficio',1),(67,5,'tecnicoId','Técnico ','tecnicoOficio',0),(68,5,'requerenteId','Requerente','requerenteOficio',0),(69,6,'clienteId','Empresa','clienteCr',0),(70,6,'empreendimentoId','Empreendimento','empreendimentoCr',0),(71,6,'numeroRegistro','Número registro','numeroRegistroCr',0),(72,6,'validade','Validade','validadeCr',1),(73,6,'login','Login','loginCr',0),(74,6,'senha','Senha','senhaCr',0),(75,6,'taxa','Taxa','taxaCr',0),(77,6,'finalizado','Finalizado','finalizadoCr',0),(78,6,'dataFinalizacao','Data de finalização','dataFinalizacaoCr',1),(79,6,'licencaId','Licença','licencaCr',0),(80,7,'clienteId','Empresa','clienteVistoria',0),(81,7,'empreendimentoId','Empreendimento','empreendimentoVistoria',0),(82,7,'data','Data','dataVistoria',1),(85,7,'finalizado','Finalizada','finalizadoVistoria',0),(86,7,'dataFinalizacao','Data de finalização','dataFinalizacaoVistoria',1),(87,8,'licencaId','Licença','licencaCondicionante',0),(88,8,'nome','Nome','nomeCondicionante',0),(89,8,'descricao','Descrição','descricaoCondicionante',0),(91,9,'clienteId','Empresa','clienteEmpreendimento',0),(92,9,'razaoSocial','Razão social','razaoSocialEmpreendimento',0),(93,9,'nomeFantasia','Nome fantasia','nomeFantasiaEmpreendimento',0),(94,9,'tipoPessoa','Tipo pessoa','tipoPessoaEmpreendimento',0),(95,9,'cpf','CPF','cpfEmpreendimento',0),(96,9,'cnpj','CNPJ','cnpjEmpreendimento',0),(97,9,'telefone1','Telefone','telefone1Empreendimento',0),(98,9,'grupo','Grupo','grupoEmpreendimento',0),(99,9,'potencialPoluidor','Potencial poluidor/degradador','potencialPoluidorEmpreendimento',0),(100,9,'porte','Porte','porteEmpreendimento',0),(101,9,'atividade','Atividade','atividadeEmpreendimento',0),(103,9,'operacao','Operação','operacaoEmpreendimento',0),(104,9,'licencaId','Licença ','licencaEmpreendimento',0),(105,9,'cep','CEP','cepEmpreendimento',0),(106,9,'estadoId','Estado','estadoEmpreendimento',0),(107,9,'cidadeId','Cidade','cidadeEmpreendimento',0),(108,9,'endereco','Endereço','enderecoEmpreendimento',0),(109,9,'bairro','Bairro','bairroEmpreendimento',0),(110,9,'enderecoNumero','Número do endereço','enderecoNumeroEmpreendimento',0),(111,10,'nome','Nome','nomeFase',0),(112,11,'nome','Nome','nomeChecklist',0),(113,12,'nome','Nome','nomeControleAmbiental',0),(114,13,'residuo','Nome','nomeResiduo',0),(115,13,'classe','Classe','classeResiduo',0),(116,13,'tecnologia','Tecnologia','tecnologiaResiduo',0),(117,14,'clienteId','Empresa','clienteMotorista',0),(118,14,'nome','Nome','nomeMotorista',0),(119,14,'nascimento','Data de nascimento','nascimentoMotorista',1),(120,14,'numeroCNH','Número CNH','numeroCnhMotorista',0),(121,15,'module','Módulo','moduloHistorico',0),(122,15,'data','Data ','dataHistorico',1),(123,15,'texto','Texto','textoHistorico',0),(124,15,'usuarioId','Usuário','usuarioHistorico',0),(125,16,'clienteId','Empresa','clienteMtr',0),(126,16,'empreendimentoId','Empreendimento','empreendimentoMtr',0),(127,16,'numero','Número','numeroMtr',0),(128,16,'numeroCertificadoGerador','Número de certificado','numeroCertificadoMtr',0),(129,16,'dataColeta','Data de coleta','dataColetaMtr',0),(130,16,'situacao','Situação','situacaoMtr',0),(131,16,'destinadorId','Destinador','destinadorMtr',0),(132,16,'transportadorId','Transportador','transportadorMtr',0),(133,16,'motoristaId','Motorista','motoristaMtr',0),(134,16,'finalizado','Finalizado','finalizadoMtr',0),(135,16,'dataFinalizacao','Data de finalização','dataFinalizacaoMtr',0),(136,17,'clienteId','Empresa','clientePedidoLicenca',0),(137,17,'empreendimentoId','Empreendimento','empreendimentoPedidoLicenca',0),(138,17,'orgao','Órgão','orgaoPedidoLicenca',0),(139,17,'dataInicio','Data de inicío','dataInicioPedidoLicenca',1),(140,17,'previsaoConclusao','Previsão de conclusão','previsaoConclusaoPedidoLicenca',1),(141,17,'dataFinalizacao','Data de finalização','dataFinalizacaoPedidoLicenca',1),(142,17,'finalizado','Finalizado','finalizadoPedidoLicenca',0),(143,18,'nome','Nome','nomePedidoLicencaChecklist',0),(144,19,'nome','Nome','nomePedidoLicencaDocumento',0),(145,2,'tipo','Tipo','tipoOrcamento',0);
/*!40000 ALTER TABLE `relatoriotabelacoluna` ENABLE KEYS */;
UNLOCK TABLES;

--
-- Table structure for table `relatoriotabelajoin`
--

DROP TABLE IF EXISTS `relatoriotabelajoin`;
/*!40101 SET @saved_cs_client     = @@character_set_client */;
/*!40101 SET character_set_client = utf8 */;
CREATE TABLE `relatoriotabelajoin` (
  `id` int(10) NOT NULL AUTO_INCREMENT,
  `tabelaId` int(10) DEFAULT NULL,
  `nomeTabela` varchar(50) DEFAULT NULL,
  PRIMARY KEY (`id`)
) ENGINE=InnoDB AUTO_INCREMENT=22 DEFAULT CHARSET=latin1;
/*!40101 SET character_set_client = @saved_cs_client */;

--
-- Dumping data for table `relatoriotabelajoin`
--

LOCK TABLES `relatoriotabelajoin` WRITE;
/*!40000 ALTER TABLE `relatoriotabelajoin` DISABLE KEYS */;
INSERT INTO `relatoriotabelajoin` VALUES (1,1,'clienteartfile'),(2,1,'clientecontato'),(3,1,'clientelogin'),(4,2,'orcamentohistorico'),(5,2,'orcamentoitem'),(6,2,'orcamentopagamento'),(7,2,'orcamentosecao'),(8,3,'licencahistorico'),(9,3,'licencatemfase'),(10,4,'protocolohistorico'),(11,5,'oficiofoto'),(12,5,'oficiohistorico'),(13,6,'crhistorico'),(14,7,'vistoriafoto'),(15,7,'vistoriahistorico'),(16,7,'vistoriaitem'),(17,8,'condicionanteentrega'),(18,9,'empreendimentoartfile'),(19,9,'empreendimentocoordenada'),(20,16,'mtrresiduo'),(21,17,'pedidolicencadocumentoitem');
/*!40000 ALTER TABLE `relatoriotabelajoin` ENABLE KEYS */;
UNLOCK TABLES;

--
-- Table structure for table `relatoriotipofiltro`
--

DROP TABLE IF EXISTS `relatoriotipofiltro`;
/*!40101 SET @saved_cs_client     = @@character_set_client */;
/*!40101 SET character_set_client = utf8 */;
CREATE TABLE `relatoriotipofiltro` (
  `id` int(10) NOT NULL AUTO_INCREMENT,
  `nomeFiltro` varchar(100) NOT NULL,
  PRIMARY KEY (`id`)
) ENGINE=InnoDB AUTO_INCREMENT=10 DEFAULT CHARSET=utf8;
/*!40101 SET character_set_client = @saved_cs_client */;

--
-- Dumping data for table `relatoriotipofiltro`
--

LOCK TABLES `relatoriotipofiltro` WRITE;
/*!40000 ALTER TABLE `relatoriotipofiltro` DISABLE KEYS */;
INSERT INTO `relatoriotipofiltro` VALUES (1,'select'),(2,'texto'),(3,'data'),(4,'mask'),(5,'estadoCidade'),(6,'monetario'),(7,'faseLicenca'),(8,'cliente'),(9,'empreendimento');
/*!40000 ALTER TABLE `relatoriotipofiltro` ENABLE KEYS */;
UNLOCK TABLES;

--
-- Table structure for table `relatoriotipofiltrocoluna`
--

DROP TABLE IF EXISTS `relatoriotipofiltrocoluna`;
/*!40101 SET @saved_cs_client     = @@character_set_client */;
/*!40101 SET character_set_client = utf8 */;
CREATE TABLE `relatoriotipofiltrocoluna` (
  `id` int(10) NOT NULL AUTO_INCREMENT,
  `tipoFiltroId` int(10) NOT NULL,
  `nomeColuna` varchar(100) NOT NULL,
  PRIMARY KEY (`id`),
  KEY `relatoriotipofiltrocoluna_FK` (`tipoFiltroId`),
  CONSTRAINT `relatoriotipofiltrocoluna_FK` FOREIGN KEY (`tipoFiltroId`) REFERENCES `relatoriotipofiltro` (`id`) ON DELETE CASCADE ON UPDATE CASCADE
) ENGINE=InnoDB AUTO_INCREMENT=29 DEFAULT CHARSET=utf8;
/*!40101 SET character_set_client = @saved_cs_client */;

--
-- Dumping data for table `relatoriotipofiltrocoluna`
--

LOCK TABLES `relatoriotipofiltrocoluna` WRITE;
/*!40000 ALTER TABLE `relatoriotipofiltrocoluna` DISABLE KEYS */;
INSERT INTO `relatoriotipofiltrocoluna` VALUES (1,1,'tipoPessoa'),(2,8,'razaoSocialCliente'),(3,3,'dataAniversario'),(4,4,'cnpj'),(5,5,'estadoId'),(6,5,'cidadeId'),(7,1,'finalizado'),(8,9,'razaoSocialEmpreendimento'),(9,4,'telefone'),(10,3,'validade'),(11,1,'ehAprovado'),(12,6,'valor'),(13,7,'faseId'),(14,3,'dataEmissao'),(15,3,'dataFinalizacao'),(16,3,'data'),(17,3,'dataOficio'),(18,3,'prazoResposta'),(19,3,'dataRecebimento'),(20,6,'taxa'),(21,1,'ehConforme'),(22,3,'dataVencimentoPagamento'),(23,3,'dataConfirmacaoPagamento'),(24,4,'cpf'),(25,4,'telefone1'),(26,4,'cep'),(27,8,'clienteId'),(28,9,'empreendimentoId');
/*!40000 ALTER TABLE `relatoriotipofiltrocoluna` ENABLE KEYS */;
UNLOCK TABLES;

--
-- Table structure for table `relatoriotipofiltrocolunavalor`
--

DROP TABLE IF EXISTS `relatoriotipofiltrocolunavalor`;
/*!40101 SET @saved_cs_client     = @@character_set_client */;
/*!40101 SET character_set_client = utf8 */;
CREATE TABLE `relatoriotipofiltrocolunavalor` (
  `id` int(10) NOT NULL AUTO_INCREMENT,
  `valor` varchar(100) NOT NULL,
  `tipoFiltroColunaId` int(10) NOT NULL,
  `valorBd` varchar(255) DEFAULT NULL,
  PRIMARY KEY (`id`),
  KEY `relatoriotipofiltrocolunavalor_FK` (`tipoFiltroColunaId`),
  CONSTRAINT `relatoriotipofiltrocolunavalor_FK` FOREIGN KEY (`tipoFiltroColunaId`) REFERENCES `relatoriotipofiltrocoluna` (`id`)
) ENGINE=InnoDB AUTO_INCREMENT=9 DEFAULT CHARSET=utf8;
/*!40101 SET character_set_client = @saved_cs_client */;

--
-- Dumping data for table `relatoriotipofiltrocolunavalor`
--

LOCK TABLES `relatoriotipofiltrocolunavalor` WRITE;
/*!40000 ALTER TABLE `relatoriotipofiltrocolunavalor` DISABLE KEYS */;
INSERT INTO `relatoriotipofiltrocolunavalor` VALUES (1,'Pessoa jurídica',1,'pj'),(2,'Pessoa física',1,'pf'),(3,'Não finalizado',7,'0'),(4,'Finalizado',7,'1'),(5,'Não aprovado',11,'0'),(6,'Aprovado',11,'1'),(7,'Não conforme',21,'0'),(8,'Conforme',21,'1');
/*!40000 ALTER TABLE `relatoriotipofiltrocolunavalor` ENABLE KEYS */;
UNLOCK TABLES;

--
-- Table structure for table `relatoriototais`
--

DROP TABLE IF EXISTS `relatoriototais`;
/*!40101 SET @saved_cs_client     = @@character_set_client */;
/*!40101 SET character_set_client = utf8 */;
CREATE TABLE `relatoriototais` (
  `id` int(10) NOT NULL AUTO_INCREMENT,
  `tabelaId` int(10) NOT NULL,
  `nomeExibicao` varchar(50) DEFAULT NULL,
  `nomeColuna` varchar(50) DEFAULT NULL,
  PRIMARY KEY (`id`)
) ENGINE=InnoDB AUTO_INCREMENT=115 DEFAULT CHARSET=latin1;
/*!40101 SET character_set_client = @saved_cs_client */;

--
-- Dumping data for table `relatoriototais`
--

LOCK TABLES `relatoriototais` WRITE;
/*!40000 ALTER TABLE `relatoriototais` DISABLE KEYS */;
INSERT INTO `relatoriototais` VALUES (1,1,'Razão social','razaoSocial'),(2,1,'Tipo pessoa','tipoPessoa'),(3,1,'Representante legal','representanteLegal'),(4,1,'Data de aniversário','dataAniversario'),(5,1,'Email do representante legal','emailrepresentantelegal'),(6,1,'CNPJ','cnpj'),(7,1,'CEP','cep'),(8,1,'Estado','estadoId'),(9,1,'Cidade','cidadeId'),(10,1,'Endereço','endereco'),(11,1,'Bairro','bairro'),(12,1,'Número contrato','contratoNumero'),(13,2,'Empresa','clienteId'),(14,2,'Empreendimento','empreendimentoId'),(17,2,'Responsável','responsavelId'),(18,2,'Número','numero'),(19,2,'Data','data'),(20,2,'Finalizado','finalizado'),(21,2,'Aprovado','ehAprovado'),(22,3,'Empresa','clienteId'),(23,3,'Empreendimento','empreendimentoId'),(24,3,'Número','numero'),(25,3,'Número do processo','numeroProcesso'),(26,3,'Órgão','orgao'),(27,3,'Tipo processo','tipoProcesso'),(28,3,'Atividade','atividade'),(29,3,'Validade','validade'),(30,3,'Finalizada','finalizado'),(31,3,'Data de finalização','dataFinalizacao'),(32,3,'Situação','situacao'),(33,3,'Data de emissão','dataEmissao'),(34,4,'Empresa','clienteId'),(35,4,'Empreendimento','empreendimentoId'),(36,4,'Número','numero'),(37,4,'Licença','licencaId'),(38,4,'Data','data'),(39,4,'Órgão ','orgao'),(40,4,'Tipo processo','tipoProcesso'),(41,4,'Atividade','atividade'),(43,4,'Finalizado','finalizado'),(44,4,'Data de finalização','dataFinalizacao'),(45,4,'Link de acesso','link'),(46,5,'Empresa','clienteId'),(47,5,'Empreendimento','empreendimentoId'),(48,5,'Órgão','orgao'),(49,5,'Licença','licencaId'),(50,5,'Data de recebimento','dataRecebimento'),(51,5,'Prazo de resposta','prazoResposta'),(52,5,'Setor','setor'),(54,5,'Processo administrativo','numProcessoAdministrativo'),(55,5,'Data do ofício','dataOficio'),(56,5,'Assunto','assunto'),(58,5,'Finalizado','finalizado'),(59,5,'Objetivo','objetivo'),(60,5,'Data de finalização','dataFinalizacao'),(61,5,'Técnico ','tecnicoId'),(62,5,'Requerente','requerenteId'),(63,6,'Empresa','clienteId'),(64,6,'Empreendimento','empreendimentoId'),(65,6,'Número registro','numeroRegistro'),(66,6,'Validade','validade'),(67,6,'Login','login'),(68,6,'Senha','senha'),(69,6,'Taxa','taxa'),(71,6,'Finalizado','finalizado'),(72,6,'Data de finalização','dataFinalizacao'),(73,6,'Licença','licencaId'),(74,7,'Empresa','clienteId'),(75,7,'Empreendimento','empreendimentoId'),(76,7,'Data','data'),(79,7,'Finalizada','finalizado'),(80,7,'Data de finalização','dataFinalizacao'),(81,8,'Licença','licencaId'),(82,8,'Nome','nome'),(83,8,'Descrição','descricao'),(84,8,'Validade','validade'),(85,9,'Empresa','clienteId'),(86,9,'Razão social','razaoSocial'),(87,9,'Nome fantasia','nomeFantasia'),(88,9,'Tipo pessoa','tipoPessoa'),(89,9,'CPF','cpf'),(90,9,'CNPJ','cnpj'),(91,9,'Telefone','telefone1'),(92,9,'Grupo','grupo'),(93,9,'Potencial poluidor/degradador','potencialPoluidor'),(94,9,'Porte','porte'),(95,9,'Atividade','atividade'),(97,9,'Operação','operacao'),(98,9,'Licença ','licencaId'),(99,9,'CEP','cep'),(100,9,'Estado','estadoId'),(101,9,'Cidade','cidadeId'),(102,9,'Endereço','endereco'),(103,9,'Bairro','bairro'),(104,9,'Número do endereço','enderecoNumero'),(105,10,'Nome','nome'),(106,11,'Nome','nome'),(107,12,'Nome','nome'),(108,13,'Nome','residuo'),(109,13,'Classe','classe'),(110,13,'Tecnologia','tecnologia'),(111,14,'Empresa','clienteId'),(112,14,'Nome','nome'),(113,14,'Data de nascimento','nascimento'),(114,14,'Nº CNH','numeroCNH');
/*!40000 ALTER TABLE `relatoriototais` ENABLE KEYS */;
UNLOCK TABLES;

--
-- Table structure for table `relatoriototaisselecionados`
--

DROP TABLE IF EXISTS `relatoriototaisselecionados`;
/*!40101 SET @saved_cs_client     = @@character_set_client */;
/*!40101 SET character_set_client = utf8 */;
CREATE TABLE `relatoriototaisselecionados` (
  `id` int(10) NOT NULL AUTO_INCREMENT,
  `relatorioId` int(10) NOT NULL,
  `opcaoSelecionada` varchar(50) DEFAULT NULL,
  PRIMARY KEY (`id`),
  KEY `fk_totais_relatorioId_idx` (`relatorioId`),
  CONSTRAINT `fk_totais_relatorioId` FOREIGN KEY (`relatorioId`) REFERENCES `relatorio` (`id`) ON DELETE CASCADE ON UPDATE CASCADE
) ENGINE=InnoDB DEFAULT CHARSET=latin1;
/*!40101 SET character_set_client = @saved_cs_client */;

--
-- Dumping data for table `relatoriototaisselecionados`
--

LOCK TABLES `relatoriototaisselecionados` WRITE;
/*!40000 ALTER TABLE `relatoriototaisselecionados` DISABLE KEYS */;
/*!40000 ALTER TABLE `relatoriototaisselecionados` ENABLE KEYS */;
UNLOCK TABLES;

--
-- Table structure for table `residuo`
--

DROP TABLE IF EXISTS `residuo`;
/*!40101 SET @saved_cs_client     = @@character_set_client */;
/*!40101 SET character_set_client = utf8 */;
CREATE TABLE `residuo` (
  `id` int(10) unsigned NOT NULL AUTO_INCREMENT,
  `residuo` varchar(255) DEFAULT NULL,
  `classe` varchar(45) DEFAULT NULL,
  `tecnologia` varchar(90) DEFAULT NULL,
  `modificacaoUsuario` int(10) unsigned DEFAULT NULL,
  `modificacaoData` timestamp NOT NULL DEFAULT CURRENT_TIMESTAMP ON UPDATE CURRENT_TIMESTAMP,
  PRIMARY KEY (`id`)
) ENGINE=InnoDB AUTO_INCREMENT=886 DEFAULT CHARSET=latin1;
/*!40101 SET character_set_client = @saved_cs_client */;

--
-- Dumping data for table `residuo`
--

LOCK TABLES `residuo` WRITE;
/*!40000 ALTER TABLE `residuo` DISABLE KEYS */;
INSERT INTO `residuo` VALUES (1,'01 01 01 Resíduos da extração de minérios metálicos','01','Reciclagem',1,'2020-05-26 19:03:09'),(2,'01 01 02 Resíduos da extração de minérios não metálicos',NULL,NULL,NULL,'2020-04-25 12:13:03'),(3,'01 03 04 (*) Rejeitados geradores de ácidos, resultantes da transformação de sulfuretos',NULL,NULL,NULL,'2020-04-25 12:13:03'),(4,'01 03 05 (*) Outros rejeitados contendo substâncias perigosas',NULL,NULL,NULL,'2020-04-25 12:13:03'),(5,'01 03 06 Rejeitados não abrangidos em 01 03 04 e 01 03 05',NULL,NULL,NULL,'2020-04-25 12:13:03'),(6,'01 03 07 (*) Outros resíduos contendo substâncias perigosas, resultantes da transformação física e química de minérios metálicos',NULL,NULL,NULL,'2020-04-25 12:13:03'),(7,'01 03 08 Poeiras e pós não abrangidos em 01 03 07',NULL,NULL,NULL,'2020-04-25 12:13:03'),(8,'01 03 09 Lamas vermelhas da produção de alumina não abrangidas em 01 03 07',NULL,NULL,NULL,'2020-04-25 12:13:03'),(9,'01 03 99 Outros resíduos não anteriormente especificados',NULL,NULL,NULL,'2020-04-25 12:13:03'),(10,'01 04 07 (*) Resíduos contendo substâncias perigosas, resultantes da transformação física e química de minérios não metálicos',NULL,NULL,NULL,'2020-04-25 12:13:03'),(11,'01 04 08 Cascalhos e fragmentos de rocha não abrangidos em 01 04 07',NULL,NULL,NULL,'2020-04-25 12:13:03'),(12,'01 04 09 Areias e argilas',NULL,NULL,NULL,'2020-04-25 12:13:04'),(13,'01 04 10 Poeiras e pós não abrangidos em 01 04 07',NULL,NULL,NULL,'2020-04-25 12:13:04'),(14,'01 04 12 Rejeitados e outros resíduos, resultantes da lavagem e limpeza de minérios, não abrangidos em 01 04 07',NULL,NULL,NULL,'2020-04-25 12:13:04'),(15,'01 04 13 Resíduos do corte e serragem de pedra não abrangidos em 01 04 07',NULL,NULL,NULL,'2020-04-25 12:13:04'),(16,'01 04 99 Outros resíduos não anteriormente especificados',NULL,NULL,NULL,'2020-04-25 12:13:04'),(17,'01 05 04 Lodos e outros resíduos de perfuração contendo água doce',NULL,NULL,NULL,'2020-04-25 12:13:04'),(18,'01 05 05 (*) Lodos e outros resíduos de perfuração contendo hidrocarbonetos',NULL,NULL,NULL,'2020-04-25 12:13:04'),(19,'01 05 06 (*) Lodos e outros resíduos de perfuração contendo substâncias perigosas',NULL,NULL,NULL,'2020-04-25 12:13:04'),(20,'01 05 07 Lodos e outros resíduos de perfuração contendo sais de bário não abrangidos em 01 05 05 e 01 05 06',NULL,NULL,NULL,'2020-04-25 12:13:04'),(21,'01 05 08 Lodos e outros resíduos de perfuração contendo cloretos não abrangidos em 01 05 05 e 01 05 06',NULL,NULL,NULL,'2020-04-25 12:13:04'),(22,'01 05 99 Outros resíduos não anteriormente especificados',NULL,NULL,NULL,'2020-04-25 12:13:04'),(23,'02 01 01 Lodos provenientes da lavagem e limpeza',NULL,NULL,NULL,'2020-04-25 12:13:04'),(24,'02 01 02 Resíduos de tecidos animais',NULL,NULL,NULL,'2020-04-25 12:13:04'),(25,'02 01 03 Resíduos de tecidos vegetais',NULL,NULL,NULL,'2020-04-25 12:13:04'),(26,'02 01 04 Resíduos de plásticos (excluindo embalagens)',NULL,NULL,NULL,'2020-04-25 12:13:04'),(27,'02 01 06 Fezes, urina e estrume de animais (incluindo palha suja), efluentes recolhidos separadamente e tratados noutro local',NULL,NULL,NULL,'2020-04-25 12:13:04'),(28,'02 01 07 Resíduos silvícolas',NULL,NULL,NULL,'2020-04-25 12:13:04'),(29,'02 01 08 (*) Resíduos agrotóxicos e afins (agro-químicos) contendo substâncias perigosas',NULL,NULL,NULL,'2020-04-25 12:13:04'),(30,'02 01 09 Resíduos agrotóxicos e afins (agro-químicos) não abrangidos em 02 01 08',NULL,NULL,NULL,'2020-04-25 12:13:04'),(31,'02 01 10 Resíduos metálicos, como por exemplo, estruturas metálicas, sucatas metálicas, varas e cabos utilizados em campo',NULL,NULL,NULL,'2020-04-25 12:13:04'),(32,'02 01 99 Outros resíduos não anteriormente especificados',NULL,NULL,NULL,'2020-04-25 12:13:04'),(33,'02 02 01 Lodos provenientes da lavagem e limpeza',NULL,NULL,NULL,'2020-04-25 12:13:04'),(34,'02 02 02 Resíduos de tecidos animais e orgânico de processo (sebo, soro, ossos, sangue, etc.)',NULL,NULL,NULL,'2020-04-25 12:13:04'),(35,'02 02 03 Materiais impróprios para consumo ou processamento',NULL,NULL,NULL,'2020-04-25 12:13:04'),(36,'02 02 04 Lodos do tratamento local de efluentes',NULL,NULL,NULL,'2020-04-25 12:13:04'),(37,'02 02 99 Outros resíduos não anteriormente especificados',NULL,NULL,NULL,'2020-04-25 12:13:04'),(38,'02 03 01 Lodos de lavagem, limpeza, descasque, centrifugação e separação',NULL,NULL,NULL,'2020-04-25 12:13:04'),(39,'02 03 02 Resíduos de agentes conservantes',NULL,NULL,NULL,'2020-04-25 12:13:04'),(40,'02 03 03 Resíduos da extração por solventes',NULL,NULL,NULL,'2020-04-25 12:13:04'),(41,'02 03 04 Materiais impróprios para consumo ou processamento',NULL,NULL,NULL,'2020-04-25 12:13:04'),(42,'02 03 05 Lodos do tratamento local de efluentes',NULL,NULL,NULL,'2020-04-25 12:13:04'),(43,'02 03 99 Outros resíduos não anteriormente especificados',NULL,NULL,NULL,'2020-04-25 12:13:04'),(44,'02 04 03 Lodos do tratamento local de efluentes',NULL,NULL,NULL,'2020-04-25 12:13:04'),(45,'02 04 04 Vinhaça',NULL,NULL,NULL,'2020-04-25 12:13:04'),(46,'02 04 05 Bagaço de cana-de-açúcar',NULL,NULL,NULL,'2020-04-25 12:13:04'),(47,'02 04 99 Outros resíduos não anteriormente especificados',NULL,NULL,NULL,'2020-04-25 12:13:04'),(48,'02 05 01 Materiais impróprios para consumo ou processamento',NULL,NULL,NULL,'2020-04-25 12:13:04'),(49,'02 05 02 Lodos do tratamento local de efluentes',NULL,NULL,NULL,'2020-04-25 12:13:04'),(50,'02 05 99 Outros resíduos não anteriormente especificados',NULL,NULL,NULL,'2020-04-25 12:13:04'),(51,'02 06 01 Materiais impróprios para consumo ou processamento',NULL,NULL,NULL,'2020-04-25 12:13:04'),(52,'02 06 02 Resíduos de agentes conservantes',NULL,NULL,NULL,'2020-04-25 12:13:04'),(53,'02 06 03 Lodos do tratamento local de efluentes',NULL,NULL,NULL,'2020-04-25 12:13:04'),(54,'02 06 99 Outros resíduos não anteriormente especificados',NULL,NULL,NULL,'2020-04-25 12:13:04'),(55,'02 07 01 Resíduos da lavagem, limpeza e redução mecânica das matérias-primas',NULL,NULL,NULL,'2020-04-25 12:13:04'),(56,'02 07 02 Resíduos da destilação de álcool',NULL,NULL,NULL,'2020-04-25 12:13:04'),(57,'02 07 03 Resíduos de tratamentos químicos',NULL,NULL,NULL,'2020-04-25 12:13:04'),(58,'02 07 04 Materiais impróprios para consumo ou processamento',NULL,NULL,NULL,'2020-04-25 12:13:04'),(59,'02 07 05 Lodos do tratamento local de efluentes',NULL,NULL,NULL,'2020-04-25 12:13:04'),(60,'02 07 99 Outros resíduos não anteriormente especificados',NULL,NULL,NULL,'2020-04-25 12:13:04'),(61,'03 01 01 Resíduos do descasque da madeira',NULL,NULL,NULL,'2020-04-25 12:13:04'),(62,'03 01 04 (*) Serragem, aparas, fitas de aplainamento, madeira, aglomerados e folheados, contendo substâncias perigosas',NULL,NULL,NULL,'2020-04-25 12:13:04'),(63,'03 01 05 Serragem, aparas, fitas de aplainamento, madeira, aglomerados e folheados não abrangidos em 03 01 04',NULL,NULL,NULL,'2020-04-25 12:13:05'),(64,'03 01 99 Outros resíduos não anteriormente especificados',NULL,NULL,NULL,'2020-04-25 12:13:05'),(65,'03 02 01 (*) Produtos orgânicos não halogenados de preservação da madeira',NULL,NULL,NULL,'2020-04-25 12:13:05'),(66,'03 02 02 (*) Agentes organoclorados de preservação da madeira',NULL,NULL,NULL,'2020-04-25 12:13:05'),(67,'03 02 03 (*) Agentes organometálicos de preservação da madeira',NULL,NULL,NULL,'2020-04-25 12:13:05'),(68,'03 02 04 (*) Agentes inorgânicos de preservação da madeira',NULL,NULL,NULL,'2020-04-25 12:13:05'),(69,'03 02 05 (*) Outros agentes de preservação da madeira contendo substâncias perigosas',NULL,NULL,NULL,'2020-04-25 12:13:05'),(70,'03 02 06 (*) Efluentes líquidos e resíduos originados no processo de preservação da madeira, provenientes de plantas que utilizam formulações contendo creosoto, com exceção dos efluentes líquidos dos processos de preservação da madeira que usam creosoto e',NULL,NULL,NULL,'2020-04-25 12:13:05'),(71,'03 02 07 (*) Efluentes líquidos e resíduos originados no processo de preservação da madeira, provenientes de plantas que utilizam ou tenham utilizado formulações clorofenólicas, com exceção dos efluentes líquidos dos processos de preservação da madeira qu',NULL,NULL,NULL,'2020-04-25 12:13:05'),(72,'03 02 08 (*) Efluentes líquidos e resíduos originados no processo de preservação da madeira, provenientes de plantas que utilizam conservantes inorgânicos contendo arsênio ou cromo, com exceção dos efluentes líquidos dos processos de preservação da madeir',NULL,NULL,NULL,'2020-04-25 12:13:05'),(73,'03 02 99 Agentes de preservação da madeira não anteriormente especificados',NULL,NULL,NULL,'2020-04-25 12:13:05'),(74,'03 03 01 Resíduos do descasque de madeira e resíduos de madeira',NULL,NULL,NULL,'2020-04-25 12:13:05'),(75,'03 03 02 Lodos da lixívia verde (provenientes da valorização da lixívia de cozimento ou licor negro)',NULL,NULL,NULL,'2020-04-25 12:13:05'),(76,'03 03 05 Lodos de branqueamento, provenientes da reciclagem de papel',NULL,NULL,NULL,'2020-04-25 12:13:05'),(77,'03 03 07 Rejeitos mecanicamente separados da fabricação de pasta a partir de papel e papelão usado',NULL,NULL,NULL,'2020-04-25 12:13:05'),(78,'03 03 08 Resíduos da triagem de papel e papelão destinado a reciclagem',NULL,NULL,NULL,'2020-04-25 12:13:05'),(79,'03 03 09 Resíduos de lodos de cal',NULL,NULL,NULL,'2020-04-25 12:13:05'),(80,'03 03 10 Rejeitos de fibras e lodos de fibras, fillers e revestimentos, provenientes da separação mecânica',NULL,NULL,NULL,'2020-04-25 12:13:05'),(81,'03 03 11 Lodos do tratamento local de efluentes não abrangidas em 03 03 10',NULL,NULL,NULL,'2020-04-25 12:13:05'),(82,'03 03 99 Outros resíduos não anteriormente especificados',NULL,NULL,NULL,'2020-04-25 12:13:05'),(83,'04 01 01 Resíduos das operações de descarna e divisão de tripa',NULL,NULL,NULL,'2020-04-25 12:13:05'),(84,'04 01 02 Resíduos da operação de calagem',NULL,NULL,NULL,'2020-04-25 12:13:05'),(85,'04 01 03 (*) Resíduos de desengorduramento contendo solventes sem fase aquosa',NULL,NULL,NULL,'2020-04-25 12:13:05'),(86,'04 01 04 Licores de curtimenta contendo cromo',NULL,NULL,NULL,'2020-04-25 12:13:05'),(87,'04 01 05 Licores de curtimenta sem cromo',NULL,NULL,NULL,'2020-04-25 12:13:05'),(88,'04 01 06 Lodos, em especial do tratamento local de efluentes, contendo cromo',NULL,NULL,NULL,'2020-04-25 12:13:05'),(89,'04 01 07 Lodos, em especial do tratamento local de efluentes, sem cromo',NULL,NULL,NULL,'2020-04-25 12:13:05'),(90,'04 01 08 Aparas, serragem e pós de couro provenientes de couros curtidos ao cromo',NULL,NULL,NULL,'2020-04-25 12:13:05'),(91,'04 01 09 Resíduos da confecção e acabamentos',NULL,NULL,NULL,'2020-04-25 12:13:05'),(92,'04 01 10 Lodo do caleiro',NULL,NULL,NULL,'2020-04-25 12:13:05'),(93,'04 01 11 (*) Lodos provenientes do tratamento de efluentes líquidos originados no processo de curtimento de couros ao cromo',NULL,NULL,NULL,'2020-04-25 12:13:05'),(94,'04 01 99 Outros resíduos não anteriormente especificados',NULL,NULL,NULL,'2020-04-25 12:13:05'),(95,'04 02 09 Resíduos de materiais têxteis (têxteis impregnados, elastômeros, plastômeros)',NULL,NULL,NULL,'2020-04-25 12:13:05'),(96,'04 02 10 Matéria orgânica de produtos naturais (por exemplo, gordura, cera)',NULL,NULL,NULL,'2020-04-25 12:13:05'),(97,'04 02 14 (*) Resíduos dos acabamentos, contendo solventes orgânicos ou contaminados',NULL,NULL,NULL,'2020-04-25 12:13:05'),(98,'04 02 15 Resíduos dos acabamentos não abrangidos em 04 02 14',NULL,NULL,NULL,'2020-04-25 12:13:05'),(99,'04 02 16 (*) Corantes e pigmentos contendo substâncias perigosas',NULL,NULL,NULL,'2020-04-25 12:13:05'),(100,'04 02 17 Corantes e pigmentos não abrangidos em 04 02 16',NULL,NULL,NULL,'2020-04-25 12:13:05'),(101,'04 02 19 (*) Lodos do tratamento local de efluentes contendo substâncias perigosas',NULL,NULL,NULL,'2020-04-25 12:13:05'),(102,'04 02 20 Lodos do tratamento local de efluentes não abrangidas em 04 02 19',NULL,NULL,NULL,'2020-04-25 12:13:05'),(103,'04 02 21 Resíduos de fibras têxteis não processadas',NULL,NULL,NULL,'2020-04-25 12:13:05'),(104,'04 02 22 Resíduos de fibras têxteis processadas',NULL,NULL,NULL,'2020-04-25 12:13:05'),(105,'04 02 99 Outros resíduos não anteriormente especificados',NULL,NULL,NULL,'2020-04-25 12:13:05'),(106,'05 01 02 (*) Lodos de dessalinização',NULL,NULL,NULL,'2020-04-25 12:13:05'),(107,'05 01 03 (*) Resíduos provenientes de fundos de tanques empregados na indústria de refino de petróleo, inclusive os sedimentos do tanque de armazenamento de óleo cru',NULL,NULL,NULL,'2020-04-25 12:13:05'),(108,'05 01 04 (*) Lodos alquílicas ácidas',NULL,NULL,NULL,'2020-04-25 12:13:06'),(109,'05 01 05 (*) Derrames de hidrocarbonetos',NULL,NULL,NULL,'2020-04-25 12:13:06'),(110,'05 01 06 (*) Lodos contendo hidrocarbonetos provenientes de operações de manutenção das instalações ou equipamentos, inclusive lodos provenientes de separadores e da limpeza dos tubos dos trocadores de calor',NULL,NULL,NULL,'2020-04-25 12:13:06'),(111,'05 01 07 (*) Alcatrões ácidos',NULL,NULL,NULL,'2020-04-25 12:13:06'),(112,'05 01 08 (*) Outros alcatrões',NULL,NULL,NULL,'2020-04-25 12:13:06'),(113,'05 01 09 (*) Lodos do tratamento local de efluentes contendo substâncias perigosas',NULL,NULL,NULL,'2020-04-25 12:13:06'),(114,'05 01 10 Lodos do tratamento local de efluentes não abrangidas em 05 01 09',NULL,NULL,NULL,'2020-04-25 12:13:06'),(115,'05 01 11 (*) Resíduos da limpeza de combustíveis com bases',NULL,NULL,NULL,'2020-04-25 12:13:06'),(116,'05 01 12 (*) Hidrocarbonetos contendo ácidos',NULL,NULL,NULL,'2020-04-25 12:13:06'),(117,'05 01 13 Lodos do tratamento de água para abastecimento de caldeiras',NULL,NULL,NULL,'2020-04-25 12:13:06'),(118,'05 01 14 Resíduos de colunas de arrefecimento',NULL,NULL,NULL,'2020-04-25 12:13:06'),(119,'05 01 15 (*) Argilas de filtração usadas',NULL,NULL,NULL,'2020-04-25 12:13:06'),(120,'05 01 16 Resíduos contendo enxofre da dessulfuração de petróleo',NULL,NULL,NULL,'2020-04-25 12:13:06'),(121,'05 01 17 Betumes',NULL,NULL,NULL,'2020-04-25 12:13:06'),(122,'05 01 18 (*) Sólidos provenientes da emulsão residual oleosa, inclusive o sobrenadante proveniente de separadores tipo DAF (Dissolved Air Flotation)',NULL,NULL,NULL,'2020-04-25 12:13:06'),(123,'05 01 99 Outros resíduos não anteriormente especificados',NULL,NULL,NULL,'2020-04-25 12:13:06'),(124,'05 06 01 (*) Alcatrões ácidos',NULL,NULL,NULL,'2020-04-25 12:13:06'),(125,'05 06 03 (*) Outros alcatrões',NULL,NULL,NULL,'2020-04-25 12:13:06'),(126,'05 06 04 Resíduos de colunas de arrefecimento',NULL,NULL,NULL,'2020-04-25 12:13:06'),(127,'05 06 05 (*) Resíduos provenientes dos tanques e lagoas de produção do coque, incluindo os resíduos da coqueificação do carvão',NULL,NULL,NULL,'2020-04-25 12:13:06'),(128,'05 06 06 (*) Resíduos provenientes da recuperação e destilação de subprodutos do coque produzidos a partir do carvão',NULL,NULL,NULL,'2020-04-25 12:13:06'),(129,'05 06 07 (*) Resíduos provenientes dos sistemas de tratamento de gases dos processos de coqueificação do carvão e da obtenção de subprodutos de coque produzidos a partir de carvão',NULL,NULL,NULL,'2020-04-25 12:13:06'),(130,'05 06 08 (*) Lodo calcário da destilação da amônia proveniente das operações de coqueificação',NULL,NULL,NULL,'2020-04-25 12:13:06'),(131,'05 06 99 Outros resíduos não anteriormente especificados',NULL,NULL,NULL,'2020-04-25 12:13:06'),(132,'05 07 01 (*) Resíduos contendo mercúrio',NULL,NULL,NULL,'2020-04-25 12:13:06'),(133,'05 07 02 Resíduos contendo enxofre',NULL,NULL,NULL,'2020-04-25 12:13:06'),(134,'05 07 99 Outros resíduos não anteriormente especificados',NULL,NULL,NULL,'2020-04-25 12:13:06'),(135,'06 01 01 (*) Ácido sulfúrico e ácido sulfuroso',NULL,NULL,NULL,'2020-04-25 12:13:06'),(136,'06 01 02 (*) Ácido clorídrico',NULL,NULL,NULL,'2020-04-25 12:13:06'),(137,'06 01 03 (*) Ácido fluorídrico',NULL,NULL,NULL,'2020-04-25 12:13:06'),(138,'06 01 04 (*) Ácido fosfórico e ácido fosforoso',NULL,NULL,NULL,'2020-04-25 12:13:06'),(139,'06 01 05 (*) Ácido nítrico e ácido nitroso',NULL,NULL,NULL,'2020-04-25 12:13:06'),(140,'06 01 06 (*) Outros ácidos',NULL,NULL,NULL,'2020-04-25 12:13:06'),(141,'06 01 99 Outros resíduos não anteriormente especificados',NULL,NULL,NULL,'2020-04-25 12:13:06'),(142,'06 02 01 (*) Hidróxido de cálcio',NULL,NULL,NULL,'2020-04-25 12:13:06'),(143,'06 02 03 (*) Hidróxido de amônio',NULL,NULL,NULL,'2020-04-25 12:13:06'),(144,'06 02 04 (*) Hidróxidos de sódio e de potássio',NULL,NULL,NULL,'2020-04-25 12:13:06'),(145,'06 02 05 (*) Outras bases',NULL,NULL,NULL,'2020-04-25 12:13:06'),(146,'06 02 99 Outros resíduos não anteriormente especificados',NULL,NULL,NULL,'2020-04-25 12:13:06'),(147,'06 03 11 (*) Sais no estado sólido e em soluções contendo cianetos',NULL,NULL,NULL,'2020-04-25 12:13:06'),(148,'06 03 13 (*) Sais no estado sólido e em soluções contendo metais pesados',NULL,NULL,NULL,'2020-04-25 12:13:06'),(149,'06 03 14 Sais no estado sólido e em soluções não abrangidos em 06 03 11 e 06 03 13',NULL,NULL,NULL,'2020-04-25 12:13:06'),(150,'06 03 15 (*) Óxidos metálicos contendo metais pesados',NULL,NULL,NULL,'2020-04-25 12:13:06'),(151,'06 03 16 Óxidos metálicos não abrangidos em 06 03 15',NULL,NULL,NULL,'2020-04-25 12:13:06'),(152,'06 03 99 Outros resíduos não anteriormente especificados',NULL,NULL,NULL,'2020-04-25 12:13:06'),(153,'06 04 03 (*) Resíduos contendo arsênio',NULL,NULL,NULL,'2020-04-25 12:13:06'),(154,'06 04 04 (*) Resíduos contendo mercúrio',NULL,NULL,NULL,'2020-04-25 12:13:06'),(155,'06 04 05 (*) Resíduos contendo outros metais pesados',NULL,NULL,NULL,'2020-04-25 12:13:06'),(156,'06 04 99 Outros resíduos não anteriormente especificados',NULL,NULL,NULL,'2020-04-25 12:13:06'),(157,'06 05 02 (*) Lodos do tratamento local de efluentes contendo substâncias perigosas',NULL,NULL,NULL,'2020-04-25 12:13:06'),(158,'06 05 03 Lodos do tratamento local de efluentes não abrangidas em 06 05 02',NULL,NULL,NULL,'2020-04-25 12:13:06'),(159,'06 06 02 (*) Resíduos contendo sulfuretos perigosos',NULL,NULL,NULL,'2020-04-25 12:13:07'),(160,'06 06 03 Resíduos contendo sulfuretos não abrangidos em 06 06 02',NULL,NULL,NULL,'2020-04-25 12:13:07'),(161,'06 06 99 Outros resíduos não anteriormente especificados',NULL,NULL,NULL,'2020-04-25 12:13:07'),(162,'06 07 01 (*) Resíduos de eletrólise contendo amianto',NULL,NULL,NULL,'2020-04-25 12:13:07'),(163,'06 07 02 (*) Resíduos de carvão ativado utilizado na produção do cloro',NULL,NULL,NULL,'2020-04-25 12:13:07'),(164,'06 07 03 (*) Lodos de sulfato de bário contendo mercúrio',NULL,NULL,NULL,'2020-04-25 12:13:07'),(165,'06 07 04 (*) Soluções e ácidos, por exemplo, ácido de contato',NULL,NULL,NULL,'2020-04-25 12:13:07'),(166,'06 07 05 (*) Lodos de purificação de salmoura e lodos provenientes do tratamento de efluentes líquidos originados no processo de produção de cloro em células de mercúrio',NULL,NULL,NULL,'2020-04-25 12:13:07'),(167,'06 07 99 Outros resíduos não anteriormente especificados',NULL,NULL,NULL,'2020-04-25 12:13:07'),(168,'06 09 02 Escórias com fósforo',NULL,NULL,NULL,'2020-04-25 12:13:07'),(169,'06 09 03 (*) Resíduos cálcicos de reação contendo ou contaminados com substâncias perigosas',NULL,NULL,NULL,'2020-04-25 12:13:07'),(170,'06 09 04 Resíduos cálcicos de reação não abrangidos em 06 09 03',NULL,NULL,NULL,'2020-04-25 12:13:07'),(171,'06 09 99 Outros resíduos não anteriormente especificados',NULL,NULL,NULL,'2020-04-25 12:13:07'),(172,'06 10 02 (*) Resíduos contendo substâncias perigosas',NULL,NULL,NULL,'2020-04-25 12:13:07'),(173,'06 10 99 Outros resíduos não anteriormente especificados',NULL,NULL,NULL,'2020-04-25 12:13:07'),(174,'06 11 01 Resíduos cálcicos de reação da produção de dióxido de titânio',NULL,NULL,NULL,'2020-04-25 12:13:07'),(175,'06 11 02 (*) Lodos provenientes do tratamento de efluentes líquidos originados no processo de produção do pigmento branco de dióxido de titânio, por meio do método de cloretos, a partir de minérios que contenham cromo',NULL,NULL,NULL,'2020-04-25 12:13:07'),(176,'06 11 03 (*) Resíduos da fabricação e de locais de armazenamento de cloreto férrico a partir de ácidos formados durante a produção do dióxido de titânio, utilizando o processo de ilmenitecloreto',NULL,NULL,NULL,'2020-04-25 12:13:07'),(177,'06 11 04 (*) Lodo de tratamento de efluentes líquidos originados na produção dos seguintes pigmentos: laranja e amarelo de cromo, laranja de molibdato, amarelo de zinco, verde de cromo, verde de óxido de cromo (anidro e hidratado), e azul de ferro',NULL,NULL,NULL,'2020-04-25 12:13:07'),(178,'06 11 99 Outros resíduos não anteriormente especificados',NULL,NULL,NULL,'2020-04-25 12:13:07'),(179,'06 13 01 (*) Produtos inorgânicos de proteção das plantas, agentes de preservação da madeira e outros biocidas',NULL,NULL,NULL,'2020-04-25 12:13:07'),(180,'06 13 02 (*) Carvão ativado usado (exceto 06 07 02)',NULL,NULL,NULL,'2020-04-25 12:13:07'),(181,'06 13 03 Negro de fumo',NULL,NULL,NULL,'2020-04-25 12:13:07'),(182,'06 13 04 (*) Resíduos do processamento do amianto, incluindo pós e fibras',NULL,NULL,NULL,'2020-04-25 12:13:07'),(183,'06 13 05 (*) Fuligem',NULL,NULL,NULL,'2020-04-25 12:13:07'),(184,'06 13 99 Outros resíduos não anteriormente especificados',NULL,NULL,NULL,'2020-04-25 12:13:07'),(185,'07 01 01 (*) Líquidos de lavagem e efluentes de processo aquosos',NULL,NULL,NULL,'2020-04-25 12:13:07'),(186,'07 01 03 (*) Solventes, líquidos de lavagem e efluentes orgânicos halogenados',NULL,NULL,NULL,'2020-04-25 12:13:07'),(187,'07 01 04 (*) Outros solventes, líquidos de lavagem e efluentes orgânicos',NULL,NULL,NULL,'2020-04-25 12:13:07'),(188,'07 01 07 (*) Resíduos de destilação e resíduos de reação halogenados',NULL,NULL,NULL,'2020-04-25 12:13:07'),(189,'07 01 08 (*) Outros resíduos de destilação e resíduos de reação',NULL,NULL,NULL,'2020-04-25 12:13:07'),(190,'07 01 09 (*) Absorventes usados e tortas de filtro halogenados',NULL,NULL,NULL,'2020-04-25 12:13:07'),(191,'07 01 10 (*) Outros absorventes usados e tortas de filtro',NULL,NULL,NULL,'2020-04-25 12:13:07'),(192,'07 01 11 (*) Lodos do tratamento local de efluentes contendo substâncias perigosas',NULL,NULL,NULL,'2020-04-25 12:13:07'),(193,'07 01 12 Lodos do tratamento local de efluentes não abrangidas em 07 01 11',NULL,NULL,NULL,'2020-04-25 12:13:07'),(194,'07 01 99 Outros resíduos não anteriormente especificados',NULL,NULL,NULL,'2020-04-25 12:13:07'),(195,'07 02 01 (*) Líquidos de lavagem e efluentes de processos aquosos',NULL,NULL,NULL,'2020-04-25 12:13:07'),(196,'07 02 03 (*) Solventes, líquidos de lavagem e efluentes orgânicos halogenados',NULL,NULL,NULL,'2020-04-25 12:13:07'),(197,'07 02 04 (*) Outros solventes, líquidos de lavagem e efluentes orgânicos',NULL,NULL,NULL,'2020-04-25 12:13:07'),(198,'07 02 07 (*) Resíduos de destilação e resíduos de reação halogenados',NULL,NULL,NULL,'2020-04-25 12:13:07'),(199,'07 02 08 (*) Outros resíduos de destilação e resíduos de reação',NULL,NULL,NULL,'2020-04-25 12:13:07'),(200,'07 02 09 (*) Absorventes usados e tortas de filtro halogenados',NULL,NULL,NULL,'2020-04-25 12:13:07'),(201,'07 02 10 (*) Outros absorventes usados e tortas de filtro',NULL,NULL,NULL,'2020-04-25 12:13:07'),(202,'07 02 11 (*) Lodos do tratamento local de efluentes contendo substâncias perigosas',NULL,NULL,NULL,'2020-04-25 12:13:07'),(203,'07 02 12 Lodos do tratamento local de efluentes não abrangidas em 07 02 11',NULL,NULL,NULL,'2020-04-25 12:13:07'),(204,'07 02 13 Resíduos e refugos de plásticos',NULL,NULL,NULL,'2020-04-25 12:13:07'),(205,'07 02 14 (*) Resíduos de aditivos contendo substâncias perigosas',NULL,NULL,NULL,'2020-04-25 12:13:07'),(206,'07 02 15 Resíduos de aditivos não abrangidos em 07 02 14',NULL,NULL,NULL,'2020-04-25 12:13:07'),(207,'07 02 16 (*) Resíduos contendo silicones perigosos',NULL,NULL,NULL,'2020-04-25 12:13:07'),(208,'07 02 17 Resíduos contendo silicones que não os mencionados na rubrica 07 02 16',NULL,NULL,NULL,'2020-04-25 12:13:07'),(209,'07 02 99 Outros resíduos não anteriormente especificados',NULL,NULL,NULL,'2020-04-25 12:13:07'),(210,'07 03 01 (*) Líquidos de lavagem e efluentes de processo aquosos',NULL,NULL,NULL,'2020-04-25 12:13:08'),(211,'07 03 03 (*) Solventes, líquidos de lavagem e efluentes orgânicos halogenados',NULL,NULL,NULL,'2020-04-25 12:13:08'),(212,'07 03 04 (*) Outros solventes, líquidos de lavagem e efluentes orgânicos',NULL,NULL,NULL,'2020-04-25 12:13:08'),(213,'07 03 07 (*) Resíduos de destilação e resíduos de reação halogenados',NULL,NULL,NULL,'2020-04-25 12:13:08'),(214,'07 03 08 (*) Outros resíduos de destilação e resíduos de reação',NULL,NULL,NULL,'2020-04-25 12:13:08'),(215,'07 03 09 (*) Absorventes usados e tortas de filtro halogenados',NULL,NULL,NULL,'2020-04-25 12:13:08'),(216,'07 03 10 (*) Outros absorventes usados e tortas de filtro',NULL,NULL,NULL,'2020-04-25 12:13:08'),(217,'07 03 11 (*) Lodos do tratamento local de efluentes contendo substâncias perigosas',NULL,NULL,NULL,'2020-04-25 12:13:08'),(218,'07 03 12 Lodos do tratamento local de efluentes não abrangidas em 07 03 11',NULL,NULL,NULL,'2020-04-25 12:13:08'),(219,'07 03 99 Outros resíduos não anteriormente especificados',NULL,NULL,NULL,'2020-04-25 12:13:08'),(220,'07 04 01 (*) Líquidos de lavagem e efluentes de processo aquosos',NULL,NULL,NULL,'2020-04-25 12:13:08'),(221,'07 04 03 (*) Solventes, líquidos de lavagem e efluentes orgânicos halogenados',NULL,NULL,NULL,'2020-04-25 12:13:08'),(222,'07 04 04 (*) Outros solventes, líquidos de lavagem e efluentes orgânicos',NULL,NULL,NULL,'2020-04-25 12:13:08'),(223,'07 04 07 (*) Resíduos de destilação e resíduos de reação halogenados',NULL,NULL,NULL,'2020-04-25 12:13:08'),(224,'07 04 08 (*) Outros resíduos de destilação e resíduos de reação',NULL,NULL,NULL,'2020-04-25 12:13:08'),(225,'07 04 09 (*) Absorventes usados e tortas de filtro halogenados',NULL,NULL,NULL,'2020-04-25 12:13:08'),(226,'07 04 10 (*) Outros absorventes usados e tortas de filtro',NULL,NULL,NULL,'2020-04-25 12:13:08'),(227,'07 04 11 (*) Lodos do tratamento local de efluentes contendo substâncias perigosas',NULL,NULL,NULL,'2020-04-25 12:13:08'),(228,'07 04 12 Lodos do tratamento local de efluentes não abrangidas em 07 04 11',NULL,NULL,NULL,'2020-04-25 12:13:08'),(229,'07 04 13 (*) Resíduos sólidos contendo substâncias perigosas',NULL,NULL,NULL,'2020-04-25 12:13:08'),(230,'07 04 99 Outros resíduos não anteriormente especificados',NULL,NULL,NULL,'2020-04-25 12:13:08'),(231,'07 05 01 (*) Líquidos de lavagem e efluentes de processo aquosos',NULL,NULL,NULL,'2020-04-25 12:13:08'),(232,'07 05 03 (*) Solventes, líquidos de lavagem e efluentes orgânicos halogenados',NULL,NULL,NULL,'2020-04-25 12:13:08'),(233,'07 05 04 (*) Outros solventes, líquidos de lavagem e efluentes orgânicos',NULL,NULL,NULL,'2020-04-25 12:13:08'),(234,'07 05 05 (*) Lodos provenientes do tratamento de efluentes líquidos originados no processo de produção de compostos arseniacais ou organoarseniacais',NULL,NULL,NULL,'2020-04-25 12:13:08'),(235,'07 05 06 (*) Resíduos de fundo de destilação originados na etapa de destilação de compostos anilínicos empregados na produção de compostos arseniacais ou organoarseniacais',NULL,NULL,NULL,'2020-04-25 12:13:08'),(236,'07 05 07 (*) Resíduos de destilação e resíduos de reação halogenados',NULL,NULL,NULL,'2020-04-25 12:13:08'),(237,'07 05 08 (*) Outros resíduos de destilação e resíduos de reação',NULL,NULL,NULL,'2020-04-25 12:13:08'),(238,'07 05 09 (*) Carvão ativo usado proveniente da etapa de descoloração da produção de compostos arseniacais ou organoarseniacais',NULL,NULL,NULL,'2020-04-25 12:13:08'),(239,'07 05 10 (*) Absorventes usados e tortas de filtro, halogenados ou não-halogenados',NULL,NULL,NULL,'2020-04-25 12:13:08'),(240,'07 05 11 (*) Lodos do tratamento local de efluentes contendo substâncias perigosas',NULL,NULL,NULL,'2020-04-25 12:13:08'),(241,'07 05 12 Lodos do tratamento local de efluentes não abrangidas em 07 05 11',NULL,NULL,NULL,'2020-04-25 12:13:08'),(242,'07 05 13 (*) Resíduos sólidos contendo substâncias perigosas',NULL,NULL,NULL,'2020-04-25 12:13:08'),(243,'07 05 14 Resíduos sólidos não abrangidos em 07 05 13',NULL,NULL,NULL,'2020-04-25 12:13:08'),(244,'07 05 99 Outros resíduos não anteriormente especificados',NULL,NULL,NULL,'2020-04-25 12:13:08'),(245,'07 06 01 (*) Líquidos de lavagem e efluentes de processo aquosos',NULL,NULL,NULL,'2020-04-25 12:13:08'),(246,'07 06 03 (*) Solventes, líquidos de lavagem e efluentes orgânicos halogenados',NULL,NULL,NULL,'2020-04-25 12:13:08'),(247,'07 06 04 (*) Outros solventes, líquidos de lavagem e efluentes orgânicos',NULL,NULL,NULL,'2020-04-25 12:13:08'),(248,'07 06 07 (*) Resíduos de destilação e resíduos de reação halogenados',NULL,NULL,NULL,'2020-04-25 12:13:08'),(249,'07 06 08 (*) Outros resíduos de destilação e resíduos de reação',NULL,NULL,NULL,'2020-04-25 12:13:08'),(250,'07 06 09 (*) Absorventes usados e tortas de filtro halogenados',NULL,NULL,NULL,'2020-04-25 12:13:08'),(251,'07 06 10 (*) Outros absorventes usados e tortas de filtro',NULL,NULL,NULL,'2020-04-25 12:13:08'),(252,'07 06 11 (*) Lodos do tratamento local de efluentes contendo substâncias perigosas',NULL,NULL,NULL,'2020-04-25 12:13:08'),(253,'07 06 12 Lodos do tratamento local de efluentes não abrangidas em 07 06 11',NULL,NULL,NULL,'2020-04-25 12:13:08'),(254,'07 06 99 Outros resíduos não anteriormente especificados',NULL,NULL,NULL,'2020-04-25 12:13:08'),(255,'07 07 01 (*) Líquidos de lavagem e efluentes de processo aquosos',NULL,NULL,NULL,'2020-04-25 12:13:08'),(256,'07 07 03 (*) Solventes, líquidos de lavagem e efluentes orgânicos halogenados',NULL,NULL,NULL,'2020-04-25 12:13:08'),(257,'07 07 04 (*) Outros solventes, líquidos de lavagem e efluentes orgânicos',NULL,NULL,NULL,'2020-04-25 12:13:08'),(258,'07 07 07 (*) Resíduos de destilação e resíduos de reação halogenados',NULL,NULL,NULL,'2020-04-25 12:13:08'),(259,'07 07 08 (*) Outros resíduos de destilação e resíduos de reação',NULL,NULL,NULL,'2020-04-25 12:13:08'),(260,'07 07 09 (*) Absorventes usados e tortas de filtro halogenados',NULL,NULL,NULL,'2020-04-25 12:13:08'),(261,'07 07 10 (*) Outros absorventes usados e tortas de filtro',NULL,NULL,NULL,'2020-04-25 12:13:08'),(262,'07 07 11 (*) Lodos do tratamento local de efluentes contendo substâncias perigosas',NULL,NULL,NULL,'2020-04-25 12:13:09'),(263,'07 07 12 Lodos do tratamento local de efluentes não abrangidas em 07 07 11',NULL,NULL,NULL,'2020-04-25 12:13:09'),(264,'07 07 99 Outros resíduos não anteriormente especificados',NULL,NULL,NULL,'2020-04-25 12:13:09'),(265,'08 01 11 (*) Resíduos de tintas e vernizes contendo solventes orgânicos ou outras substâncias perigosas',NULL,NULL,NULL,'2020-04-25 12:13:09'),(266,'08 01 12 Resíduos de tintas e vernizes não abrangidos em 08 01 11',NULL,NULL,NULL,'2020-04-25 12:13:09'),(267,'08 01 13 (*) Lodos de tintas e vernizes contendo solventes orgânicos ou outras substâncias perigosas',NULL,NULL,NULL,'2020-04-25 12:13:09'),(268,'08 01 14 Lodos de tintas e vernizes não abrangidas em 08 01 13',NULL,NULL,NULL,'2020-04-25 12:13:09'),(269,'08 01 15 (*) Lodos aquosas contendo tintas e vernizes com solventes orgânicos ou outras substâncias perigosas',NULL,NULL,NULL,'2020-04-25 12:13:09'),(270,'08 01 16 Lodos aquosas contendo tintas e vernizes não abrangidas em 08 01 15',NULL,NULL,NULL,'2020-04-25 12:13:09'),(271,'08 01 17 (*) Resíduos da remoção de tintas e vernizes contendo solventes orgânicos ou outras substâncias perigosas',NULL,NULL,NULL,'2020-04-25 12:13:09'),(272,'08 01 18 Resíduos da remoção de tintas e vernizes não abrangidos em 08 01 17',NULL,NULL,NULL,'2020-04-25 12:13:09'),(273,'08 01 19 (*) Suspensões aquosas contendo tintas ou vernizes com solventes orgânicos ou outras substâncias perigosas',NULL,NULL,NULL,'2020-04-25 12:13:09'),(274,'08 01 20 Suspensões aquosas contendo tintas e vernizes não abrangidas em 08 01 19',NULL,NULL,NULL,'2020-04-25 12:13:09'),(275,'08 01 21 (*) Resíduos de produtos de remoção de tintas e vernizes',NULL,NULL,NULL,'2020-04-25 12:13:09'),(276,'08 01 22 (*) Lodos ou poeiras provenientes do sistema de controle de emissão de gases empregado na produção de tintas',NULL,NULL,NULL,'2020-04-25 12:13:09'),(277,'08 01 99 Outros resíduos não anteriormente especificados',NULL,NULL,NULL,'2020-04-25 12:13:09'),(278,'08 02 01 Resíduos de revestimentos na forma pulverulenta',NULL,NULL,NULL,'2020-04-25 12:13:09'),(279,'08 02 02 Lodos aquosas contendo materiais cerâmicos',NULL,NULL,NULL,'2020-04-25 12:13:09'),(280,'08 02 03 Suspensões aquosas contendo materiais cerâmicos',NULL,NULL,NULL,'2020-04-25 12:13:09'),(281,'08 02 04 (*) Resíduos de revestimentos contendo amianto',NULL,NULL,NULL,'2020-04-25 12:13:09'),(282,'08 02 99 Outros resíduos não anteriormente especificados',NULL,NULL,NULL,'2020-04-25 12:13:09'),(283,'08 03 07 Lodos aquosas contendo tintas de impressão',NULL,NULL,NULL,'2020-04-25 12:13:09'),(284,'08 03 08 Resíduos líquidos aquosos contendo tintas de impressão',NULL,NULL,NULL,'2020-04-25 12:13:09'),(285,'08 03 12 (*) Resíduos de tintas de impressão contendo substâncias perigosas',NULL,NULL,NULL,'2020-04-25 12:13:09'),(286,'08 03 13 Resíduos de tintas não abrangidos em 08 03 12',NULL,NULL,NULL,'2020-04-25 12:13:09'),(287,'08 03 14 (*) Lodos de tintas de impressão contendo substâncias perigosas',NULL,NULL,NULL,'2020-04-25 12:13:09'),(288,'08 03 15 Lodos de tintas de impressão não abrangidas em 08 03 14',NULL,NULL,NULL,'2020-04-25 12:13:09'),(289,'08 03 16 (*) Resíduos de soluções de água régia',NULL,NULL,NULL,'2020-04-25 12:13:09'),(290,'08 03 17 (*) Resíduos de tonner de impressão contendo substâncias perigosas',NULL,NULL,NULL,'2020-04-25 12:13:09'),(291,'08 03 18 Resíduos de tonner de impressão não abrangidos em 08 03 17',NULL,NULL,NULL,'2020-04-25 12:13:09'),(292,'08 03 19 (*) Óleos de dispersão',NULL,NULL,NULL,'2020-04-25 12:13:09'),(293,'08 03 99 Outros resíduos não anteriormente especificados',NULL,NULL,NULL,'2020-04-25 12:13:09'),(294,'08 04 09 (*) Resíduos de colas ou vedantes contendo solventes orgânicos ou outras substâncias perigosas',NULL,NULL,NULL,'2020-04-25 12:13:09'),(295,'08 04 10 Resíduos de colas ou vedantes não abrangidos em 08 04 09',NULL,NULL,NULL,'2020-04-25 12:13:09'),(296,'08 04 11 (*) Lodos de colas ou vedantes contendo solventes orgânicos ou outras substâncias perigosas',NULL,NULL,NULL,'2020-04-25 12:13:09'),(297,'08 04 12 Lodos de colas ou vedantes não abrangidas em 08 04 11',NULL,NULL,NULL,'2020-04-25 12:13:09'),(298,'08 04 13 (*) Lodos aquosos contendo colas ou vedantes com solventes orgânicos ou outras substâncias perigosas',NULL,NULL,NULL,'2020-04-25 12:13:09'),(299,'08 04 14 Lodos aquosos contendo colas ou vedantes não abrangidas em 08 04 13',NULL,NULL,NULL,'2020-04-25 12:13:09'),(300,'08 04 15 (*) Resíduos líquidos aquosos contendo colas ou vedantes com solventes orgânicos ou outras substâncias perigosas',NULL,NULL,NULL,'2020-04-25 12:13:09'),(301,'08 04 16 Resíduos líquidos aquosos contendo colas ou vedantes não abrangidos em 08 04 15',NULL,NULL,NULL,'2020-04-25 12:13:09'),(302,'08 04 17 (*) Óleo de resina',NULL,NULL,NULL,'2020-04-25 12:13:09'),(303,'08 04 99 Outros resíduos não anteriormente especificados',NULL,NULL,NULL,'2020-04-25 12:13:09'),(304,'08 05 01 (*) Resíduos de isocianatos',NULL,NULL,NULL,'2020-04-25 12:13:09'),(305,'09 01 01 (*) Banhos de revelação e ativação de base aquosa',NULL,NULL,NULL,'2020-04-25 12:13:09'),(306,'09 01 02 (*) Banhos de revelação de chapas litográficas de impressão de base aquosa',NULL,NULL,NULL,'2020-04-25 12:13:09'),(307,'09 01 03 (*) Banhos de revelação à base de solventes',NULL,NULL,NULL,'2020-04-25 12:13:09'),(308,'09 01 04 (*) Banhos de fixação',NULL,NULL,NULL,'2020-04-25 12:13:09'),(309,'09 01 05 (*) Banhos de branqueamento e de fixadores de branqueamento',NULL,NULL,NULL,'2020-04-25 12:13:09'),(310,'09 01 06 (*) Resíduos contendo prata do tratamento local de resíduos fotográficos',NULL,NULL,NULL,'2020-04-25 12:13:09'),(311,'09 01 07 Película e papel fotográfico com prata ou compostos de prata',NULL,NULL,NULL,'2020-04-25 12:13:10'),(312,'09 01 08 Película e papel fotográfico sem prata ou compostos de prata',NULL,NULL,NULL,'2020-04-25 12:13:10'),(313,'09 01 13 (*) Resíduos líquidos aquosos da recuperação local de prata não abrangidos em 09 01 06',NULL,NULL,NULL,'2020-04-25 12:13:10'),(314,'09 01 99 Outros resíduos não anteriormente especificados',NULL,NULL,NULL,'2020-04-25 12:13:10'),(315,'10 01 01 Cinzas, escórias e poeiras de caldeiras (excluída as poeiras de caldeiras abrangidas em 10 01 04)',NULL,NULL,NULL,'2020-04-25 12:13:10'),(316,'10 01 02 Cinzas voláteis da combustão de carvão',NULL,NULL,NULL,'2020-04-25 12:13:10'),(317,'10 01 03 Cinzas voláteis da combustão de turfa ou madeira não tratada',NULL,NULL,NULL,'2020-04-25 12:13:10'),(318,'10 01 04 (*) Cinzas voláteis e poeiras de caldeiras da combustão de hidrocarbonetos',NULL,NULL,NULL,'2020-04-25 12:13:10'),(319,'10 01 05 Resíduos cálcicos de reação, na forma sólida, provenientes da dessulfuração de gases de combustão',NULL,NULL,NULL,'2020-04-25 12:13:10'),(320,'10 01 07 Resíduos cálcicos de reação, na forma de lodos, provenientes da dessulfuração de gases de combustão',NULL,NULL,NULL,'2020-04-25 12:13:10'),(321,'10 01 09 (*) Ácido sulfúrico',NULL,NULL,NULL,'2020-04-25 12:13:10'),(322,'10 01 13 (*) Cinzas voláteis da combustão de hidrocarbonetos emulsionados utilizados como combustível',NULL,NULL,NULL,'2020-04-25 12:13:10'),(323,'10 01 14 (*) Cinzas, escórias e poeiras de caldeiras de co-incineração contendo substâncias perigosas',NULL,NULL,NULL,'2020-04-25 12:13:10'),(324,'10 01 15 Cinzas, escórias e poeiras de caldeiras de co-incineração não abrangidas em 10 01 14',NULL,NULL,NULL,'2020-04-25 12:13:10'),(325,'10 01 16 (*) Cinzas voláteis de co-incineração contendo substâncias perigosas',NULL,NULL,NULL,'2020-04-25 12:13:10'),(326,'10 01 17 Cinzas voláteis de co-incineração não abrangidas em 10 01 16',NULL,NULL,NULL,'2020-04-25 12:13:10'),(327,'10 01 18 (*) Resíduos de lavagem de gases contendo substâncias perigosas',NULL,NULL,NULL,'2020-04-25 12:13:10'),(328,'10 01 19 Resíduos de lavagem de gases não abrangidos em 10 01 05, 10 01 07 e 10 01 18',NULL,NULL,NULL,'2020-04-25 12:13:10'),(329,'10 01 20 (*) Lodos do tratamento local de efluentes contendo substâncias perigosas',NULL,NULL,NULL,'2020-04-25 12:13:10'),(330,'10 01 21 Lodos do tratamento local de efluentes não abrangidas em 10 01 20',NULL,NULL,NULL,'2020-04-25 12:13:10'),(331,'10 01 22 (*) Lodos aquosas provenientes da limpeza de caldeiras contendo substâncias perigosas',NULL,NULL,NULL,'2020-04-25 12:13:10'),(332,'10 01 23 Lodos aquosas provenientes da limpeza de caldeiras não abrangidas em 10 01 22',NULL,NULL,NULL,'2020-04-25 12:13:10'),(333,'10 01 24 Areias de leitos fluidizados',NULL,NULL,NULL,'2020-04-25 12:13:10'),(334,'10 01 25 Resíduos do armazenamento de combustíveis e da preparação de centrais elétricas a carvão',NULL,NULL,NULL,'2020-04-25 12:13:10'),(335,'10 01 26 Resíduos do tratamento da água de arrefecimento',NULL,NULL,NULL,'2020-04-25 12:13:10'),(336,'10 01 99 Outros resíduos não anteriormente especificados',NULL,NULL,NULL,'2020-04-25 12:13:10'),(337,'10 02 01 Escória e outros desperdícios da fabricação do ferro e do aço',NULL,NULL,NULL,'2020-04-25 12:13:10'),(338,'10 02 02 Escórias de altos-fornos granulada (areia de escória) proveniente da fabricação do ferro e do aço',NULL,NULL,NULL,'2020-04-25 12:13:10'),(339,'10 02 03 (*) Lodos ou poeiras provenientes do sistema de controle de emissão de gases empregado na produção de aço primário em fornos elétricos',NULL,NULL,NULL,'2020-04-25 12:13:10'),(340,'10 02 07 (*) Resíduos sólidos do tratamento de gases contendo substâncias perigosas',NULL,NULL,NULL,'2020-04-25 12:13:10'),(341,'10 02 08 Resíduos sólidos do tratamento de gases não abrangidos em 10 02 07',NULL,NULL,NULL,'2020-04-25 12:13:10'),(342,'10 02 10 Escamas de laminagem',NULL,NULL,NULL,'2020-04-25 12:13:10'),(343,'10 02 11 (*) Resíduos do tratamento da água de arrefecimento contendo hidrocarbonetos',NULL,NULL,NULL,'2020-04-25 12:13:10'),(344,'10 02 12 Resíduos do tratamento da água de arrefecimento não abrangidos em 10 02 11',NULL,NULL,NULL,'2020-04-25 12:13:10'),(345,'10 02 13 (*) Lodos e tortas de filtro do tratamento de gases contendo substâncias perigosas',NULL,NULL,NULL,'2020-04-25 12:13:10'),(346,'10 02 14 Lodos e tortas de filtro do tratamento de gases não abrangidos em 10 02 13',NULL,NULL,NULL,'2020-04-25 12:13:10'),(347,'10 02 15 Outras lodos e tortas de filtro',NULL,NULL,NULL,'2020-04-25 12:13:10'),(348,'10 02 16 (*) Poeiras provenientes do sistema de controle de emissão de gases empregado nos fornos Cubilot empregados na fundição de ferro',NULL,NULL,NULL,'2020-04-25 12:13:10'),(349,'10 02 99 Outros resíduos não anteriormente especificados',NULL,NULL,NULL,'2020-04-25 12:13:10'),(350,'10 03 02 Resíduos de ânodos',NULL,NULL,NULL,'2020-04-25 12:13:10'),(351,'10 03 03 (*) Cátodos usados provenientes da redução de alumínio primário',NULL,NULL,NULL,'2020-04-25 12:13:10'),(352,'10 03 04 (*) Escórias da produção primária',NULL,NULL,NULL,'2020-04-25 12:13:10'),(353,'10 03 05 (*)Resíduos provenientes do desmonte das cubas de redução empregadas na produção de alumínio primário',NULL,NULL,NULL,'2020-04-25 12:13:10'),(354,'10 03 06 Resíduos de alumina',NULL,NULL,NULL,'2020-04-25 12:13:10'),(355,'10 03 08 (*) Escórias salinas da produção secundária',NULL,NULL,NULL,'2020-04-25 12:13:10'),(356,'10 03 09 (*) Impurezas negras da produção secundária',NULL,NULL,NULL,'2020-04-25 12:13:11'),(357,'10 03 15 (*) Escumas inflamáveis ou que, em contato com a água, libertam gases inflamáveis em quantidades perigosas',NULL,NULL,NULL,'2020-04-25 12:13:11'),(358,'10 03 16 Escumas não abrangidas em 10 03 15',NULL,NULL,NULL,'2020-04-25 12:13:11'),(359,'10 03 17 (*) Resíduos da fabricação de ânodos contendo alcatrão',NULL,NULL,NULL,'2020-04-25 12:13:11'),(360,'10 03 18 Resíduos da fabricação de ânodos contendo carbono, não abrangidos em 10 03 17',NULL,NULL,NULL,'2020-04-25 12:13:11'),(361,'10 03 19 (*) Poeiras de gases de combustão contendo substâncias perigosas',NULL,NULL,NULL,'2020-04-25 12:13:11'),(362,'10 03 20 Poeiras de gases de combustão não abrangidas em 10 03 19',NULL,NULL,NULL,'2020-04-25 12:13:11'),(363,'10 03 21 (*) Outras partículas e poeiras (incluindo poeiras da trituração de escórias) contendo substâncias perigosas',NULL,NULL,NULL,'2020-04-25 12:13:11'),(364,'10 03 22 Outras partículas e poeiras (incluindo poeiras da trituração de escórias) não abrangidas em 10 03 21',NULL,NULL,NULL,'2020-04-25 12:13:11'),(365,'10 03 23 (*) Resíduos sólidos do tratamento de gases contendo substâncias perigosas',NULL,NULL,NULL,'2020-04-25 12:13:11'),(366,'10 03 24 Resíduos sólidos do tratamento de gases não abrangidos em 10 03 23',NULL,NULL,NULL,'2020-04-25 12:13:11'),(367,'10 03 25 (*) Lodos e tortas de filtro do tratamento de gases contendo substâncias perigosas',NULL,NULL,NULL,'2020-04-25 12:13:11'),(368,'10 03 26 Lodos e tortas de filtro do tratamento de gases não abrangidos em 10 03 25',NULL,NULL,NULL,'2020-04-25 12:13:11'),(369,'10 03 27 (*) Resíduos do tratamento da água de arrefecimento contendo hidrocarbonetos',NULL,NULL,NULL,'2020-04-25 12:13:11'),(370,'10 03 28 Resíduos do tratamento da água de arrefecimento não abrangidos em 10 03 27',NULL,NULL,NULL,'2020-04-25 12:13:11'),(371,'10 03 29 (*) Resíduos do tratamento das escórias salinas e do tratamento das impurezas negras contendo substâncias perigosas',NULL,NULL,NULL,'2020-04-25 12:13:11'),(372,'10 03 30 Resíduos do tratamento das escórias salinas e do tratamento das impurezas negras não abrangidos em 10 03 29',NULL,NULL,NULL,'2020-04-25 12:13:11'),(373,'10 03 99 Outros resíduos não anteriormente especificados',NULL,NULL,NULL,'2020-04-25 12:13:11'),(374,'10 04 01 (*) Escórias da produção primária e secundária',NULL,NULL,NULL,'2020-04-25 12:13:11'),(375,'10 04 02 (*) Impurezas e escumas da produção primária e secundária',NULL,NULL,NULL,'2020-04-25 12:13:11'),(376,'10 04 03 (*) Arseniato de cálcio',NULL,NULL,NULL,'2020-04-25 12:13:11'),(377,'10 04 04 (*) Lodos, lixívias ou poeiras provenientes do sistema de controle de emissão de gases empregado na produção primária e secundária do chumbo',NULL,NULL,NULL,'2020-04-25 12:13:11'),(378,'10 04 05 (*) Outras partículas e poeiras',NULL,NULL,NULL,'2020-04-25 12:13:11'),(379,'10 04 06 (*) Resíduos sólidos do tratamento de gases',NULL,NULL,NULL,'2020-04-25 12:13:11'),(380,'10 04 07 (*) Lodos e tortas de filtro do tratamento de gases',NULL,NULL,NULL,'2020-04-25 12:13:11'),(381,'10 04 09 (*) Resíduos do tratamento da água de arrefecimento contendo hidrocarbonetos',NULL,NULL,NULL,'2020-04-25 12:13:11'),(382,'10 04 10 Resíduos do tratamento da água de arrefecimento não abrangidos em 10 04 09',NULL,NULL,NULL,'2020-04-25 12:13:11'),(383,'10 04 99 Outros resíduos não anteriormente especificados',NULL,NULL,NULL,'2020-04-25 12:13:11'),(384,'10 05 01 Escórias da produção primária e secundária',NULL,NULL,NULL,'2020-04-25 12:13:11'),(385,'10 05 02 (*) Lodos calcários de ânodos eletrolíticos originados na produção de zinco primário',NULL,NULL,NULL,'2020-04-25 12:13:11'),(386,'10 05 03 (*) Poeiras de gases de combustão',NULL,NULL,NULL,'2020-04-25 12:13:11'),(387,'10 05 04 Outras partículas e poeiras não perigosas',NULL,NULL,NULL,'2020-04-25 12:13:11'),(388,'10 05 05 (*) Resíduos sólidos do tratamento de gases',NULL,NULL,NULL,'2020-04-25 12:13:11'),(389,'10 05 06 (*) Lodos e tortas de filtro do tratamento de gases',NULL,NULL,NULL,'2020-04-25 12:13:11'),(390,'10 05 07 (*) Resíduos provenientes da unidade cádmio (óxido de ferro) do processo de produção de zinco primário',NULL,NULL,NULL,'2020-04-25 12:13:11'),(391,'10 05 08 (*) Resíduos do tratamento da água de arrefecimento contendo hidrocarbonetos',NULL,NULL,NULL,'2020-04-25 12:13:11'),(392,'10 05 09 Resíduos do tratamento da água de arrefecimento não abrangidos em 10 05 08',NULL,NULL,NULL,'2020-04-25 12:13:11'),(393,'10 05 10 (*) Impurezas e escumas inflamáveis ou que, em contato com a água, libertam gases inflamáveis em quantidades perigosas',NULL,NULL,NULL,'2020-04-25 12:13:11'),(394,'10 05 11 Impurezas e escumas não abrangidas em 10 05 10',NULL,NULL,NULL,'2020-04-25 12:13:11'),(395,'10 05 99 Outros resíduos não anteriormente especificados',NULL,NULL,NULL,'2020-04-25 12:13:11'),(396,'10 06 01 Escórias da produção primária e secundária.',NULL,NULL,NULL,'2020-04-25 12:13:11'),(397,'10 06 02 Impurezas e escumas da produção primária e secundária',NULL,NULL,NULL,'2020-04-25 12:13:11'),(398,'10 06 03 (*) Poeiras de gases de combustão',NULL,NULL,NULL,'2020-04-25 12:13:11'),(399,'10 06 04 Outras partículas e poeiras não perigosas',NULL,NULL,NULL,'2020-04-25 12:13:11'),(400,'10 06 06 (*) Resíduos sólidos do tratamento de gases',NULL,NULL,NULL,'2020-04-25 12:13:11'),(401,'10 06 07 (*) Lodos e tortas de filtro do tratamento de gases',NULL,NULL,NULL,'2020-04-25 12:13:11'),(402,'10 06 09 (*) Resíduos do tratamento da água de arrefecimento contendo hidrocarbonetos, incluindo lamas e lodos do adensamento da purga ácida do processo de produção de cobre primário',NULL,NULL,NULL,'2020-04-25 12:13:11'),(403,'10 06 10 Resíduos do tratamento da água de arrefecimento não abrangidos em 10 06 09',NULL,NULL,NULL,'2020-04-25 12:13:11'),(404,'10 06 99 Outros resíduos não anteriormente especificados',NULL,NULL,NULL,'2020-04-25 12:13:11'),(405,'10 07 01 Escórias da produção primária e secundária',NULL,NULL,NULL,'2020-04-25 12:13:11'),(406,'10 07 02 Impurezas e escumas da produção primária e secundária',NULL,NULL,NULL,'2020-04-25 12:13:12'),(407,'10 07 03 Resíduos sólidos do tratamento de gases',NULL,NULL,NULL,'2020-04-25 12:13:12'),(408,'10 07 04 Outras partículas e poeiras não perigosas',NULL,NULL,NULL,'2020-04-25 12:13:12'),(409,'10 07 05 Lodos e tortas de filtro do tratamento de gases',NULL,NULL,NULL,'2020-04-25 12:13:12'),(410,'10 07 07 (*) Resíduos do tratamento da água de arrefecimento contendo hidrocarbonetos',NULL,NULL,NULL,'2020-04-25 12:13:12'),(411,'10 07 08 Resíduos do tratamento da água de arrefecimento não abrangidos em 10 07 07',NULL,NULL,NULL,'2020-04-25 12:13:12'),(412,'10 07 99 Outros resíduos não anteriormente especificados',NULL,NULL,NULL,'2020-04-25 12:13:12'),(413,'10 08 04 Partículas e poeiras não perigosas',NULL,NULL,NULL,'2020-04-25 12:13:12'),(414,'10 08 08 (*) Escórias salinas da produção primária e secundária',NULL,NULL,NULL,'2020-04-25 12:13:12'),(415,'10 08 09 Outras escórias',NULL,NULL,NULL,'2020-04-25 12:13:12'),(416,'10 08 10 (*) Impurezas e escumas inflamáveis ou que, em contato com a água, libertam gases inflamáveis em quantidades perigosas',NULL,NULL,NULL,'2020-04-25 12:13:12'),(417,'10 08 11 Impurezas e escumas não abrangidas em 10 08 10',NULL,NULL,NULL,'2020-04-25 12:13:12'),(418,'10 08 12 (*) Resíduos da fabricação de ânodos contendo alcatrão',NULL,NULL,NULL,'2020-04-25 12:13:12'),(419,'10 08 13 Resíduos da fabricação de ânodos contendo carbono não abrangidos em 10 08 12',NULL,NULL,NULL,'2020-04-25 12:13:12'),(420,'10 08 14 Resíduos de ânodos',NULL,NULL,NULL,'2020-04-25 12:13:12'),(421,'10 08 15 (*) Poeiras de gases de combustão contendo substâncias perigosas',NULL,NULL,NULL,'2020-04-25 12:13:12'),(422,'10 08 16 Poeiras de gases de combustão não abrangidas em 10 08 15',NULL,NULL,NULL,'2020-04-25 12:13:12'),(423,'10 08 17 (*) Lodos e tortas de filtro do tratamento de gases de combustão contendo substâncias perigosas',NULL,NULL,NULL,'2020-04-25 12:13:12'),(424,'10 08 18 Lodos e tortas de filtro do tratamento de gases de combustão não abrangidos em 10 08 17',NULL,NULL,NULL,'2020-04-25 12:13:12'),(425,'10 08 19 (*) Resíduos do tratamento da água de arrefecimento contendo hidrocarbonetos',NULL,NULL,NULL,'2020-04-25 12:13:12'),(426,'10 08 20 Resíduos do tratamento da água de arrefecimento não abrangidos em 10 08 19',NULL,NULL,NULL,'2020-04-25 12:13:12'),(427,'10 08 99 Outros resíduos não anteriormente especificados',NULL,NULL,NULL,'2020-04-25 12:13:12'),(428,'10 09 03 Escórias do forno',NULL,NULL,NULL,'2020-04-25 12:13:12'),(429,'10 09 05 (*) Moldes e modelos e moldes de fundição não vazados contendo substâncias perigosas',NULL,NULL,NULL,'2020-04-25 12:13:12'),(430,'10 09 06 Moldes e modelos e moldes de fundição não vazados não abrangidos em 10 09 05',NULL,NULL,NULL,'2020-04-25 12:13:12'),(431,'10 09 07 (*) Moldes e modelos e moldes de fundição vazados contendo substâncias perigosas',NULL,NULL,NULL,'2020-04-25 12:13:12'),(432,'10 09 08 Moldes e modelos e moldes de fundição vazados não abrangidos em 10 09 07',NULL,NULL,NULL,'2020-04-25 12:13:12'),(433,'10 09 09 (*) Poeiras de gases de combustão contendo substâncias perigosas',NULL,NULL,NULL,'2020-04-25 12:13:12'),(434,'10 09 10 Poeiras de gases de combustão não abrangidas em 10 09 09',NULL,NULL,NULL,'2020-04-25 12:13:12'),(435,'10 09 11 (*) Outras partículas contendo substâncias perigosas',NULL,NULL,NULL,'2020-04-25 12:13:12'),(436,'10 09 12 Outras partículas não abrangidas em 10 09 11',NULL,NULL,NULL,'2020-04-25 12:13:12'),(437,'10 09 13 (*) Resíduos de aglutinantes contendo substâncias perigosas',NULL,NULL,NULL,'2020-04-25 12:13:12'),(438,'10 09 14 Resíduos de aglutinantes não abrangidos em 10 09 13',NULL,NULL,NULL,'2020-04-25 12:13:12'),(439,'10 09 15 (*) Resíduos de agentes indicadores de fendas e trincas contendo substâncias perigosas',NULL,NULL,NULL,'2020-04-25 12:13:12'),(440,'10 09 16 Resíduos de agentes indicadores de fendas e trincas não abrangidos em 10 09 15',NULL,NULL,NULL,'2020-04-25 12:13:12'),(441,'10 09 99 Outros resíduos não anteriormente especificados',NULL,NULL,NULL,'2020-04-25 12:13:12'),(442,'10 10 03 Escórias do forno',NULL,NULL,NULL,'2020-04-25 12:13:12'),(443,'10 10 05 (*) Moldes e modelos e moldes de fundição não vazados contendo substâncias perigosas',NULL,NULL,NULL,'2020-04-25 12:13:12'),(444,'10 10 06 Moldes e modelos e moldes de fundição não vazados não abrangidos em 10 10 05',NULL,NULL,NULL,'2020-04-25 12:13:12'),(445,'10 10 07 (*) Moldes e modelos e moldes de fundição vazados contendo substâncias perigosas',NULL,NULL,NULL,'2020-04-25 12:13:12'),(446,'10 10 08 Moldes e modelos e moldes de fundição vazados não abrangidos em 10 10 07',NULL,NULL,NULL,'2020-04-25 12:13:12'),(447,'10 10 09 (*) Poeiras de gases de combustão contendo substâncias perigosas',NULL,NULL,NULL,'2020-04-25 12:13:12'),(448,'10 10 10 Poeiras de gases de combustão não abrangidas em 10 10 09',NULL,NULL,NULL,'2020-04-25 12:13:12'),(449,'10 10 11 (*) Outras partículas contendo substâncias perigosas',NULL,NULL,NULL,'2020-04-25 12:13:12'),(450,'10 10 12 Outras partículas não abrangidas em 10 10 11',NULL,NULL,NULL,'2020-04-25 12:13:12'),(451,'10 10 13 (*) Resíduos de aglutinantes contendo substâncias perigosas',NULL,NULL,NULL,'2020-04-25 12:13:12'),(452,'10 10 14 Resíduos de aglutinantes não abrangidos em 10 10 13',NULL,NULL,NULL,'2020-04-25 12:13:12'),(453,'10 10 15 (*) Resíduos de agentes indicadores de fendas e trincas contendo substâncias perigosas',NULL,NULL,NULL,'2020-04-25 12:13:12'),(454,'10 10 16 Resíduos de agentes indicadores de fendas e trincas não abrangidos em 10 10 15',NULL,NULL,NULL,'2020-04-25 12:13:12'),(455,'10 10 99 Outros resíduos não anteriormente especificados',NULL,NULL,NULL,'2020-04-25 12:13:12'),(456,'10 11 03 Resíduos de materiais fibrosos à base de vidro',NULL,NULL,NULL,'2020-04-25 12:13:12'),(457,'10 11 05 Partículas e poeiras',NULL,NULL,NULL,'2020-04-25 12:13:12'),(458,'10 11 09 (*) Resíduos da preparação da mistura (antes do processo térmico) contendo substâncias perigosas',NULL,NULL,NULL,'2020-04-25 12:13:12'),(459,'10 11 10 Resíduos da preparação da mistura (antes do processo térmico) não abrangidos em 10 11 09',NULL,NULL,NULL,'2020-04-25 12:13:13'),(460,'10 11 11 (*) Resíduos de vidro em pequenas partículas e em pó de vidro contendo metais pesados (por exemplo, tubos catódicos)',NULL,NULL,NULL,'2020-04-25 12:13:13'),(461,'10 11 12 Resíduos de vidro não abrangidos em 10 11 11',NULL,NULL,NULL,'2020-04-25 12:13:13'),(462,'10 11 13 (*) Lodos de polimento e retificação de vidro contendo substâncias perigosas',NULL,NULL,NULL,'2020-04-25 12:13:13'),(463,'10 11 14 Lodos de polimento e retificação de vidro não abrangidas em 10 11 13',NULL,NULL,NULL,'2020-04-25 12:13:13'),(464,'10 11 15 (*) Resíduos sólidos do tratamento de gases de combustão contendo substâncias perigosas',NULL,NULL,NULL,'2020-04-25 12:13:13'),(465,'10 11 16 Resíduos sólidos do tratamento de gases de combustão não abrangidos em 10 11 15',NULL,NULL,NULL,'2020-04-25 12:13:13'),(466,'10 11 17 (*) Lodos e tortas de filtro do tratamento de gases de combustão contendo substâncias perigosas',NULL,NULL,NULL,'2020-04-25 12:13:13'),(467,'10 11 18 Lodos e tortas de filtro do tratamento de gases de combustão não abrangidos em 10 11 17',NULL,NULL,NULL,'2020-04-25 12:13:13'),(468,'10 11 19 (*) Resíduos sólidos do tratamento local de efluentes contendo substâncias perigosas',NULL,NULL,NULL,'2020-04-25 12:13:13'),(469,'10 11 20 Resíduos sólidos do tratamento local de efluentes não abrangidos em 10 11 19',NULL,NULL,NULL,'2020-04-25 12:13:13'),(470,'10 11 99 Outros resíduos não anteriormente especificados',NULL,NULL,NULL,'2020-04-25 12:13:13'),(471,'10 12 01 Resíduos da preparação da mistura (antes do processo térmico)',NULL,NULL,NULL,'2020-04-25 12:13:13'),(472,'10 12 03 Partículas e poeiras',NULL,NULL,NULL,'2020-04-25 12:13:13'),(473,'10 12 05 Lodos e tortas de filtro do tratamento de gases',NULL,NULL,NULL,'2020-04-25 12:13:13'),(474,'10 12 06 Moldes fora de uso',NULL,NULL,NULL,'2020-04-25 12:13:13'),(475,'10 12 08 Resíduos da fabricação de peças cerâmicas, tijolos, ladrilhos, telhas e produtos de construção (após o processo térmico)',NULL,NULL,NULL,'2020-04-25 12:13:13'),(476,'10 12 09 (*) Resíduos sólidos do tratamento de gases contendo substâncias perigosas',NULL,NULL,NULL,'2020-04-25 12:13:13'),(477,'10 12 10 Resíduos sólidos do tratamento de gases não abrangidos em 10 12 09',NULL,NULL,NULL,'2020-04-25 12:13:13'),(478,'10 12 11 (*) Resíduos de vitrificação contendo metais pesados',NULL,NULL,NULL,'2020-04-25 12:13:13'),(479,'10 12 12 Resíduos de vitrificação não abrangidos em 10 12 11',NULL,NULL,NULL,'2020-04-25 12:13:13'),(480,'10 12 13 Lodos do tratamento local de efluentes',NULL,NULL,NULL,'2020-04-25 12:13:13'),(481,'10 12 99 Outros resíduos não anteriormente especificados',NULL,NULL,NULL,'2020-04-25 12:13:13'),(482,'10 13 01 Resíduos da preparação da mistura antes do processo térmico',NULL,NULL,NULL,'2020-04-25 12:13:13'),(483,'10 13 04 Resíduos da calcinação e hidratação da cal',NULL,NULL,NULL,'2020-04-25 12:13:13'),(484,'10 13 06 Partículas e poeiras (exceto 10 13 12 e 10 13 13)',NULL,NULL,NULL,'2020-04-25 12:13:13'),(485,'10 13 07 Lodos e tortas de filtro do tratamento de gases',NULL,NULL,NULL,'2020-04-25 12:13:13'),(486,'10 13 09 (*) Resíduos da fabricação de fibrocimento contendo amianto',NULL,NULL,NULL,'2020-04-25 12:13:13'),(487,'10 13 10 Resíduos da fabricação de fibrocimento não abrangidos em 10 13 09',NULL,NULL,NULL,'2020-04-25 12:13:13'),(488,'10 13 11 Resíduos de materiais compósitos à base de cimento não abrangidos em 10 13 09 e 10 13 10',NULL,NULL,NULL,'2020-04-25 12:13:13'),(489,'10 13 12 (*) Resíduos sólidos do tratamento de gases contendo substâncias perigosas',NULL,NULL,NULL,'2020-04-25 12:13:13'),(490,'10 13 13 Resíduos sólidos do tratamento de gases não abrangidos em 10 13 12',NULL,NULL,NULL,'2020-04-25 12:13:13'),(491,'10 13 14 Resíduos de cimento e de lodos de cimento',NULL,NULL,NULL,'2020-04-25 12:13:13'),(492,'10 13 99 Outros resíduos não anteriormente especificados',NULL,NULL,NULL,'2020-04-25 12:13:13'),(493,'10 14 01 (*) Resíduos de limpeza de gases contendo mercúrio',NULL,NULL,NULL,'2020-04-25 12:13:13'),(494,'11 01 04 (*) Banho de decapagem exaurido proveniente das operações de acabamento do aço',NULL,NULL,NULL,'2020-04-25 12:13:13'),(495,'11 01 05 (*) Ácidos de decapagem',NULL,NULL,NULL,'2020-04-25 12:13:13'),(496,'11 01 06 (*) Ácidos não anteriormente especificados',NULL,NULL,NULL,'2020-04-25 12:13:13'),(497,'11 01 07 (*) Bases de decapagem',NULL,NULL,NULL,'2020-04-25 12:13:13'),(498,'11 01 08 (*) Lodos de fosfatação',NULL,NULL,NULL,'2020-04-25 12:13:13'),(499,'11 01 09 (*) Lodos e tortas de filtro contendo substâncias perigosas',NULL,NULL,NULL,'2020-04-25 12:13:13'),(500,'11 01 10 Lodos e tortas de filtro não abrangidos em 11 01 09',NULL,NULL,NULL,'2020-04-25 12:13:13'),(501,'11 01 11 (*) Soluções exauridas, lodos e líquidos de lavagem aquosos contendo cianeto e/ou outras substâncias perigosas',NULL,NULL,NULL,'2020-04-25 12:13:13'),(502,'11 01 12 Líquidos de lavagem aquosos não abrangidos em 11 01 11',NULL,NULL,NULL,'2020-04-25 12:13:13'),(503,'11 01 13 (*) Resíduos de desengorduramento contendo substâncias perigosas',NULL,NULL,NULL,'2020-04-25 12:13:13'),(504,'11 01 14 Resíduos de desengorduramento não abrangidos em 11 01 13',NULL,NULL,NULL,'2020-04-25 12:13:13'),(505,'11 01 15 (*) Eluatos e lodos de sistemas de membranas ou de permuta iônica contendo substâncias perigosas',NULL,NULL,NULL,'2020-04-25 12:13:13'),(506,'11 01 16 (*) Resinas de permuta iônica saturadas ou usadas',NULL,NULL,NULL,'2020-04-25 12:13:13'),(507,'11 01 98 (*) Outros resíduos contendo substâncias perigosas',NULL,NULL,NULL,'2020-04-25 12:13:13'),(508,'11 01 99 Outros resíduos não anteriormente especificados',NULL,NULL,NULL,'2020-04-25 12:13:13'),(509,'11 02 02 (*) Lodos da hidrometalurgia do zinco',NULL,NULL,NULL,'2020-04-25 12:13:13'),(510,'11 02 03 Resíduos da produção de ânodos dos processos eletrolíticos aquosos',NULL,NULL,NULL,'2020-04-25 12:13:13'),(511,'11 02 05 (*) Resíduos de processos hidrometalúrgicos do cobre contendo substâncias perigosas',NULL,NULL,NULL,'2020-04-25 12:13:13'),(512,'11 02 06 Resíduos de processos hidrometalúrgicos do cobre não abrangidos em 11 02 05',NULL,NULL,NULL,'2020-04-25 12:13:14'),(513,'11 02 07 (*) Outros resíduos contendo substâncias perigosas',NULL,NULL,NULL,'2020-04-25 12:13:14'),(514,'11 02 99 Outros resíduos não anteriormente especificados',NULL,NULL,NULL,'2020-04-25 12:13:14'),(515,'11 03 01 (*) Resíduos contendo cianetos',NULL,NULL,NULL,'2020-04-25 12:13:14'),(516,'11 03 02 (*) Outros resíduos',NULL,NULL,NULL,'2020-04-25 12:13:14'),(517,'11 03 03 (*) Lodos originados no tratamento de efluentes líquidos provenientes dos banhos de têmpera das operações de tratamento térmico de metais nos quais são utilizados cianetos',NULL,NULL,NULL,'2020-04-25 12:13:14'),(518,'11 05 01 Escórias e cinzas de zinco não perigosas',NULL,NULL,NULL,'2020-04-25 12:13:14'),(519,'11 05 02 (*) Cinzas de zinco contendo cádmio ou chumbo',NULL,NULL,NULL,'2020-04-25 12:13:14'),(520,'11 05 03 (*) Resíduos sólidos do tratamento de gases',NULL,NULL,NULL,'2020-04-25 12:13:14'),(521,'11 05 04 (*) Fluxantes usados',NULL,NULL,NULL,'2020-04-25 12:13:14'),(522,'11 05 99 Outros resíduos não anteriormente especificados',NULL,NULL,NULL,'2020-04-25 12:13:14'),(523,'12 01 01 Aparas e limalhas de metais ferrosos',NULL,NULL,NULL,'2020-04-25 12:13:14'),(524,'12 01 02 Poeiras e partículas de metais ferrosos',NULL,NULL,NULL,'2020-04-25 12:13:14'),(525,'12 01 03 Aparas e limalhas de metais não ferrosos',NULL,NULL,NULL,'2020-04-25 12:13:14'),(526,'12 01 04 Poeiras e partículas de metais não ferrosos',NULL,NULL,NULL,'2020-04-25 12:13:14'),(527,'12 01 05 Aparas de matérias plásticas',NULL,NULL,NULL,'2020-04-25 12:13:14'),(528,'12 01 06 (*) Óleos minerais de corte e usinagem com halogênios (exceto emulsões, misturas e soluções)',NULL,NULL,NULL,'2020-04-25 12:13:14'),(529,'12 01 07 (*) Óleos minerais de corte e usinagem sem halogênios (exceto emulsões, misturas e soluções)',NULL,NULL,NULL,'2020-04-25 12:13:14'),(530,'12 01 08 (*) Emulsões, misturas e soluções de corte e usinagem com halogênios',NULL,NULL,NULL,'2020-04-25 12:13:14'),(531,'12 01 09 (*) Emulsões e soluções de corte e usinagem sem halogênios',NULL,NULL,NULL,'2020-04-25 12:13:14'),(532,'12 01 10 (*) Óleos sintéticos de corte e usinagem',NULL,NULL,NULL,'2020-04-25 12:13:14'),(533,'12 01 12 (*) Ceras e gorduras usadas',NULL,NULL,NULL,'2020-04-25 12:13:14'),(534,'12 01 13 Resíduos de soldadura',NULL,NULL,NULL,'2020-04-25 12:13:14'),(535,'12 01 14 (*) Lodos de usinagem contendo substâncias perigosas',NULL,NULL,NULL,'2020-04-25 12:13:14'),(536,'12 01 15 Lodos de usinagem não abrangidas em 12 01 14',NULL,NULL,NULL,'2020-04-25 12:13:14'),(537,'12 01 16 (*) Resíduos de materiais de polimento contendo substâncias perigosas',NULL,NULL,NULL,'2020-04-25 12:13:14'),(538,'12 01 17 Resíduos de materiais de polimento não abrangidos em 12 01 16',NULL,NULL,NULL,'2020-04-25 12:13:14'),(539,'12 01 18 (*) Lodos metálicos (lodos de retificação, superacabamento e lixamento) contendo óleo',NULL,NULL,NULL,'2020-04-25 12:13:14'),(540,'12 01 19 (*) Óleos de usinagem facilmente biodegradáveis',NULL,NULL,NULL,'2020-04-25 12:13:14'),(541,'12 01 20 (*) Mós e materiais de retificação usados contendo substâncias perigosas',NULL,NULL,NULL,'2020-04-25 12:13:14'),(542,'12 01 21 Mós e materiais de retificação usados não abrangidos em 12 01 20',NULL,NULL,NULL,'2020-04-25 12:13:14'),(543,'12 01 99 Outros resíduos não anteriormente especificados',NULL,NULL,NULL,'2020-04-25 12:13:14'),(544,'12 03 01 (*) Líquidos de lavagem aquosos',NULL,NULL,NULL,'2020-04-25 12:13:14'),(545,'12 03 02 (*) Resíduos de desengorduramento a vapor',NULL,NULL,NULL,'2020-04-25 12:13:14'),(546,'13 01 01 (*) Óleos hidráulicos contendo PCB (1 )',NULL,NULL,NULL,'2020-04-25 12:13:14'),(547,'13 01 04 (*) Emulsões cloradas',NULL,NULL,NULL,'2020-04-25 12:13:14'),(548,'13 01 05 (*) Emulsões não cloradas',NULL,NULL,NULL,'2020-04-25 12:13:14'),(549,'13 01 09 (*) Óleos hidráulicos minerais clorados',NULL,NULL,NULL,'2020-04-25 12:13:14'),(550,'13 01 10 (*) Óleos hidráulicos minerais não clorados',NULL,NULL,NULL,'2020-04-25 12:13:14'),(551,'13 01 11 (*) Óleos hidráulicos sintéticos',NULL,NULL,NULL,'2020-04-25 12:13:14'),(552,'13 01 12 (*) Óleos hidráulicos facilmente biodegradáveis',NULL,NULL,NULL,'2020-04-25 12:13:14'),(553,'13 01 13 (*) Outros óleos hidráulicos',NULL,NULL,NULL,'2020-04-25 12:13:14'),(554,'13 02 01 (*) Óleos de motores, transmissões e lubrificação usados ou contaminados',NULL,NULL,NULL,'2020-04-25 12:13:14'),(555,'13 02 99 (*) Outros óleos de motores, transmissões e lubrificação',NULL,NULL,NULL,'2020-04-25 12:13:14'),(556,'13 03 01 (*) Óleos de isolamento térmico, de refrigeração e de transmissão de calor usados, fluidos dielétricos e resíduos contaminados com bifenilas policloradas (PCB)',NULL,NULL,NULL,'2020-04-25 12:13:14'),(557,'13 03 06 (*) Óleos minerais isolantes, de refrigeração e de transmissão de calor clorados, não abrangidos em 13 03 01',NULL,NULL,NULL,'2020-04-25 12:13:14'),(558,'13 03 07 (*) Óleos minerais isolantes, de refrigeração e de transmissão de calor não clorados',NULL,NULL,NULL,'2020-04-25 12:13:14'),(559,'13 03 08 (*) Óleos sintéticos isolantes, de refrigeração e de transmissão de calor',NULL,NULL,NULL,'2020-04-25 12:13:14'),(560,'13 03 09 (*) Óleos facilmente biodegradáveis isolantes, de refrigeração e de transmissão de calor',NULL,NULL,NULL,'2020-04-25 12:13:14'),(561,'13 03 10 (*) Outros óleos isolantes, de refrigeração e de transmissão de calor',NULL,NULL,NULL,'2020-04-25 12:13:14'),(562,'13 04 01 (*) Óleos bunker de navios de navegação interior',NULL,NULL,NULL,'2020-04-25 12:13:14'),(563,'13 04 02 (*) Óleos bunker provenientes das canalizações dos cais',NULL,NULL,NULL,'2020-04-25 12:13:15'),(564,'13 04 03 (*) Óleos bunker de outros tipos de navios',NULL,NULL,NULL,'2020-04-25 12:13:15'),(565,'13 05 01 (*) Resíduos sólidos provenientes de desarenadores e de separadores óleo/ água',NULL,NULL,NULL,'2020-04-25 12:13:15'),(566,'13 05 02 (*) Lodo proveniente dos separadores óleo/água',NULL,NULL,NULL,'2020-04-25 12:13:15'),(567,'13 05 03 (*) Lodo proveniente do interceptor',NULL,NULL,NULL,'2020-04-25 12:13:15'),(568,'13 05 06 (*) Óleos provenientes dos separadores óleo/água',NULL,NULL,NULL,'2020-04-25 12:13:15'),(569,'13 05 07 (*) Água com óleo proveniente dos separadores óleo/água',NULL,NULL,NULL,'2020-04-25 12:13:15'),(570,'13 05 08 (*) Misturas de resíduos provenientes de desarenadores e de separadores óleo/água',NULL,NULL,NULL,'2020-04-25 12:13:15'),(571,'13 07 01 (*) Fuelóleo e óleo diesel',NULL,NULL,NULL,'2020-04-25 12:13:15'),(572,'13 07 02 (*) Gasolina',NULL,NULL,NULL,'2020-04-25 12:13:15'),(573,'13 07 03 (*) Outros combustíveis (incluindo misturas)',NULL,NULL,NULL,'2020-04-25 12:13:15'),(574,'13 08 01 (*) Lodos ou emulsões de dessalinização',NULL,NULL,NULL,'2020-04-25 12:13:15'),(575,'13 08 02 (*) Outras emulsões e misturas',NULL,NULL,NULL,'2020-04-25 12:13:15'),(576,'13 08 99 (*) Outros resíduos não anteriormente especificados',NULL,NULL,NULL,'2020-04-25 12:13:15'),(577,'14 06 01 (*) Clorofluorcarbonetos (CFC), HCFC, HFC',NULL,NULL,NULL,'2020-04-25 12:13:15'),(578,'14 06 02 (*) Outros solventes e misturas de solventes halogenados',NULL,NULL,NULL,'2020-04-25 12:13:15'),(579,'14 06 03 (*) Outros solventes e misturas de solventes',NULL,NULL,NULL,'2020-04-25 12:13:15'),(580,'14 06 04 (*) Lodos ou resíduos sólidos contendo solventes halogenados',NULL,NULL,NULL,'2020-04-25 12:13:15'),(581,'14 06 05 (*) Lodos ou resíduos sólidos contendo outros solventes',NULL,NULL,NULL,'2020-04-25 12:13:15'),(582,'15 01 01 Embalagens de papel e cartão',NULL,NULL,NULL,'2020-04-25 12:13:15'),(583,'15 01 02 Embalagens de plástico',NULL,NULL,NULL,'2020-04-25 12:13:15'),(584,'15 01 03 Embalagens de madeira',NULL,NULL,NULL,'2020-04-25 12:13:15'),(585,'15 01 04 Embalagens de metal','01','Segregação',1,'2020-04-26 10:46:48'),(586,'15 01 05 Embalagens longa-vida',NULL,NULL,NULL,'2020-04-25 12:13:15'),(587,'15 01 06 Misturas de embalagens',NULL,NULL,NULL,'2020-04-25 12:13:15'),(588,'15 01 07 Embalagens de vidro',NULL,NULL,NULL,'2020-04-25 12:13:15'),(589,'15 01 09 Embalagens têxteis',NULL,NULL,NULL,'2020-04-25 12:13:15'),(590,'15 01 10 (*) Embalagens de qualquer um dos tipos acima descritos contendo ou contaminadas por resíduos de substâncias perigosas',NULL,NULL,NULL,'2020-04-25 12:13:15'),(591,'15 01 11 (*) Embalagens de metal, incluindo recipientes vazios sob pressão, com uma matriz porosa sólida perigosa (por exemplo, amianto)',NULL,NULL,NULL,'2020-04-25 12:13:15'),(592,'15 02 02 (*) Absorventes, materiais filtrantes (incluindo filtros de óleo não anteriormente especificados), panos de limpeza e vestuário de proteção, contaminados por substâncias perigosas',NULL,NULL,NULL,'2020-04-25 12:13:15'),(593,'15 02 03 Absorventes, materiais filtrantes, panos de limpeza e vestuário de proteção não abrangidos em 15 02 02',NULL,NULL,NULL,'2020-04-25 12:13:15'),(594,'16 01 03 (*) Veículos em fim de vida',NULL,NULL,NULL,'2020-04-25 12:13:15'),(595,'16 01 04 Veículos em fim de vida esvaziados de líquidos e outros componentes perigosos',NULL,NULL,NULL,'2020-04-25 12:13:15'),(596,'16 01 06 (*) Resíduo proveniente da trituração de veículos em fim de vida (Ash Shredder Residue)',NULL,NULL,NULL,'2020-04-25 12:13:15'),(597,'16 01 07 (*) Filtros de óleo automotivos',NULL,NULL,NULL,'2020-04-25 12:13:15'),(598,'16 01 08 (*) Componentes e peças contendo mercúrio',NULL,NULL,NULL,'2020-04-25 12:13:15'),(599,'16 01 09 (*) Componentes e peças contendo PCB',NULL,NULL,NULL,'2020-04-25 12:13:15'),(600,'16 01 10 (*) Componentes explosivos, por exemplo, almofadas de ar (air bags)',NULL,NULL,NULL,'2020-04-25 12:13:15'),(601,'16 01 11 (*) Pastilhas de freio contendo amianto',NULL,NULL,NULL,'2020-04-25 12:13:15'),(602,'16 01 12 Pastilhas de freio não abrangidas em 16 01 11',NULL,NULL,NULL,'2020-04-25 12:13:15'),(603,'16 01 13 (*) Fluidos de freio',NULL,NULL,NULL,'2020-04-25 12:13:15'),(604,'16 01 14 (*) Fluidos anticongelantes contendo substâncias perigosas',NULL,NULL,NULL,'2020-04-25 12:13:15'),(605,'16 01 15 Fluidos anticongelantes não abrangidos em 16 01 14',NULL,NULL,NULL,'2020-04-25 12:13:15'),(606,'16 01 16 Recipientes para gás liquefeito sob pressão',NULL,NULL,NULL,'2020-04-25 12:13:15'),(607,'16 01 17 Sucatas metálicas ferrosas',NULL,NULL,NULL,'2020-04-25 12:13:15'),(608,'16 01 18 Sucatas metálicas não ferrosas',NULL,NULL,NULL,'2020-04-25 12:13:15'),(609,'16 01 19 Plástico',NULL,NULL,NULL,'2020-04-25 12:13:15'),(610,'16 01 20 Vidro',NULL,NULL,NULL,'2020-04-25 12:13:16'),(611,'16 01 21 (*) Componentes perigosos não abrangidos em 16 01 07 a 16 01 11, 16 01 13 e 16 01 14',NULL,NULL,NULL,'2020-04-25 12:13:16'),(612,'16 01 22 Componentes não anteriormente especificados',NULL,NULL,NULL,'2020-04-25 12:13:16'),(613,'16 01 23 Pneus inservíveis/usados aeronáuticos',NULL,NULL,NULL,'2020-04-25 12:13:16'),(614,'16 01 24 Pneus inservíveis/usados de automóveis',NULL,NULL,NULL,'2020-04-25 12:13:16'),(615,'16 01 25 Pneus inservíveis/usados de bicicletas',NULL,NULL,NULL,'2020-04-25 12:13:16'),(616,'16 01 26 Pneus inservíveis/usados de caminhões/ônibus',NULL,NULL,NULL,'2020-04-25 12:13:16'),(617,'16 01 27 Pneus inservíveis/usados de motocicletas',NULL,NULL,NULL,'2020-04-25 12:13:16'),(618,'16 01 28 Pneus inservíveis/usados de tratores',NULL,NULL,NULL,'2020-04-25 12:13:16'),(619,'16 01 29 Pneus inservíveis/usados outras aplicações',NULL,NULL,NULL,'2020-04-25 12:13:16'),(620,'16 01 99 Outros resíduos não anteriormente especificados',NULL,NULL,NULL,'2020-04-25 12:13:16'),(621,'16 02 09 (*) Transformadores, capacitores e demais equipamentos elétricos contendo PCB',NULL,NULL,NULL,'2020-04-25 12:13:16'),(622,'16 02 10 (*) Equipamento fora de uso contendo ou contaminado por PCB não abrangido em 16 02 09',NULL,NULL,NULL,'2020-04-25 12:13:16'),(623,'16 02 11 (*) Equipamento fora de uso contendo clorofluorcarbonetos, HCFC, HFC',NULL,NULL,NULL,'2020-04-25 12:13:16'),(624,'16 02 12 (*) Equipamento fora de uso contendo amianto livre',NULL,NULL,NULL,'2020-04-25 12:13:16'),(625,'16 02 13 (*) Equipamento fora de uso contendo componentes perigosos não abrangidos em 16 02 09 a 16 02 12',NULL,NULL,NULL,'2020-04-25 12:13:16'),(626,'16 02 14 Equipamento fora de uso não abrangido em 16 02 09 a 16 02 13',NULL,NULL,NULL,'2020-04-25 12:13:16'),(627,'16 02 15 (*) Componentes perigosos retirados de equipamento fora de uso',NULL,NULL,NULL,'2020-04-25 12:13:16'),(628,'16 02 16 Componentes retirados de equipamento fora de uso não abrangidos em 16 02 15',NULL,NULL,NULL,'2020-04-25 12:13:16'),(629,'16 03 03 (*) Resíduos inorgânicos contendo substâncias perigosas',NULL,NULL,NULL,'2020-04-25 12:13:16'),(630,'16 03 04 Resíduos inorgânicos não abrangidos em 16 03 03',NULL,NULL,NULL,'2020-04-25 12:13:16'),(631,'16 03 05 (*) Resíduos orgânicos contendo substâncias perigosas',NULL,NULL,NULL,'2020-04-25 12:13:16'),(632,'16 03 06 Resíduos orgânicos não abrangidos em 16 03 05',NULL,NULL,NULL,'2020-04-25 12:13:16'),(633,'16 04 01 (*) Resíduos de munições',NULL,NULL,NULL,'2020-04-25 12:13:16'),(634,'16 04 02 (*) Resíduos de fogo de artifício',NULL,NULL,NULL,'2020-04-25 12:13:16'),(635,'16 04 03 (*) Lodos provenientes do tratamento de efluentes líquidos originados no processamento e produção de explosivos',NULL,NULL,NULL,'2020-04-25 12:13:16'),(636,'16 04 05 (*) Carvão usado proveniente do tratamento de efluentes líquidos que contenham explosivos',NULL,NULL,NULL,'2020-04-25 12:13:16'),(637,'16 04 06 (*) Água rosa/vermelha proveniente das operações de TNT',NULL,NULL,NULL,'2020-04-25 12:13:16'),(638,'16 04 99 (*) Outros resíduos de explosivos',NULL,NULL,NULL,'2020-04-25 12:13:16'),(639,'16 05 04 (*) Gases em recipientes sob pressão (incluindo freons e halons) contendo substâncias perigosas',NULL,NULL,NULL,'2020-04-25 12:13:16'),(640,'16 05 05 Gases em recipientes sob pressão não abrangidos em 16 05 04',NULL,NULL,NULL,'2020-04-25 12:13:16'),(641,'16 05 06 (*) Produtos químicos de laboratório contendo ou compostos por substâncias perigosas, incluindo misturas de produtos químicos de laboratório',NULL,NULL,NULL,'2020-04-25 12:13:16'),(642,'16 05 07 (*) Produtos químicos inorgânicos de laboratório contendo ou compostos por substâncias perigosas',NULL,NULL,NULL,'2020-04-25 12:13:16'),(643,'16 05 08 (*) Produtos químicos orgânicos fora de uso contendo ou compostos por substâncias perigosas',NULL,NULL,NULL,'2020-04-25 12:13:16'),(644,'16 05 09 Produtos químicos fora de uso não abrangidos em 16 05 06, 16 05 07 ou 16 05 08',NULL,NULL,NULL,'2020-04-25 12:13:16'),(645,'16 06 01 (*) Bateria e acumuladores elétricos à base de chumbo e seus resíduos, incluindo os plásticos provenientes da carcaça externa da bateria',NULL,NULL,NULL,'2020-04-25 12:13:16'),(646,'16 06 02 (*) Bateria e acumuladores elétricos de níquel-cádmio e seus resíduos',NULL,NULL,NULL,'2020-04-25 12:13:16'),(647,'16 06 03 (*) Pilhas contendo mercúrio',NULL,NULL,NULL,'2020-04-25 12:13:16'),(648,'16 06 04 Pilhas alcalinas (exceto 16 06 03) (3 )',NULL,NULL,NULL,'2020-04-25 12:13:16'),(649,'16 06 05 Outras pilhas, baterias e acumuladores',NULL,NULL,NULL,'2020-04-25 12:13:16'),(650,'16 06 06 (*) Eletrólitos de pilhas e acumuladores recolhidos separadamente',NULL,NULL,NULL,'2020-04-25 12:13:16'),(651,'16 07 08 (*) Resíduos contendo hidrocarbonetos',NULL,NULL,NULL,'2020-04-25 12:13:16'),(652,'16 07 09 (*) Resíduos contendo outras substâncias perigosas',NULL,NULL,NULL,'2020-04-25 12:13:16'),(653,'16 07 99 Outros resíduos não anteriormente especificados',NULL,NULL,NULL,'2020-04-25 12:13:16'),(654,'16 08 01 Catalisadores usados contendo ouro, prata, rênio, ródio, paládio, irídio ou platina (exceto 16 08 07)',NULL,NULL,NULL,'2020-04-25 12:13:16'),(655,'16 08 02 (*) Catalisadores usados contendo metais de transição (4 ) ou compostos de metais de transição perigosos',NULL,NULL,NULL,'2020-04-25 12:13:16'),(656,'16 08 03 Catalisadores usados contendo metais de transição ou compostos de metais de transição não especificados de outra forma',NULL,NULL,NULL,'2020-04-25 12:13:16'),(657,'16 08 04 Catalisadores usados de cracking catalítico em leito fluidizado (exceto 16 08 99)',NULL,NULL,NULL,'2020-04-25 12:13:16'),(658,'16 08 05 (*) Catalisadores usados contendo ácido fosfórico',NULL,NULL,NULL,'2020-04-25 12:13:16'),(659,'16 08 06 (*) Líquidos usados utilizados como catalisadores',NULL,NULL,NULL,'2020-04-25 12:13:16'),(660,'16 08 07 (*) Catalisadores usados provenientes do reator de hidrocloração utilizado na produção de 1,1,1-tricloroetano',NULL,NULL,NULL,'2020-04-25 12:13:16'),(661,'16 08 08 (*) Catalisador gasto proveniente do hidrotratamento das operações de refino de petróleo, incluindo leitos usados para dessulfurizar as alimentações para outros reatores catalíticos (este código não inclui o meio de suporte inerte)',NULL,NULL,NULL,'2020-04-25 12:13:16'),(662,'16 08 99 (*) Outros catalisadores usados contaminados com substâncias perigosas',NULL,NULL,NULL,'2020-04-25 12:13:17'),(663,'16 09 01 (*) Permanganatos, por exemplo, permanganato de potássio',NULL,NULL,NULL,'2020-04-25 12:13:17'),(664,'16 09 02 (*) Cromatos, por exemplo, cromato de potássio, dicromato de potássio ou de sódio',NULL,NULL,NULL,'2020-04-25 12:13:17'),(665,'16 09 03 (*) Peróxidos, por exemplo, água oxigenada',NULL,NULL,NULL,'2020-04-25 12:13:17'),(666,'16 09 04 (*) Substâncias oxidantes não anteriormente especificadas',NULL,NULL,NULL,'2020-04-25 12:13:17'),(667,'16 10 01 (*) Resíduos líquidos aquosos contendo substâncias perigosas',NULL,NULL,NULL,'2020-04-25 12:13:17'),(668,'16 10 02 Resíduos líquidos aquosos não abrangidos em 16 10 01',NULL,NULL,NULL,'2020-04-25 12:13:17'),(669,'16 10 03 (*) Concentrados aquosos contendo substâncias perigosas',NULL,NULL,NULL,'2020-04-25 12:13:17'),(670,'16 10 04 Concentrados aquosos não abrangidos em 16 10 03',NULL,NULL,NULL,'2020-04-25 12:13:17'),(671,'16 11 01 (*) Revestimentos de fornos e refratários à base de carbono provenientes de processos metalúrgicos contendo substâncias perigosas',NULL,NULL,NULL,'2020-04-25 12:13:17'),(672,'16 11 02 Revestimentos de fornos e refratários à base de carbono não abrangidos em 16 11 01',NULL,NULL,NULL,'2020-04-25 12:13:17'),(673,'16 11 03 (*) Outros revestimentos de fornos e refratários provenientes de processos metalúrgicos contendo substâncias perigosas',NULL,NULL,NULL,'2020-04-25 12:13:17'),(674,'16 11 04 Outros revestimentos de fornos e refratários não abrangidos em 16 11 03',NULL,NULL,NULL,'2020-04-25 12:13:17'),(675,'16 11 05 (*) Revestimentos de fornos e refratários provenientes de processos não metalúrgicos contendo substâncias perigosas',NULL,NULL,NULL,'2020-04-25 12:13:17'),(676,'16 11 06 Revestimentos de fornos e refratários provenientes de processos não metalúrgicos não abrangidos em 16 11 05',NULL,NULL,NULL,'2020-04-25 12:13:17'),(677,'17 01 01 Resíduos de cimento',NULL,NULL,NULL,'2020-04-25 12:13:17'),(678,'17 01 02 Tijolos',NULL,NULL,NULL,'2020-04-25 12:13:17'),(679,'17 01 03 Ladrilhos, telhas e materiais cerâmicos',NULL,NULL,NULL,'2020-04-25 12:13:17'),(680,'17 01 06 (*) Misturas ou frações separadas de cimento, tijolos, ladrilhos, telhas e materiais cerâmicos contendo substâncias perigosas',NULL,NULL,NULL,'2020-04-25 12:13:17'),(681,'17 01 07 Misturas de cimento, tijolos, ladrilhos, telhas e materiais cerâmicos não abrangidas em 17 01 06',NULL,NULL,NULL,'2020-04-25 12:13:17'),(682,'17 02 01 Madeira',NULL,NULL,NULL,'2020-04-25 12:13:17'),(683,'17 02 02 Vidro',NULL,NULL,NULL,'2020-04-25 12:13:17'),(684,'17 02 03 Plástico',NULL,NULL,NULL,'2020-04-25 12:13:17'),(685,'17 02 04 (*) Vidro, plástico e madeira, misturados ou não, contendo ou contaminados com substâncias perigosas',NULL,NULL,NULL,'2020-04-25 12:13:17'),(686,'17 03 01 (*) Misturas betuminosas contendo alcatrão',NULL,NULL,NULL,'2020-04-25 12:13:17'),(687,'17 03 02 Misturas betuminosas não abrangidas em 17 03 01',NULL,NULL,NULL,'2020-04-25 12:13:17'),(688,'17 03 03 (*) Asfalto e produtos de alcatrão',NULL,NULL,NULL,'2020-04-25 12:13:17'),(689,'17 04 01 Cobre, bronze e latão',NULL,NULL,NULL,'2020-04-25 12:13:17'),(690,'17 04 02 Alumínio',NULL,NULL,NULL,'2020-04-25 12:13:17'),(691,'17 04 03 Chumbo',NULL,NULL,NULL,'2020-04-25 12:13:17'),(692,'17 04 04 Zinco',NULL,NULL,NULL,'2020-04-25 12:13:17'),(693,'17 04 05 Ferro e aço',NULL,NULL,NULL,'2020-04-25 12:13:17'),(694,'17 04 06 Estanho',NULL,NULL,NULL,'2020-04-25 12:13:17'),(695,'17 04 07 Mistura de sucatas',NULL,NULL,NULL,'2020-04-25 12:13:17'),(696,'17 04 09 (*) Resíduos metálicos contaminados com substâncias perigosas',NULL,NULL,NULL,'2020-04-25 12:13:17'),(697,'17 04 10 (*) Cabos contendo hidrocarbonetos, alcatrão ou outras substâncias perigosas',NULL,NULL,NULL,'2020-04-25 12:13:17'),(698,'17 04 11 Cabos não abrangidos em 17 04 10',NULL,NULL,NULL,'2020-04-25 12:13:17'),(699,'17 04 12 Magnésio',NULL,NULL,NULL,'2020-04-25 12:13:17'),(700,'17 04 13 Níquel',NULL,NULL,NULL,'2020-04-25 12:13:17'),(701,'17 05 02 (*) Solos e rochas contendo contaminados combifenilas policloradas (PCB)',NULL,NULL,NULL,'2020-04-25 12:13:17'),(702,'17 05 03 (*) Solos e rochas contendo outras substâncias perigosas',NULL,NULL,NULL,'2020-04-25 12:13:17'),(703,'17 05 04 Solos e rochas não abrangidos em 17 05 03',NULL,NULL,NULL,'2020-04-25 12:13:17'),(704,'17 05 05 (*) Lodos de dragagem contendo substâncias perigosas',NULL,NULL,NULL,'2020-04-25 12:13:17'),(705,'17 05 06 Lodos de dragagem não abrangidas em 17 05 05',NULL,NULL,NULL,'2020-04-25 12:13:17'),(706,'17 05 07 (*) Britas de linhas ferroviárias contendo substâncias perigosas',NULL,NULL,NULL,'2020-04-25 12:13:17'),(707,'17 05 08 Britas de linhas de ferroviárias não abrangidos em 17 05 07',NULL,NULL,NULL,'2020-04-25 12:13:17'),(708,'17 05 09 (*) Resíduos resultantes da incineração ou tratamento térmico de solos contaminados por substâncias orgânicas perigosas',NULL,NULL,NULL,'2020-04-25 12:13:17'),(709,'17 06 01 (*) Materiais de isolamento contendo amianto',NULL,NULL,NULL,'2020-04-25 12:13:17'),(710,'17 06 03 (*) Outros materiais de isolamento contendo ou constituídos por substâncias perigosas',NULL,NULL,NULL,'2020-04-25 12:13:17'),(711,'17 06 04 Materiais de isolamento não abrangidos em 17 06 01 e 17 06 03',NULL,NULL,NULL,'2020-04-25 12:13:17'),(712,'17 06 05 (*) Materiais de construção contendo amianto (por exemplo, telhas, tubos, etc.)',NULL,NULL,NULL,'2020-04-25 12:13:17'),(713,'17 08 01 (*) Materiais de construção à base de gesso contaminados com substâncias perigosas',NULL,NULL,NULL,'2020-04-25 12:13:18'),(714,'17 08 02 Materiais de construção à base de gesso não abrangidos em 17 08 01',NULL,NULL,NULL,'2020-04-25 12:13:18'),(715,'17 09 01 (*) Resíduos de construção e demolição contendo mercúrio',NULL,NULL,NULL,'2020-04-25 12:13:18'),(716,'17 09 02 (*) Resíduos de construção e demolição contendo PCB (por exemplo, vedantes com PCB, revestimentos de piso à base de resinas com PCB, condensadores de uso doméstico com PCB)',NULL,NULL,NULL,'2020-04-25 12:13:18'),(717,'17 09 03 (*) Outros resíduos de construção e demolição (incluindo misturas de resíduos) contendo substâncias perigosas',NULL,NULL,NULL,'2020-04-25 12:13:18'),(718,'17 09 04 Mistura de resíduos de construção e demolição não abrangidos em 17 09 01, 17 09 02 e 17 09 03',NULL,NULL,NULL,'2020-04-25 12:13:18'),(719,'18 01 01 (*) Culturas e estoques de microrganismos; resíduos de fabricação de produtos biológicos, exceto os hemoderivados; descarte de vacinas de microrganismos vivos ou atenuados; meios de cultura e instrumentais utilizados para transferência, inoculaçã',NULL,NULL,NULL,'2020-04-25 12:13:18'),(720,'18 01 02 (*) Resíduos resultantes da atenção à saúde de indivíduos ou animais, com suspeita ou certeza de contaminação biológica por agentes com elevado risco individual e elevado risco para a comunidade, microrganismos com relevância epidemiológica e ris',NULL,NULL,NULL,'2020-04-25 12:13:18'),(721,'18 01 03 (*) Bolsas transfusionais contendo sangue ou hemocomponentes rejeitadas por contaminação ou por má conservação, ou com prazo de validade vencido, e aquelas oriundas de coleta incompleta',NULL,NULL,NULL,'2020-04-25 12:13:18'),(722,'18 01 04 (*) Sobras de amostras de laboratório contendo sangue ou líquidos corpóreos, recipientes e materiais resultantes do processo de assistência à saúde, contendo sangue ou líquidos corpóreos na forma livre',NULL,NULL,NULL,'2020-04-25 12:13:18'),(723,'18 01 05 (*) Carcaças, peças anatômicas, vísceras e outros resíduos provenientes de animais submetidos a processos de experimentação com inoculação de microorganismos, bem como  suas forrações, e os cadáveres de animais suspeitos de serem portadores de mi',NULL,NULL,NULL,'2020-04-25 12:13:18'),(724,'18 01 06 (*) Peças anatômicas (membros) do ser humano; produto de fecundação sem sinais vitais, com peso menor que 500 gramas ou estatura menor que 25 cm ou idade gestacional menor que 20 semanas, que não tenham valor científico ou legal e não tenha havid',NULL,NULL,NULL,'2020-04-25 12:13:18'),(725,'18 01 07 (*) Kits de linhas arteriais, endovenosas e dialisadores, quando descartados',NULL,NULL,NULL,'2020-04-25 12:13:18'),(726,'18 01 08 (*) Filtros de ar e gases aspirados de área contaminada; membrana filtrante de equipamento médico hospitalar e de pesquisa, entre outros similares',NULL,NULL,NULL,'2020-04-25 12:13:18'),(727,'18 01 09 (*) Sobras de amostras de laboratório e seus recipientes contendo fezes, urina e secreções, provenientes de pacientes que não contenham e nem sejam suspeitos de conter agentes com elevado risco individual e elevado risco para a comunidade, e nem ',NULL,NULL,NULL,'2020-04-25 12:13:18'),(728,'18 01 10 (*) Resíduos de tecido adiposo proveniente de lipoaspiração, lipoescultura ou outro procedimento de cirurgia plástica que gere este tipo de resíduo',NULL,NULL,NULL,'2020-04-25 12:13:18'),(729,'18 01 11 (*) Recipientes e materiais resultantes do processo de assistência à saúde, que não contenha sangue ou líquidos corpóreos na forma livre',NULL,NULL,NULL,'2020-04-25 12:13:18'),(730,'18 01 12 (*) Peças anatômicas (órgãos e tecidos) e outros resíduos provenientes de procedimentos cirúrgicos ou de estudos anátomo-patológicos ou de confirmação diagnóstica',NULL,NULL,NULL,'2020-04-25 12:13:18'),(731,'18 01 13 (*) Carcaças, peças anatômicas, vísceras e outros resíduos provenientes de animais não submetidos a processos de experimentação com inoculação de microorganismos, bem como suas forrações',NULL,NULL,NULL,'2020-04-25 12:13:18'),(732,'18 01 14 (*) Bolsas transfusionais vazias ou com volume residual pós-transfusão',NULL,NULL,NULL,'2020-04-25 12:13:18'),(733,'18 01 15 (*) Órgãos, tecidos, fluidos orgânicos, materiais perfurocortantes ou escarificantes e demais materiais resultantes da atenção à saúde de indivíduos ou animais, com suspeita ou certeza de contaminação com príons',NULL,NULL,NULL,'2020-04-25 12:13:18'),(734,'18 02 01 (*) Produtos hormonais e produtos antimicrobianos; citostáticos; antineoplásicos imunossupressores; digitálicos; imunomoduladores; anti-retrovirais, quando descartados por serviços de saúde, farmácias, drogarias e distribuidores de medicamentos o',NULL,NULL,NULL,'2020-04-25 12:13:18'),(735,'18 02 02 (*) Resíduos de saneantes, desinfetantes, desinfestantes; resíduos contendo metais pesados; reagentes para laboratório, inclusive os recipientes contaminados por estes',NULL,NULL,NULL,'2020-04-25 12:13:18'),(736,'18 02 03 (*) Efluentes de processadores de imagem (reveladores e fixadores)',NULL,NULL,NULL,'2020-04-25 12:13:18'),(737,'18 02 04 (*) Efluentes dos equipamentos automatizados utilizados em análises clínicas',NULL,NULL,NULL,'2020-04-25 12:13:18'),(738,'18 02 05 (*) Outros produtos considerados perigosos',NULL,NULL,NULL,'2020-04-25 12:13:18'),(739,'18 03 01 (*) Materiais resultantes de laboratórios de pesquisa e ensino na área de saúde, laboratórios de análises clínicas e serviços de medicina nuclear e radioterapia que contenham radionuclídeos em quantidade superior aos limites de eliminação (5 )',NULL,NULL,NULL,'2020-04-25 12:13:18'),(740,'18 04 01 (*) Materiais perfurocortantes ou escarificantes, tais como: lâminas de barbear, agulhas, escalpes, ampolas de vidro, brocas, limas endodônticas, pontas diamantadas, lâminas de bisturi, lancetas; tubos capilares; micropipetas; lâminas e lamínulas',NULL,NULL,NULL,'2020-04-25 12:13:18'),(741,'19 01 02 Materiais ferrosos removidos das cinzas',NULL,NULL,NULL,'2020-04-25 12:13:18'),(742,'19 01 05 (*) Tortas de filtro provenientes do tratamento de gases',NULL,NULL,NULL,'2020-04-25 12:13:18'),(743,'19 01 06 (*) Resíduos líquidos aquosos provenientes do tratamento de gases e outros resíduos líquidos aquosos',NULL,NULL,NULL,'2020-04-25 12:13:18'),(744,'19 01 07 (*) Resíduos sólidos provenientes do tratamento de gases',NULL,NULL,NULL,'2020-04-25 12:13:18'),(745,'19 01 10 (*) Carvão ativado usado proveniente do tratamento de gases de combustão',NULL,NULL,NULL,'2020-04-25 12:13:18'),(746,'19 01 11 (*) Cinzas e escórias contendo substâncias perigosas',NULL,NULL,NULL,'2020-04-25 12:13:18'),(747,'19 01 12 Cinzas e escórias não abrangidas em 19 01 11',NULL,NULL,NULL,'2020-04-25 12:13:18'),(748,'19 01 13 (*) Cinzas voláteis contendo substâncias perigosas',NULL,NULL,NULL,'2020-04-25 12:13:18'),(749,'19 01 14 Cinzas voláteis não abrangidas em 19 01 13',NULL,NULL,NULL,'2020-04-25 12:13:18'),(750,'19 01 15 (*) Cinzas de caldeiras contendo substâncias perigosas',NULL,NULL,NULL,'2020-04-25 12:13:18'),(751,'19 01 16 Cinzas de caldeiras não abrangidas em 19 01 15',NULL,NULL,NULL,'2020-04-25 12:13:18'),(752,'19 01 17 (*) Resíduos de pirólise contendo substâncias perigosas',NULL,NULL,NULL,'2020-04-25 12:13:18'),(753,'19 01 18 Resíduos de pirólise não abrangidos em 19 01 17',NULL,NULL,NULL,'2020-04-25 12:13:18'),(754,'19 01 19 Areias de leitos fluidizados',NULL,NULL,NULL,'2020-04-25 12:13:18'),(755,'19 01 99 Outros resíduos não anteriormente especificados',NULL,NULL,NULL,'2020-04-25 12:13:18'),(756,'19 02 03 Misturas de resíduos contendo apenas resíduos não perigosos',NULL,NULL,NULL,'2020-04-25 12:13:19'),(757,'19 02 04 (*) Misturas de resíduos contendo, pelo menos, um resíduo perigoso',NULL,NULL,NULL,'2020-04-25 12:13:19'),(758,'19 02 05 (*) Lodos de tratamento físico-químico contendo substâncias perigosas',NULL,NULL,NULL,'2020-04-25 12:13:19'),(759,'19 02 06 Lodos de tratamento físico-químico não abrangidas em 19 02 05',NULL,NULL,NULL,'2020-04-25 12:13:19'),(760,'19 02 07 (*) Óleos e concentrados da separação',NULL,NULL,NULL,'2020-04-25 12:13:19'),(761,'19 02 08 (*) Resíduos combustíveis líquidos contendo substâncias perigosas',NULL,NULL,NULL,'2020-04-25 12:13:19'),(762,'19 02 09 (*) Resíduos combustíveis sólidos contendo substâncias perigosas',NULL,NULL,NULL,'2020-04-25 12:13:19'),(763,'19 02 10 Resíduos combustíveis não abrangidos em 19 02 08 e 19 02 09',NULL,NULL,NULL,'2020-04-25 12:13:19'),(764,'19 02 11 (*) Outros resíduos contendo substâncias perigosas',NULL,NULL,NULL,'2020-04-25 12:13:19'),(765,'19 02 99 Outros resíduos não anteriormente especificados',NULL,NULL,NULL,'2020-04-25 12:13:19'),(766,'19 03 04 (*) Resíduos assinalados como perigosos, parcialmente estabilizados',NULL,NULL,NULL,'2020-04-25 12:13:19'),(767,'19 03 05 Resíduos estabilizados não abrangidos em 19 03 04',NULL,NULL,NULL,'2020-04-25 12:13:19'),(768,'19 03 06 (*) Resíduos assinalados como perigosos, solidificados',NULL,NULL,NULL,'2020-04-25 12:13:19'),(769,'19 03 07 Resíduos solidificados não abrangidos em 19 03 06',NULL,NULL,NULL,'2020-04-25 12:13:19'),(770,'19 04 01 Resíduos vitrificados',NULL,NULL,NULL,'2020-04-25 12:13:19'),(771,'19 04 02 (*) Cinzas voláteis e outros resíduos do tratamento de gases de combustão',NULL,NULL,NULL,'2020-04-25 12:13:19'),(772,'19 04 03 (*) Fase sólida não vitrificada',NULL,NULL,NULL,'2020-04-25 12:13:19'),(773,'19 04 04 Resíduos líquidos aquosos da têmpera de resíduos vitrificados',NULL,NULL,NULL,'2020-04-25 12:13:19'),(774,'19 05 01 Fração não compostada de resíduos urbanos e equiparados',NULL,NULL,NULL,'2020-04-25 12:13:19'),(775,'19 05 02 Fração não compostada de resíduos animais e vegetais',NULL,NULL,NULL,'2020-04-25 12:13:19'),(776,'19 05 03 Composto fora de especificação',NULL,NULL,NULL,'2020-04-25 12:13:19'),(777,'19 05 99 Outros resíduos não anteriormente especificados',NULL,NULL,NULL,'2020-04-25 12:13:19'),(778,'19 06 03 Lodo do tratamento anaeróbio de resíduos urbanos e equiparados',NULL,NULL,NULL,'2020-04-25 12:13:19'),(779,'19 06 04 Lamas e lodos de digestores de tratamento anaeróbio de resíduos urbanos e equiparados',NULL,NULL,NULL,'2020-04-25 12:13:19'),(780,'19 06 05 Lodo do tratamento anaeróbio de resíduos animais e vegetais',NULL,NULL,NULL,'2020-04-25 12:13:19'),(781,'19 06 06 Lamas e lodos de digestores de tratamento anaeróbio de resíduos animais e vegetais',NULL,NULL,NULL,'2020-04-25 12:13:19'),(782,'19 06 99 Outros resíduos não anteriormente especificados',NULL,NULL,NULL,'2020-04-25 12:13:19'),(783,'19 07 02 (*) Lixiviados ou líquidos percolados de aterros contendo substâncias perigosas',NULL,NULL,NULL,'2020-04-25 12:13:19'),(784,'19 07 03 Lixiviados ou líquidos percolados de aterros não abrangidos em 19 07 02',NULL,NULL,NULL,'2020-04-25 12:13:19'),(785,'19 08 01 Resíduos retirados da fase de gradeamento',NULL,NULL,NULL,'2020-04-25 12:13:19'),(786,'19 08 02 Resíduos do desarenamento',NULL,NULL,NULL,'2020-04-25 12:13:19'),(787,'19 08 05 Lodos do tratamento de efluentes urbanos',NULL,NULL,NULL,'2020-04-25 12:13:19'),(788,'19 08 06 (*) Resinas de troca iônica, saturadas ou usadas',NULL,NULL,NULL,'2020-04-25 12:13:19'),(789,'19 08 07 (*) Soluções e lodos da regeneração de colunas de permuta iônica',NULL,NULL,NULL,'2020-04-25 12:13:19'),(790,'19 08 08 (*) Resíduos de sistemas de membranas contendo metais pesados',NULL,NULL,NULL,'2020-04-25 12:13:19'),(791,'19 08 09 Misturas de gorduras e óleos, da separação óleo/água, contendo apenas óleos e gorduras alimentares',NULL,NULL,NULL,'2020-04-25 12:13:19'),(792,'19 08 10 (*) Misturas de gorduras e óleos, da separação óleo/água, não abrangidas em 19 08 09',NULL,NULL,NULL,'2020-04-25 12:13:19'),(793,'19 08 11 (*) Lodos do tratamento biológico de efluentes industriais contendo substâncias perigosas',NULL,NULL,NULL,'2020-04-25 12:13:19'),(794,'19 08 12 Lodos do tratamento biológico de efluentes industriais não abrangidas em 19 08 11',NULL,NULL,NULL,'2020-04-25 12:13:19'),(795,'19 08 13 (*) Lodos de outros tratamentos de efluentes industriais contendo substâncias perigosas',NULL,NULL,NULL,'2020-04-25 12:13:19'),(796,'19 08 14 Lodos de outros tratamentos de efluentes industriais não abrangidas em 19 08 13',NULL,NULL,NULL,'2020-04-25 12:13:19'),(797,'19 08 99 Outros resíduos não anteriormente especificados',NULL,NULL,NULL,'2020-04-25 12:13:19'),(798,'19 09 01 Resíduos retirados da fase de gradeamento',NULL,NULL,NULL,'2020-04-25 12:13:19'),(799,'19 09 02 Lodos de clarificação da água',NULL,NULL,NULL,'2020-04-25 12:13:19'),(800,'19 09 03 Lodos de descarbonatação',NULL,NULL,NULL,'2020-04-25 12:13:19'),(801,'19 09 04 Carvão ativado usado',NULL,NULL,NULL,'2020-04-25 12:13:19'),(802,'19 09 05 Resinas de troca iônica, saturadas ou usadas',NULL,NULL,NULL,'2020-04-25 12:13:19'),(803,'19 09 06 Soluções e lodos da regeneração de colunas de troca iônica',NULL,NULL,NULL,'2020-04-25 12:13:19'),(804,'19 09 99 Outros resíduos não anteriormente especificados',NULL,NULL,NULL,'2020-04-25 12:13:19'),(805,'19 10 01 Resíduos de ferro ou aço',NULL,NULL,NULL,'2020-04-25 12:13:19'),(806,'19 10 02 Resíduos não ferrosos',NULL,NULL,NULL,'2020-04-25 12:13:19'),(807,'19 10 03 (*) Frações leves e poeiras contendo substâncias perigosas',NULL,NULL,NULL,'2020-04-25 12:13:19'),(808,'19 10 04 Frações leves e poeiras não abrangidas em 19 10 03',NULL,NULL,NULL,'2020-04-25 12:13:20'),(809,'19 10 05 (*) Outras frações contendo substâncias perigosas',NULL,NULL,NULL,'2020-04-25 12:13:20'),(810,'19 10 06 Outras frações não abrangidas em 19 10 05',NULL,NULL,NULL,'2020-04-25 12:13:20'),(811,'19 11 01 (*) Argilas de filtração usadas',NULL,NULL,NULL,'2020-04-25 12:13:20'),(812,'19 11 02 (*) Borras ácidas',NULL,NULL,NULL,'2020-04-25 12:13:20'),(813,'19 11 03 (*) Resíduos líquidos aquosos',NULL,NULL,NULL,'2020-04-25 12:13:20'),(814,'19 11 04 (*) Resíduos da limpeza de combustíveis com bases',NULL,NULL,NULL,'2020-04-25 12:13:20'),(815,'19 11 05 (*) Lodos do tratamento local de efluentes contendo substâncias perigosas',NULL,NULL,NULL,'2020-04-25 12:13:20'),(816,'19 11 06 Lodos do tratamento local de efluentes não abrangidas em 19 11 05',NULL,NULL,NULL,'2020-04-25 12:13:20'),(817,'19 11 07 (*) Resíduos da limpeza de gases de combustão',NULL,NULL,NULL,'2020-04-25 12:13:20'),(818,'19 11 99 Outros resíduos não anteriormente especificados',NULL,NULL,NULL,'2020-04-25 12:13:20'),(819,'19 12 01 Papel e cartão',NULL,NULL,NULL,'2020-04-25 12:13:20'),(820,'19 12 02 Metais ferrosos',NULL,NULL,NULL,'2020-04-25 12:13:20'),(821,'19 12 03 Metais não ferrosos',NULL,NULL,NULL,'2020-04-25 12:13:20'),(822,'19 12 04 Plásticos',NULL,NULL,NULL,'2020-04-25 12:13:20'),(823,'19 12 05 Vidro',NULL,NULL,NULL,'2020-04-25 12:13:20'),(824,'19 12 06 (*) Madeira contendo substâncias perigosas',NULL,NULL,NULL,'2020-04-25 12:13:20'),(825,'19 12 07 Madeira não abrangida em 19 12 06',NULL,NULL,NULL,'2020-04-25 12:13:20'),(826,'19 12 08 Têxteis',NULL,NULL,NULL,'2020-04-25 12:13:20'),(827,'19 12 09 Substâncias minerais (por exemplo, areia, rochas)',NULL,NULL,NULL,'2020-04-25 12:13:20'),(828,'19 12 10 Resíduos combustíveis (combustíveis derivados de resíduos)',NULL,NULL,NULL,'2020-04-25 12:13:20'),(829,'19 12 11 Borrachas',NULL,NULL,NULL,'2020-04-25 12:13:20'),(830,'19 12 12 (*) Outros resíduos (incluindo misturas de materiais) do tratamento mecânico de resíduos contendo substâncias perigosas',NULL,NULL,NULL,'2020-04-25 12:13:20'),(831,'19 12 13 Outros resíduos (incluindo misturas de materiais) do tratamento mecânico de resíduos não abrangidos em 19 12 12',NULL,NULL,NULL,'2020-04-25 12:13:20'),(832,'19 13 01 (*) Resíduos sólidos da descontaminação de solos contendo substâncias perigosas',NULL,NULL,NULL,'2020-04-25 12:13:20'),(833,'19 13 02 Resíduos sólidos da descontaminação de solos não abrangidos em 19 13 01',NULL,NULL,NULL,'2020-04-25 12:13:20'),(834,'19 13 03 (*) Lodos da descontaminação de solos contendo substâncias perigosas',NULL,NULL,NULL,'2020-04-25 12:13:20'),(835,'19 13 04 Lodos da descontaminação de solos não abrangidas em 19 13 03',NULL,NULL,NULL,'2020-04-25 12:13:20'),(836,'19 13 05 (*) Lodos da descontaminação de águas freáticas contendo substâncias perigosas',NULL,NULL,NULL,'2020-04-25 12:13:20'),(837,'19 13 06 Lodos da descontaminação de águas freáticas não abrangidas em 19 13 05',NULL,NULL,NULL,'2020-04-25 12:13:20'),(838,'19 13 07 (*) Resíduos líquidos aquosos e concentrados aquosos da descontaminação de águas freáticas contendo substâncias perigosas',NULL,NULL,NULL,'2020-04-25 12:13:20'),(839,'19 13 08 Resíduos líquidos aquosos e concentrados aquosos da descontaminação de águas freáticas não abrangidos em 19 13 07',NULL,NULL,NULL,'2020-04-25 12:13:20'),(840,'20 01 01 Papel e cartão',NULL,NULL,NULL,'2020-04-25 12:13:20'),(841,'20 01 02 Vidro',NULL,NULL,NULL,'2020-04-25 12:13:20'),(842,'20 01 08 Resíduos biodegradáveis de cozinhas e cantinas',NULL,NULL,NULL,'2020-04-25 12:13:20'),(843,'20 01 10 Roupas',NULL,NULL,NULL,'2020-04-25 12:13:20'),(844,'20 01 11 Têxteis',NULL,NULL,NULL,'2020-04-25 12:13:20'),(845,'20 01 13 (*) Solventes',NULL,NULL,NULL,'2020-04-25 12:13:20'),(846,'20 01 14 (*) Ácidos',NULL,NULL,NULL,'2020-04-25 12:13:20'),(847,'20 01 15 (*) Resíduos alcalinos',NULL,NULL,NULL,'2020-04-25 12:13:20'),(848,'20 01 17 (*) Produtos químicos para fotografia',NULL,NULL,NULL,'2020-04-25 12:13:20'),(849,'20 01 19 (*) Pesticidas',NULL,NULL,NULL,'2020-04-25 12:13:20'),(850,'20 01 21 (*) Lâmpadas fluorescentes, de vapor de sódio e mercúrio e de luz mista',NULL,NULL,NULL,'2020-04-25 12:13:20'),(851,'20 01 23 (*) Produtos eletroeletrônicos fora de uso contendo clorofluorcarbonetos',NULL,NULL,NULL,'2020-04-25 12:13:20'),(852,'20 01 25 Óleos e gorduras alimentares',NULL,NULL,NULL,'2020-04-25 12:13:20'),(853,'20 01 26 (*) Óleos e gorduras não abrangidos em 20 01 25',NULL,NULL,NULL,'2020-04-25 12:13:20'),(854,'20 01 27 (*) Tintas, produtos adesivos, colas e resinas contendo substâncias perigosas',NULL,NULL,NULL,'2020-04-25 12:13:20'),(855,'20 01 28 Tintas, produtos adesivos, colas e resinas não abrangidos em 20 01 27',NULL,NULL,NULL,'2020-04-25 12:13:20'),(856,'20 01 29 (*) Detergentes contendo substâncias perigosas',NULL,NULL,NULL,'2020-04-25 12:13:21'),(857,'20 01 30 Detergentes não abrangidos em 20 01 29',NULL,NULL,NULL,'2020-04-25 12:13:21'),(858,'20 01 31 (*) Medicamentos citotóxicos e citostáticos',NULL,NULL,NULL,'2020-04-25 12:13:21'),(859,'20 01 32 Medicamentos não abrangidos em 20 01 31',NULL,NULL,NULL,'2020-04-25 12:13:21'),(860,'20 01 33 (*) Pilhas e acumuladores abrangidos em 16 06 01, 16 06 02 ou 16 06 03 e pilhas e acumuladores não separados contendo essas pilhas ou acumuladores',NULL,NULL,NULL,'2020-04-25 12:13:21'),(861,'20 01 34 Pilhas e acumuladores não abrangidos em 20 01 33',NULL,NULL,NULL,'2020-04-25 12:13:21'),(862,'20 01 35 (*) Produtos eletroeletrônicos e seus componentes fora de uso não abrangido em 20 01 21 ou 20 01 23 contendo componentes perigosos (6 )',NULL,NULL,NULL,'2020-04-25 12:13:21'),(863,'20 01 36 Produtos eletroeletrônicos e seus componentes fora de uso não abrangido em 20 01 21, 20 01 23 ou 20 01 35',NULL,NULL,NULL,'2020-04-25 12:13:21'),(864,'20 01 37 (*) Madeira contendo substâncias perigosas',NULL,NULL,NULL,'2020-04-25 12:13:21'),(865,'20 01 38 Madeira não abrangida em 20 01 37',NULL,NULL,NULL,'2020-04-25 12:13:21'),(866,'20 01 39 Plásticos',NULL,NULL,NULL,'2020-04-25 12:13:21'),(867,'20 01 40 Metais',NULL,NULL,NULL,'2020-04-25 12:13:21'),(868,'20 01 41 Resíduos da limpeza de chaminés',NULL,NULL,NULL,'2020-04-25 12:13:21'),(869,'20 01 99 Outras frações não anteriormente especificadas',NULL,NULL,NULL,'2020-04-25 12:13:21'),(870,'20 02 01 Resíduos de varrição, limpeza de logradouros e vias públicas e outros serviços de limpeza urbana biodegradáveis',NULL,NULL,NULL,'2020-04-25 12:13:21'),(871,'20 02 02 Terras e pedras',NULL,NULL,NULL,'2020-04-25 12:13:21'),(872,'20 02 03 Outros resíduos de varrição, limpeza de logradouros e vias públicas e outros serviços de limpeza urbana não biodegradáveis',NULL,NULL,NULL,'2020-04-25 12:13:21'),(873,'20 03 01 Outros resíduos urbanos e equiparados, incluindo misturas de resíduos',NULL,NULL,NULL,'2020-04-25 12:13:21'),(874,'20 03 02 Resíduos de mercados públicos e feiras',NULL,NULL,NULL,'2020-04-25 12:13:21'),(875,'20 03 03 Resíduos da limpeza de ruas e de galerias de drenagem pluvial',NULL,NULL,NULL,'2020-04-25 12:13:21'),(876,'20 03 04 Lodos de fossas sépticas',NULL,NULL,NULL,'2020-04-25 12:13:21'),(877,'20 03 06 Resíduos da limpeza de esgotos, bueiros e bocas-de-lobo',NULL,NULL,NULL,'2020-04-25 12:13:21'),(878,'20 03 99 Resíduos urbanos e equiparados não anteriormente especificados',NULL,NULL,NULL,'2020-04-25 12:13:21'),(879,'123',NULL,NULL,1,'2020-04-26 10:27:38'),(880,'5198',NULL,NULL,1,'2020-04-26 10:27:38'),(881,'1245',NULL,NULL,1,'2020-04-26 10:27:38'),(882,'Lacres','02','Reciclagem',1,'2020-04-26 10:43:49'),(883,'Filtro de óleo de ferro','01','Segregação',1,'2020-05-13 17:02:26'),(884,'Contaminado com óleo e graxa','01','Blendagem',1,'2020-05-13 17:03:10'),(885,'Sucata','02','Reciclagem',1,'2020-05-21 12:18:13');
/*!40000 ALTER TABLE `residuo` ENABLE KEYS */;
UNLOCK TABLES;

--
-- Table structure for table `responsavel`
--

DROP TABLE IF EXISTS `responsavel`;
/*!40101 SET @saved_cs_client     = @@character_set_client */;
/*!40101 SET character_set_client = utf8 */;
CREATE TABLE `responsavel` (
  `id` int(10) unsigned NOT NULL AUTO_INCREMENT,
  `module` varchar(100) NOT NULL,
  `moduleId` int(10) unsigned NOT NULL,
  `responsavelId` int(10) unsigned NOT NULL,
  PRIMARY KEY (`id`)
) ENGINE=InnoDB AUTO_INCREMENT=8667 DEFAULT CHARSET=latin1;
/*!40101 SET character_set_client = @saved_cs_client */;

--
-- Dumping data for table `responsavel`
--

LOCK TABLES `responsavel` WRITE;
/*!40000 ALTER TABLE `responsavel` DISABLE KEYS */;
INSERT INTO `responsavel` VALUES (4,'orcamento',6,1),(6,'orcamento',8,1),(8,'orcamento',2,1),(94,'orcamento',6,1),(96,'orcamento',8,1),(98,'orcamento',2,1),(235,'orcamento',1,4),(330,'protocolo',19,1),(333,'vistoria',5,1),(334,'vistoria',5,4),(561,'projeto-quadro-coluna-item-participantes',2,1),(562,'calendario-evento',3,1),(563,'calendario-evento',3,5),(564,'calendario-evento',3,8),(577,'calendario-evento',4,5),(578,'calendario-evento',4,8),(597,'calendario-evento',5,1),(598,'calendario-evento',5,5),(599,'calendario-evento',6,1),(600,'calendario-evento',6,5),(609,'calendario-evento',7,1),(610,'calendario-evento',7,5),(678,'orcamento',15,5),(695,'calendario-evento',8,1),(696,'calendario-evento',8,5),(701,'calendario-evento',9,1),(702,'calendario-evento',9,5),(712,'calendario-evento',10,1),(713,'calendario-evento',10,5),(715,'projeto-quadro-coluna-item-participantes',5,5),(948,'condicionante',62,1),(985,'projeto-quadro-coluna-item-participantes',6,8),(992,'projeto-quadro-coluna-item-participantes',1,1),(993,'projeto-quadro-coluna-item-participantes',1,5),(994,'projeto-quadro-coluna-item-participantes',9,1),(1037,'projeto-quadro-coluna-item-participantes',8,1),(1094,'protocolo',23,1),(1192,'calendario-evento',11,1),(1193,'calendario-evento',11,5),(1199,'calendario-evento',12,1),(1200,'calendario-evento',12,5),(1244,'projeto-quadro-coluna-item-participantes',12,5),(1261,'calendario-evento',13,1),(1264,'protocolo',20,1),(1267,'vistoria',6,1),(1278,'projeto-participantes',4,1),(1279,'projeto-participantes',4,5),(1285,'calendario-evento',15,1),(1341,'calendario-evento',16,1),(1342,'calendario-evento',16,5),(1368,'projeto-quadro-coluna-item-participantes',14,1),(1377,'calendario-evento',17,9),(1404,'calendario-evento',18,1),(1405,'calendario-evento',18,5),(1406,'cliente',35,5),(1415,'condicionante',104,5),(1496,'condicionante',70,5),(1497,'condicionante',71,5),(1509,'calendario-evento',19,1),(1510,'calendario-evento',19,5),(1886,'calendario-evento',20,1),(2848,'licenca',38,9),(2873,'calendario-evento',21,1),(2874,'calendario-evento',21,8),(2875,'calendario-evento',21,9),(2970,'cliente',48,10),(2971,'empreendimento',14,10),(2993,'projeto-quadro-coluna-item-participantes',40,10),(3135,'vistoria',16,1),(3148,'calendario-evento',23,1),(3197,'condicionante',19,5),(3198,'condicionante',65,5),(3276,'cliente',49,1),(3277,'licenca',44,9),(3278,'licenca',44,10),(3447,'oficio',6,1),(3490,'orcamento',32,11),(3495,'cliente',50,11),(3496,'empreendimento',15,11),(3502,'cliente',51,11),(3503,'licenca',45,11),(3504,'condicionante',130,11),(3507,'cliente',52,11),(3510,'orcamento',34,11),(3518,'licenca',40,1),(3519,'condicionante',113,1),(3520,'condicionante',114,8),(3521,'condicionante',127,9),(3674,'licenca',41,1),(3675,'condicionante',115,9),(3676,'condicionante',117,9),(3677,'condicionante',118,1),(3678,'condicionante',118,5),(3679,'condicionante',118,9),(3680,'condicionante',125,1),(4608,'cliente',5,1),(4611,'protocolo',15,1),(4612,'protocolo',17,1),(4614,'oficio',4,1),(4615,'vistoria',3,1),(4616,'vistoria',4,1),(4618,'mtr',4,1),(4619,'mtr',8,1),(4620,'mtr',15,1),(4621,'mtr',16,1),(4622,'mtr',18,1),(4623,'mtr',19,1),(4624,'mtr',31,1),(4625,'licenca',14,1),(4626,'licenca',11,1),(4627,'licenca',13,1),(4628,'condicionante',44,1),(4629,'condicionante',46,1),(4630,'condicionante',47,1),(4631,'condicionante',48,1),(4632,'condicionante',49,1),(4633,'condicionante',50,1),(4634,'condicionante',51,1),(4635,'condicionante',52,1),(4636,'condicionante',53,1),(4637,'condicionante',54,1),(4638,'condicionante',55,1),(4639,'condicionante',56,1),(4640,'condicionante',57,1),(4641,'condicionante',58,1),(4642,'condicionante',59,1),(4643,'cliente',6,11),(4645,'mtr',13,11),(4646,'mtr',14,11),(4647,'mtr',21,11),(4648,'mtr',22,11),(4649,'mtr',23,11),(4650,'mtr',24,11),(4651,'mtr',25,11),(4652,'mtr',26,11),(4653,'mtr',27,11),(4654,'mtr',28,11),(4655,'mtr',29,11),(4656,'mtr',30,11),(4758,'cliente',7,11),(4759,'orcamento',19,11),(4760,'cliente',8,5),(4762,'cliente',11,4),(4763,'cliente',11,11),(4766,'cliente',13,5),(4767,'protocolo',18,5),(4768,'cliente',4,1),(4769,'protocolo',10,1),(4773,'cr',5,1),(4774,'mtr',2,1),(4775,'mtr',3,1),(4777,'licenca',10,1),(4778,'licenca',2,1),(4779,'condicionante',4,1),(4780,'condicionante',5,1),(4781,'condicionante',29,1),(4782,'condicionante',30,1),(4783,'condicionante',31,1),(4784,'condicionante',34,1),(4785,'condicionante',35,1),(4786,'condicionante',36,1),(4787,'condicionante',37,1),(4788,'condicionante',40,1),(4789,'condicionante',41,1),(4790,'cliente',14,8),(4791,'licenca',19,8),(4792,'condicionante',68,8),(4793,'condicionante',69,8),(4795,'empreendimento',3,11),(4796,'empreendimento',5,1),(4815,'cliente',20,5),(4816,'cliente',10,9),(4817,'orcamento',24,9),(4821,'licenca',17,9),(4822,'licenca',23,9),(4823,'condicionante',66,9),(4824,'condicionante',79,9),(4825,'cliente',46,11),(4826,'cliente',47,9),(4829,'empreendimento',10,11),(4834,'empreendimento',11,11),(4838,'licenca',46,11),(4839,'condicionante',131,5),(4840,'condicionante',131,11),(4841,'condicionante',132,1),(4844,'protocolo',12,1),(4849,'protocolo',24,9),(4858,'vistoria',18,8),(5153,'cliente',55,11),(5158,'cliente',56,11),(5159,'protocolo',26,11),(5163,'orcamento',30,1),(5273,'orcamento',31,9),(5274,'projeto-quadro-coluna-item-participantes',10,1),(5635,'cliente',57,11),(5636,'cliente',58,11),(5643,'orcamento',35,11),(7272,'cliente',59,11),(7292,'licenca',48,9),(7293,'licenca',48,11),(7294,'condicionante',147,11),(7295,'condicionante',148,11),(7300,'cliente',60,11),(7302,'empreendimento',17,11),(7313,'licenca',49,11),(7314,'condicionante',151,11),(7315,'condicionante',152,1),(7316,'condicionante',153,11),(7317,'condicionante',154,11),(7318,'condicionante',155,11),(7366,'oficio',2,1),(7421,'licenca',27,1),(7422,'condicionante',83,9),(7423,'condicionante',103,1),(7493,'cr',8,11),(7496,'cr',4,1),(7521,'vistoria',12,1),(7568,'mtr',5,1),(7827,'cliente',1,5),(7828,'empreendimento',2,5),(7829,'empreendimento',6,5),(7830,'empreendimento',7,5),(7831,'empreendimento',8,5),(7832,'empreendimento',9,5),(7833,'orcamento',3,5),(7835,'orcamento',9,5),(7836,'orcamento',10,5),(7837,'orcamento',11,5),(7838,'orcamento',12,5),(7839,'orcamento',13,5),(7840,'orcamento',14,5),(7841,'orcamento',16,5),(7842,'orcamento',18,5),(7843,'orcamento',20,5),(7844,'orcamento',21,5),(7845,'orcamento',25,5),(7846,'orcamento',26,5),(7847,'orcamento',27,5),(7848,'orcamento',28,5),(7849,'orcamento',29,5),(7850,'protocolo',1,5),(7851,'protocolo',3,5),(7852,'protocolo',4,5),(7853,'protocolo',5,5),(7854,'protocolo',6,5),(7855,'protocolo',8,5),(7856,'protocolo',21,5),(7858,'protocolo',25,5),(7860,'oficio',3,5),(7861,'cr',1,5),(7862,'cr',6,5),(7863,'cr',7,5),(7864,'vistoria',1,5),(7865,'vistoria',2,5),(7866,'vistoria',8,5),(7867,'vistoria',10,5),(7869,'mtr',1,5),(7870,'mtr',6,5),(7871,'mtr',7,5),(7872,'mtr',12,5),(7873,'mtr',32,5),(7874,'mtr',33,5),(7877,'licenca',20,5),(7879,'licenca',4,5),(7880,'licenca',12,5),(7881,'licenca',9,5),(7882,'licenca',18,5),(7883,'licenca',8,5),(7884,'licenca',7,5),(7885,'licenca',22,5),(7886,'licenca',21,5),(7887,'licenca',28,5),(7892,'condicionante',7,5),(7893,'condicionante',10,5),(7894,'condicionante',11,5),(7895,'condicionante',12,5),(7899,'condicionante',18,5),(7900,'condicionante',38,5),(7901,'condicionante',39,5),(7902,'condicionante',42,5),(7903,'condicionante',43,5),(7904,'condicionante',45,5),(7907,'condicionante',67,5),(7908,'condicionante',73,5),(7909,'condicionante',74,5),(7910,'condicionante',75,5),(7911,'condicionante',76,5),(7912,'condicionante',77,5),(7913,'condicionante',78,5),(7914,'condicionante',84,5),(7942,'licenca',15,5),(7943,'condicionante',60,5),(7944,'condicionante',61,5),(7945,'condicionante',108,5),(7946,'condicionante',109,5),(7947,'condicionante',124,5),(8307,'projeto-quadro-coluna-item-participantes',37,5),(8310,'empreendimento',1,1),(8352,'condicionante',87,9),(8353,'condicionante',92,9),(8354,'condicionante',93,9),(8359,'orcamento',33,11),(8362,'vistoria',21,4),(8363,'vistoria',21,11),(8370,'protocolo',22,5),(8371,'protocolo',11,1),(8464,'protocolo',27,11),(8484,'oficio',1,5),(8487,'licenca',33,5),(8488,'condicionante',89,5),(8489,'condicionante',96,5),(8490,'condicionante',97,5),(8491,'condicionante',98,5),(8492,'condicionante',99,5),(8493,'condicionante',100,5),(8494,'condicionante',101,5),(8495,'condicionante',102,5),(8496,'condicionante',128,5),(8497,'condicionante',129,5),(8498,'condicionante',86,9),(8499,'condicionante',94,9),(8500,'condicionante',95,9),(8522,'projeto-quadro-coluna-item-participantes',11,1),(8523,'projeto-quadro-coluna-item-participantes',11,5),(8532,'projeto-quadro-coluna-item-participantes',43,9),(8533,'projeto-quadro-coluna-item-participantes',18,1),(8535,'cliente',38,1),(8536,'vistoria',19,1),(8537,'licenca',37,1),(8538,'condicionante',110,1),(8540,'mtr',37,4),(8541,'mtr',37,11),(8542,'cliente',2,1),(8543,'cliente',2,11),(8546,'orcamento',22,1),(8547,'orcamento',22,11),(8548,'orcamento',23,1),(8549,'orcamento',23,11),(8550,'protocolo',2,1),(8551,'protocolo',2,11),(8552,'protocolo',7,1),(8553,'protocolo',7,11),(8554,'protocolo',9,1),(8555,'protocolo',9,11),(8556,'protocolo',13,1),(8557,'protocolo',13,11),(8558,'protocolo',16,1),(8559,'protocolo',16,11),(8560,'oficio',7,1),(8561,'oficio',7,11),(8562,'cr',2,1),(8563,'cr',2,11),(8564,'vistoria',7,1),(8565,'vistoria',7,11),(8566,'vistoria',9,1),(8567,'vistoria',9,11),(8568,'mtr',9,1),(8569,'mtr',9,11),(8570,'mtr',11,1),(8571,'mtr',11,11),(8572,'mtr',38,1),(8573,'mtr',38,11),(8574,'licenca',5,1),(8575,'licenca',5,11),(8576,'licenca',6,1),(8577,'licenca',6,11),(8578,'condicionante',8,1),(8579,'condicionante',8,11),(8580,'condicionante',9,1),(8581,'condicionante',9,11),(8582,'condicionante',23,1),(8583,'condicionante',23,11),(8584,'condicionante',24,1),(8585,'condicionante',24,11),(8586,'condicionante',25,1),(8587,'condicionante',25,11),(8588,'cliente',54,11),(8589,'empreendimento',16,11),(8609,'projeto-quadro-coluna-item-participantes',17,1),(8611,'projeto-quadro-coluna-item-participantes',39,1),(8613,'projeto-quadro-coluna-item-participantes',16,5),(8615,'vistoria',11,1),(8616,'vistoria',11,5),(8633,'licenca',47,11),(8634,'condicionante',133,11),(8635,'condicionante',134,11),(8636,'condicionante',135,11),(8637,'condicionante',136,11),(8638,'condicionante',137,11),(8639,'condicionante',138,11),(8640,'condicionante',139,11),(8641,'condicionante',140,11),(8642,'condicionante',141,11),(8643,'condicionante',142,11),(8644,'condicionante',143,11),(8645,'condicionante',144,11),(8646,'condicionante',145,11),(8647,'condicionante',146,11),(8648,'condicionante',157,11),(8649,'vistoria',14,5),(8650,'mtr',35,5),(8653,'licenca',39,5),(8654,'condicionante',112,11),(8655,'projeto-quadro-coluna-item-participantes',15,1),(8656,'orcamento',4,5),(8657,'licenca',1,5),(8658,'condicionante',1,5),(8659,'condicionante',2,5),(8660,'condicionante',3,5),(8661,'condicionante',13,5),(8662,'condicionante',14,5),(8663,'condicionante',15,5),(8664,'orcamento',17,1),(8665,'orcamento',17,11),(8666,'orcamento',17,12);
/*!40000 ALTER TABLE `responsavel` ENABLE KEYS */;
UNLOCK TABLES;

--
-- Table structure for table `tooltipinfo`
--

DROP TABLE IF EXISTS `tooltipinfo`;
/*!40101 SET @saved_cs_client     = @@character_set_client */;
/*!40101 SET character_set_client = utf8 */;
CREATE TABLE `tooltipinfo` (
  `id` int(10) unsigned NOT NULL AUTO_INCREMENT,
  `identificador` varchar(255) NOT NULL,
  `texto` text NOT NULL,
  PRIMARY KEY (`id`)
) ENGINE=InnoDB AUTO_INCREMENT=59 DEFAULT CHARSET=latin1;
/*!40101 SET character_set_client = @saved_cs_client */;

--
-- Dumping data for table `tooltipinfo`
--

LOCK TABLES `tooltipinfo` WRITE;
/*!40000 ALTER TABLE `tooltipinfo` DISABLE KEYS */;
INSERT INTO `tooltipinfo` VALUES (1,'orcamentoObservacoes','Informações que não vão para o PDF, utilize para controle interno.'),(2,'orcamentoControlePagamentos','Gerencie os pagamentos esperados do cliente. A Data de vencimento é o dia esperado para o pagamento, a Data de pagamento é o dia que o pagamento foi realizado.'),(3,'orcamentoTotalPagamentos','Exibe o valor total dos valores inseridos no Controle de pagamentos.'),(4,'orcamentoSecoes','Apresentado no início do PDF logo abaixo dos dados da empresa.'),(5,'orcamentoItens','Apresentado em um quadro, com somatório, logo abaixo das Seções do orçamento.'),(6,'orcamentoObservacoesItens','Linha abaixo do quadro com os itens/serviços.'),(7,'orcamentoDescontoTotal','Este desconto é aplicado ao orçamento inteiro.'),(8,'orcamentoCondicoesFormaPagamento','Apresentado logo após o quadro com os itens do orçamento do PDF.'),(9,'responsavelEmail','O alerta via e-mail será enviado apenas para o responsável, caso não seja selecionado será encaminhado para todos os usuários.'),(10,'licencaSelect','Licenças da empresa selecionada, caso não apareça nenhuma certifique-se de que uma empresa foi selecionada e que ela possui licenças.'),(11,'responsavelVistoria','Estes usuários aparecerão como responsáveis técnicos na impressão da vistoria.'),(12,'orcamentoColunaPagamentos','O primeiro número é a quantidade de vencimentos e o segundo os pagamentos realizados. Caso a quantidade de pagamentos seja maior que vencimentos a coluna fica verde.'),(13,'orcamentoColunaTotal','Valor total dos itens do orçamento com o desconto aplicado.'),(14,'projetoTerminoEstimado','Esta data é exibida na capa do projeto.'),(15,'licencaColunaPrazos','Esta coluna exibe alertas de acordo com os prazos e alertas configurados nos cadastros.'),(16,'licencaEmpreendimento','Ao selecionar um empreendimento para esta licença, automaticamente definirá esta como a licença do empreendimento. Atenção: apenas os empreendimentos da empresa desta licença serão listados.'),(17,'licencaAlertaProtocolo','Selecione quantos dias antes da validade o protocolo deve ser realizado, o sistema calcula a data de protocolo automaticamente.'),(18,'licencaAlertaValidade','Selecione quantos dias antes da validade você precisa começar a trabalhar na renovação.'),(19,'alertaDataSincronizada','Você pode alterar o alerta para uma data específica. Este campo está sempre sincronizado com o campo de seleção de dias.'),(20,'protocoloColunaPrazos','Esta coluna exibe alertas de acordo com os prazos e alertas configurados nos cadastros.'),(21,'protocoloLink','Informe o link do processo no órgão ambiental e tenha acesso rápido ao procolo.'),(22,'oficioColunaPrazos','Esta coluna exibe alertas de acordo com o Prazo de resposta e alertas configurados nos cadastros.'),(23,'oficioNumeroSequencial','Defina qual será o número do próximo ofício criado. Ele será atualizado automaticamente quando criar um novo ofício. Caso a função permaneça desabilitada, o número seguirá o padrão do sistema.'),(24,'oficioEmpreendimento','Os dados do Empreendimento são utilizados para a geração do Documento PDF.'),(25,'oficioRedacao','Este texto será adicionado no corpo do PDF logo após a descrição do empreendimento.'),(26,'orcamentoNumeroSequencial','Defina qual será o número do próximo Orçamento criado. Ele será atualizado automaticamente quando criar um novo orçamento. Caso a função permaneça desabilitada, o número seguirá o padrão do sistema.'),(27,'crColunaPrazos','Esta coluna exibe alertas de acordo com os prazos e alertas configurados nos cadastros.'),(28,'crLogin','Deixar em branco para buscar CPNJ automaticamente.'),(29,'vistoriaChecklist','Selecione abaixo uma lista de itens previamente cadastrados no submenu Checklists, ou insira itens avulsos no botão \"Novo controle\".'),(30,'mtrNumeroSequencial','Defina qual será o número do próximo MTR criado. Ele será atualizado automaticamente quando criar um novo MTR. Caso a função permaneça desabilitada, o número seguirá o padrão do sistema.'),(31,'mtrNumeroSequencialCDA','Defina qual será o número do próximo Certificado de Armazenamento emitido. Ele será atualizado automaticamente quando emitir um novo CDA.'),(32,'mtrNumeroSequencialCDF','Defina qual será o número do próximo Certificado de Destinação Final emitido. Ele será atualizado automaticamente quando emitir um novo CDF.'),(33,'mtrMotorista','Novos motoristas são cadastrados no submenu Motoristas do MTR.'),(34,'mtrPersoDestinar','Esse campo será o valor destinado ao selecionar esse resíduo em uma emissão de CDF. Será automaticamente zerado após cada emissão.'),(35,'configuracaoAssinaturaTexto','A assinatura ficará salva apenas para o seu perfil.'),(36,'configuracaoAssinaturaImagem','É adicionada acima da linha da sua assinatura.'),(37,'configurcaoTamanhoImagens','Define quantas imagens serão impressas por linha no PDF.'),(38,'empreendimentoCopiarEmpresa','Selecione uma empresa e copie os dados dela para o formulário deste empreendimento.'),(39,'projetoModulo','Selecione um módulo, os documentos dele aparecerão ao lado.'),(40,'projetoItemTerminoEstimado','Esta data é exibida na capa do cartão.'),(41,'projetoItemSalvar','As informações são salvas automaticamente ao sair do cartão.'),(42,'condicionanteEntregaEmissao','Insira uma Data de entrega considerando dias a partir da emissão da licença.'),(43,'condicionanteEntregaRecorrente','Insira várias Datas de entrega de acordo com um período.'),(44,'condicionanteEntregaRecorrenteDiaMes','Esse será o dia em que a data de entrega será criada em cada recorrência.'),(45,'mtrCDFResiduos','São listados apenas os resíduos com Peso a destinar.'),(46,'contratoNumeroSequencial','Defina qual será o número do próximo Contrato criado. Ele será atualizado automaticamente quando criar uma nova empresa. Caso a função permaneça desabilitada, o número seguirá o padrão do sistema.'),(47,'impressaoCondicionantesCumpridas','\"Imprimir condicionantes cumpridas\". Essa opção mostrará as entregas cumpridas marcadas com a letra \"C\".'),(48,'documentosPedidoLicenca',' Esse botão irá baixar, em formato .ZIP, todos os documentos/arquivos presentes na aba Documentos.'),(49,'infoPermissaoAcesso','Essas opções apenas limitam os documentos que esse usuário consegue visualizar. A opção \"Por empresa\" é a permissão padrão, caso selecionada o usuário só poderá acessar documentos das empresas selecionadas no campo \"Empresas\". A opção \"Por responsável\" fará com que o usuário só possa acessar documentos que ele seja o responsável. \"Todos\" não aplica nenhuma limitação de acesso a documentos.'),(50,'infoPermissaoFuncao','Informe quais módulos do menu lateral o usuário poderá acessar.'),(51,'selectTabelaRelatorio','Esse elemento permite selecionar qual módulo você gostaria de poder selecionar suas opções.'),(52,'colunasDisponiveisRelatorio','Esse elemento de múltipla seleção permite que você escolha quais informações serão mostradas no relatório PDF diante do módulo escolhido anteriormente.'),(53,'tituloPdfRelatorio','Informação usada como título no arquivo PDF e nome do relatório.'),(54,'ordemRelatorio','Diante de qual coluna disponível e sentido você gostaria que o relatório fosse apresentado'),(55,'filtroRelatorio','Nessa aba é possível fazer o filtro das informações para que sejam mostradas somente aquelas que se encaixam nos parâmetros dos filtros. '),(56,'totalRelatorio','Aqui é possível descobrir o total de cada valor distinto para a coluna selecionada.'),(57,'agrupamentoRelatorio','Caso alguma forma de agrupamento seja escolhida as informações da tabela principal serão agrupadas.'),(58,'adicionalRelatorio','Essa opção permite que seja selecionado um módulo adicional de forma que suas informações ficarão amarradas com sua respectiva empresa.');
/*!40000 ALTER TABLE `tooltipinfo` ENABLE KEYS */;
UNLOCK TABLES;

--
-- Table structure for table `uf`
--

DROP TABLE IF EXISTS `uf`;
/*!40101 SET @saved_cs_client     = @@character_set_client */;
/*!40101 SET character_set_client = utf8 */;
CREATE TABLE `uf` (
  `paisId` int(9) unsigned DEFAULT NULL,
  `id` int(9) unsigned NOT NULL,
  `nome` varchar(255) DEFAULT NULL,
  `uf` char(2) DEFAULT NULL,
  `logSituacao` int(9) NOT NULL DEFAULT '0',
  PRIMARY KEY (`id`),
  KEY `paisId` (`paisId`)
) ENGINE=InnoDB DEFAULT CHARSET=utf8 COMMENT='Cadastro de Estados/Províncias';
/*!40101 SET character_set_client = @saved_cs_client */;

--
-- Dumping data for table `uf`
--

LOCK TABLES `uf` WRITE;
/*!40000 ALTER TABLE `uf` DISABLE KEYS */;
INSERT INTO `uf` VALUES (1,1,'Acre','AC',1),(1,2,'Alagoas','AL',1),(1,3,'Amapá','AP',1),(1,4,'Amazonas','AM',1),(1,5,'Bahia','BA',1),(1,6,'Ceará','CE',1),(1,7,'Distrito Federal','DF',1),(1,8,'Espírito Santo','ES',1),(1,9,'Goiás','GO',1),(1,10,'Maranhão','MA',1),(1,11,'Mato Grosso','MT',1),(1,12,'Mato Grosso do Sul','MS',1),(1,13,'Minas Gerais','MG',1),(1,14,'Pará','PA',1),(1,15,'Paraíba','PB',1),(1,16,'Paraná','PR',1),(1,17,'Pernambuco','PE',1),(1,18,'Piauí','PI',1),(1,19,'Rio de Janeiro','RJ',1),(1,20,'Rio Grande do Norte','RN',1),(1,21,'Rio Grande do Sul','RS',1),(1,22,'Rondônia','RO',1),(1,23,'Roraima','RR',1),(1,24,'Santa Catarina','SC',1),(1,25,'São Paulo','SP',1),(1,26,'Sergipe','SE',1),(1,27,'Tocantins','TO',1);
/*!40000 ALTER TABLE `uf` ENABLE KEYS */;
UNLOCK TABLES;

--
-- Table structure for table `vistoria`
--

DROP TABLE IF EXISTS `vistoria`;
/*!40101 SET @saved_cs_client     = @@character_set_client */;
/*!40101 SET character_set_client = utf8 */;
CREATE TABLE `vistoria` (
  `id` int(10) unsigned NOT NULL AUTO_INCREMENT,
  `clienteId` int(10) unsigned NOT NULL,
  `empreendimentoId` int(10) unsigned DEFAULT NULL,
  `data` varchar(20) DEFAULT NULL,
  `sinaleiraFilename` varchar(255) DEFAULT NULL,
  `sinaleiraFilePath` text,
  `sinaleiraFileSize` int(11) DEFAULT NULL,
  `observacoes` text,
  `objetivo` text,
  `modificacaoData` timestamp NOT NULL DEFAULT CURRENT_TIMESTAMP ON UPDATE CURRENT_TIMESTAMP,
  `modificacaoUsuario` int(10) unsigned DEFAULT NULL,
  `finalizado` int(10) unsigned NOT NULL DEFAULT '0',
  `alertaData` int(10) unsigned NOT NULL DEFAULT '0',
  `dataFinalizacao` varchar(10) DEFAULT NULL,
  `arquivoId` int(10) DEFAULT NULL,
  PRIMARY KEY (`id`),
  KEY `clienteVistoriaId_idx` (`clienteId`),
  KEY `vistoria_arquivoFK` (`arquivoId`),
  CONSTRAINT `clienteVistoriaId` FOREIGN KEY (`clienteId`) REFERENCES `cliente` (`id`) ON DELETE NO ACTION ON UPDATE NO ACTION,
  CONSTRAINT `vistoria_arquivoFK` FOREIGN KEY (`arquivoId`) REFERENCES `arquivo` (`id`) ON DELETE SET NULL ON UPDATE SET NULL
) ENGINE=InnoDB AUTO_INCREMENT=24 DEFAULT CHARSET=latin1;
/*!40101 SET character_set_client = @saved_cs_client */;

--
-- Dumping data for table `vistoria`
--

LOCK TABLES `vistoria` WRITE;
/*!40000 ALTER TABLE `vistoria` DISABLE KEYS */;
INSERT INTO `vistoria` VALUES (1,1,2,'17/12/2021',NULL,NULL,NULL,'\r\n				\r\n				\r\n				\r\n				\r\n				\r\n				\r\n				\r\n				\r\n				\r\n				\r\n				\r\n				\r\n				\r\n				\r\n				\r\n				\r\n				\r\n				\r\n				\r\n				\r\n				\r\n				\r\n				\r\n				\r\n				\r\n				\r\n				\r\n				\r\n				\r\n				\r\n				\r\n				\r\n				\r\n				\r\n				\r\n				\r\n				\r\n				\r\n				\r\n				\r\n				\r\n				\r\n				\r\n				\r\n				\r\n				\r\n				\r\n				Algumas observações relacionadas a vistoria...\r\n			\r\n			\r\n			\r\n			\r\n			\r\n			\r\n			\r\n			\r\n			\r\n			\r\n			\r\n			\r\n			\r\n			\r\n			\r\n			\r\n			\r\n			\r\n			\r\n			\r\n			\r\n			\r\n			\r\n			\r\n			\r\n			\r\n			\r\n			\r\n			\r\n			\r\n			\r\n			\r\n			\r\n			\r\n			\r\n			\r\n			\r\n			\r\n			\r\n			\r\n			\r\n			\r\n			\r\n			\r\n			\r\n			\r\n			\r\n			','\r\n				\r\n				\r\n				\r\n				\r\n				\r\n				\r\n				\r\n				\r\n				\r\n				\r\n				\r\n				\r\n				\r\n				\r\n				\r\n				\r\n				\r\n				\r\n				\r\n				\r\n				\r\n				\r\n				\r\n				\r\n				\r\n				\r\n				\r\n				\r\n				\r\n				\r\n				\r\n				\r\n				\r\n				\r\n				\r\n				\r\n				\r\n				\r\n				\r\n				\r\n				\r\n				\r\n				\r\n				\r\n				\r\n				\r\n				\r\n				Esta vistoria tem como objetivo...\r\n			\r\n			\r\n			\r\n			\r\n			\r\n			\r\n			\r\n			\r\n			\r\n			\r\n			\r\n			\r\n			\r\n			\r\n			\r\n			\r\n			\r\n			\r\n			\r\n			\r\n			\r\n			\r\n			\r\n			\r\n			\r\n			\r\n			\r\n			\r\n			\r\n			\r\n			\r\n			\r\n			\r\n			\r\n			\r\n			\r\n			\r\n			\r\n			\r\n			\r\n			\r\n			\r\n			\r\n			\r\n			\r\n			\r\n			\r\n			','2021-12-15 20:05:46',11,1,10,'09/12/2021',NULL),(2,1,2,'25/03/2020',NULL,NULL,NULL,'\r\n				\r\n			','\r\n				\r\n			','2020-10-24 10:20:34',1,1,0,NULL,NULL),(3,5,1,'19/03/2021',NULL,NULL,NULL,'\r\n				Beleza\r\n			','\r\n				Verificar se o empreendimento está de acordo com as normas ambientais. \r\n			','2021-03-25 19:09:26',1,1,1,'25/03/2021',NULL),(4,5,1,'',NULL,NULL,NULL,'\r\n				\r\n			','\r\n				\r\n			','2020-10-24 10:20:42',1,1,0,NULL,NULL),(5,3,0,'',NULL,NULL,NULL,'','','2020-10-24 10:20:54',1,1,0,NULL,NULL),(6,9,0,'22/03/2021',NULL,NULL,NULL,'\r\n				Observações gerais...\r\n			','\r\n				\r\n				Esta vistoria tem como objetivo verificar se o empreendimento está adequado para operação...\r\n			\r\n			','2021-03-25 19:09:37',1,1,1,'25/03/2021',NULL),(7,2,0,'02/11/2020',NULL,NULL,NULL,'\r\n				\r\n				\r\n				\r\n				\r\n				\r\n				\r\n				\r\n			\r\n			\r\n			\r\n			\r\n			\r\n			\r\n			','\r\n				\r\n				\r\n				<b>teste</b>\r\n			\r\n			\r\n			','2021-04-09 17:32:38',1,1,5,'09/04/2021',NULL),(8,1,2,'16/10/2020',NULL,NULL,NULL,'\r\n				\r\n				\r\n			\r\n			','\r\n				Esta visita tem como objetivo...\r\n			','2020-10-24 10:27:53',1,1,0,'24/10/2020',NULL),(9,2,0,'29/10/2020',NULL,NULL,NULL,'\r\n				\r\n				\r\n				\r\n				\r\n				\r\n				\r\n				\r\n				\r\n				\r\n			\r\n			\r\n			\r\n			\r\n			\r\n			\r\n			\r\n			\r\n			','\r\n				\r\n				\r\n				\r\n				\r\n				<b>teste</b>\r\n			\r\n			\r\n			\r\n			\r\n			','2021-04-09 17:32:42',1,1,0,'09/04/2021',NULL),(10,1,2,'10/02/2021',NULL,NULL,NULL,'\r\n				\r\n				\r\n				\r\n				\r\n				\r\n			\r\n			\r\n			\r\n			\r\n			','\r\n				Esta visita técnica tem como objetivo.....\r\n			','2021-03-09 19:39:34',1,1,2,'09/03/2021',NULL),(11,5,0,'10/03/2022',NULL,NULL,NULL,'\r\n				\r\n				\r\n				\r\n				\r\n				\r\n				\r\n				\r\n				\r\n				\r\n				\r\n				\r\n				\r\n				\r\n				\r\n				\r\n				\r\n				\r\n				\r\n				\r\n				\r\n				\r\n				\r\n				\r\n				\r\n				\r\n				\r\n				\r\n				\r\n				\r\n				\r\n				\r\n				\r\n				\r\n				\r\n				\r\n				\r\n				\r\n				\r\n				\r\n				\r\n				\r\n				\r\n				\r\n				\r\n				\r\n				\r\n				\r\n				\r\n				\r\n				\r\n				\r\n				\r\n				1- Corrigir trincas, rachaduras e desgastes dos pisos das áreas de abastecimento, descargas de combustíveis, troca de óleo\r\ne lavador de veículos sempre que necessário;<div>2- Manter todas as canaletas limpas e em boas condições de uso, realizando todas as atividades dentro do espaço\r\ndelimitado pelas mesmas, a fim de que o efluente siga o fluxo adequado até o sistema de tratamento existente no\r\nempeendimento;</div><div>3- Manter operando o sistema de monitoramento intersticial eletrônico, bem como todos os sensores devidamente instalados\r\nem suas respectivas posições;&nbsp;</div><div>4- Orientamos que se houver algum derramamento de combustível ou óleo no piso, o mesmo NÃO deve ser removido com\r\nutilização de água e sim com materiais absorventes,para posterior destinação como resíduo sólido. Se o derramamento for\r\nem grande quantidade, deve-se reter o mesmo nas caixas separadoras de água e óleo (CSAO), seguido de limpeza e\r\ndestinação para o adequado tratamento;\r\n5- Controlar para que concentrações de detergente sejam bem diluídas, pois as caixas separadoras de água e óleo (CSAO)\r\nNÃO são projetadas para tratamento destas substâncias, podendo comprometer diretamente o resultado das análises\r\nlaboratoriais;&nbsp;</div><div>6- Manter limpa as caixas separadoras de água e óleo (CSAO), realizando sua limpeza semanalmente ou sempre que\r\nnecessário;&nbsp;</div><div>7- os efluentes líquidos provenientes de lavagens de veículos e das atividades nas áreas de abastecimentos, devem passar\r\npor um tratamento, bem como atender os parâmetros de lançamentos estabelecidos pela resolução SEDEST n° 003/2020,\r\nsob pena de reclusão de um a cinco anos (Art. 54, § 2°, V. da Lei de Crimes Ambientais, n°. 9605/1998) e multa\r\nadministrativa.&nbsp;</div><div>Além de incorrer na mesma multa quem deixar de atender as condicionantes da Licença Ambiental, conforme\r\nArt. 66, § ú, IIda Lei de Crime Ambientais.</div>\r\n			\r\n			\r\n			\r\n			\r\n			\r\n			\r\n			\r\n			\r\n			\r\n			\r\n			\r\n			\r\n			\r\n			\r\n			\r\n			\r\n			\r\n			\r\n			\r\n			\r\n			\r\n			\r\n			\r\n			\r\n			\r\n			\r\n			\r\n			\r\n			\r\n			\r\n			\r\n			\r\n			\r\n			\r\n			\r\n			\r\n			\r\n			\r\n			\r\n			\r\n			\r\n			\r\n			\r\n			\r\n			\r\n			\r\n			\r\n			\r\n			\r\n			\r\n			\r\n			\r\n			','\r\n				\r\n				\r\n				\r\n				\r\n				\r\n				\r\n				\r\n				\r\n				\r\n				\r\n				\r\n				\r\n				\r\n				\r\n				\r\n				\r\n				\r\n				\r\n				\r\n				\r\n				\r\n				\r\n				\r\n				\r\n				\r\n				\r\n				\r\n				\r\n				\r\n				\r\n				\r\n				\r\n				\r\n				\r\n				\r\n				\r\n				\r\n				\r\n				\r\n				\r\n				\r\n				\r\n				\r\n				\r\n				\r\n				\r\n				\r\n				\r\n				\r\n				\r\n				\r\n				\r\n				\r\n				Atender o disposto na Resolução SEDEST no. 003/2020, Art. 11, Inciso XI e Art. 26, Incisos I, II, III, IV, V, VI e VIII.\r\nArt. 11.&nbsp;<div>O requerimento para obtenção da RENOVAÇÃO DA LICENÇA DE OPERAÇÃO - RLO deverá ser realizado através\r\ndo SGA, instruído na forma prevista abaixo:\r\nXI - Relatório Técnico de Vistoria, elaborado pelo responsável técnico do empreendimento, acompanhado da respectiva\r\nART, conforme Art. 26 da presente Resolução;\r\nArt. 26.&nbsp;</div><div>O Relatório de Vistoria Técnica deverá ser apresentado ao órgão ambiental, a cada período não superior a 01 (um)\r\nano pelo responsável técnico do empreendimento, acompanhado da respectiva ART, em meio físico, devendo atender os\r\nseguintes requisitos mínimos:</div><div>&nbsp;I - memorial descritivo e propostas de melhoria das instalações e infraestrutura do empreendimento.</div><div>&nbsp;II - conjunto de imagens fotográficas da situação das instalações e infraestruturas do empreendimento de todos os itens\r\ndescritos na Ficha de Vistoria da Infraestrutura do Empreendimento, conforme modelo do Anexo VIII.</div><div>&nbsp;III - cópia das Autorizações Ambientais da empresa responsável, e/ou contratada pela Destinação de Resíduos, dos\r\nManifestos de Transporte de Resíduos e dos Certificados de Aprovação de Destinação Final, conforme Portaria IAP no. 212,\r\nde 12 de setembro de 2019, ou outra que venha a suceder-la.</div><div>&nbsp;IV - cópia dos relatórios dos ensaios fisico-químico e biológicos de amostras retiradas dos pontos de lançamento dos\r\nreferidos sistemas de tratamento do empreendimento.</div><div>&nbsp;V - cópia dos relatórios dos ensaios do monitoramento anual da qualidade de água de poço tubular profundo ou poço\r\ncacimba, conforme Art. 36 desta Resolução.</div><div>&nbsp;VI - análise dos resultados dos laudos analíticos dos efluentes líquidos, bem como da eficiência do sistema de tratamento,\r\nconforme os padrões estabelecidos no Art. 34 deste Resolução.</div><div>&nbsp;VIII - Ficha de Vistoria da Infraestrutura do Empreendimento, conforme modelo do ANEXO VIII.</div><div>&nbsp;Este Relatório de Vistoria Técnica foi elaborado pela AAPSA – Gestão de Licenciamento Ambiental Ltda, com observância\r\ndas normas técnicas e legislação em vigor (Resolução SEDEST 003/2020, Art. 26). Assim, a mesma se isenta de qualquer\r\nresponsabilidade perante o cliente ou terceiros pela utilização deste trabalho, ainda que parcialmente, fora do escopo para o\r\nqual foi preparado.</div><div>&nbsp;Este relatório é confidencial, de uso exclusivo do cliente, sendo que a AAPSA não se responsabiliza pela utilização do\r\nmesmo, ainda que em parte, por terceiros que dele venham a ter conhecimento.</div>\r\n			\r\n			\r\n			\r\n			\r\n			\r\n			\r\n			\r\n			\r\n			\r\n			\r\n			\r\n			\r\n			\r\n			\r\n			\r\n			\r\n			\r\n			\r\n			\r\n			\r\n			\r\n			\r\n			\r\n			\r\n			\r\n			\r\n			\r\n			\r\n			\r\n			\r\n			\r\n			\r\n			\r\n			\r\n			\r\n			\r\n			\r\n			\r\n			\r\n			\r\n			\r\n			\r\n			\r\n			\r\n			\r\n			\r\n			\r\n			\r\n			\r\n			\r\n			\r\n			\r\n			\r\n			','2022-02-25 19:29:03',1,0,15,NULL,NULL),(13,23,0,'16/06/2021',NULL,NULL,NULL,'\r\n				\r\n				\r\n				\r\n			\r\n			\r\n			','\r\n				\r\n				\r\n				\r\n			\r\n			\r\n			','2021-06-25 14:18:53',1,1,10,'25/06/2021',NULL),(14,1,6,'08/03/2022',NULL,NULL,NULL,'\r\n				\r\n				\r\n				\r\n				\r\n				Atentar para materiais que não podem ser descartados pelos métodos regulares. Eles são os chamados, materiais de relevância ambiental. Os principais exemplos são: sucatas de bateria, sucatas de equipamentos de radiografia, tanques de combustível (antes da descontaminação), sucatas com peças banhadas em óleo, filtros de óleo e etc.<div>As sucatas que requerem tratamento especial precisam ser acondicionadas em locais específicos dentro da empresa e direcionadas somente a tratadores que possuem licença ambiental para seu tratamento. Em geral, materiais perigosos ou contaminantes só podem ser tratados por tratadores que possuem o cadastro técnico federal (CTF), emitido pelo IBAMA.</div>\r\n			\r\n			\r\n			\r\n			\r\n			','\r\n				\r\n				\r\n				\r\n				\r\n				A legislação que aborda o descarte de sucatas é a Lei 12.305 de 2010, também conhecida como Política Nacional de Resíduos Sólidos.&nbsp;<div>Os resíduos de sucata comuns como metais ferrosos e não ferrosos (exceto metais pesados), são considerados como resíduos não perigosos, ou seja, de baixo risco de dano ambiental.</div><div><br></div>\r\n			\r\n			\r\n			\r\n			\r\n			','2022-03-02 13:48:38',11,0,5,NULL,NULL),(15,10,0,'10/03/2022',NULL,NULL,NULL,'\r\n				\r\n				\r\n				\r\n				\r\n				\r\n				\r\n				\r\n				\r\n				\r\n				\r\n				\r\n				\r\n			\r\n			\r\n			\r\n			\r\n			\r\n			\r\n			\r\n			\r\n			\r\n			\r\n			\r\n			','\r\n				\r\n				\r\n				\r\n				\r\n				\r\n				\r\n				\r\n				\r\n				\r\n				\r\n				Esta vistoria tem como objetivo:<div>Avaliar e registrar a qualidade técnica apresentada na unidade, acompanhar a melhoria contínua, checar o cumprimento das normas,identificar as não conformidades apresentadas na unidade, elaborando junto com o administrador um plano de ação corretivo.<br></div>\r\n			\r\n			\r\n			\r\n			\r\n			','2022-03-02 13:50:25',11,0,10,NULL,NULL),(16,23,0,'30/10/2021',NULL,NULL,NULL,'\r\n				\r\n				\r\n			\r\n			','\r\n				Objetivo de execução mensal do programa 5S.\r\n			','2021-11-19 18:25:54',1,1,2,'19/11/2021',NULL),(17,48,14,'30/12/2021',NULL,NULL,NULL,'\r\n				\r\n				\r\n			\r\n			','\r\n				\r\n				\r\n			\r\n			','2021-12-08 19:11:52',1,1,0,'08/12/2021',NULL),(19,38,0,'03/03/2022',NULL,NULL,NULL,'\r\n				\r\n				\r\n				\r\n			\r\n			\r\n			','\r\n				\r\n				O objetivo da visita é verificar as normas de saúde e segurança do trabalho.\r\n			\r\n			','2022-02-08 14:25:51',11,0,10,NULL,NULL),(20,5,0,'16/03/2022',NULL,NULL,NULL,'\r\n				\r\n				\r\n				\r\n				\r\n				\r\n				\r\n				\r\n				\r\n				\r\n				\r\n				\r\n				\r\n				\r\n				\r\n				\r\n				\r\n				\r\n				\r\n				\r\n				\r\n				\r\n				\r\n				\r\n				\r\n				\r\n				\r\n				\r\n				\r\n				\r\n				\r\n				\r\n				\r\n				\r\n				\r\n				\r\n				\r\n				\r\n				\r\n				1- Corrigir trincas, rachaduras e desgastes dos pisos das áreas de abastecimento, descargas de combustíveis, troca de óleo\r\ne lavador de veículos sempre que necessário;<div>2- Manter todas as canaletas limpas e em boas condições de uso, realizando todas as atividades dentro do espaço\r\ndelimitado pelas mesmas, a fim de que o efluente siga o fluxo adequado até o sistema de tratamento existente no\r\nempeendimento;</div><div>3- Manter operando o sistema de monitoramento intersticial eletrônico, bem como todos os sensores devidamente instalados\r\nem suas respectivas posições;&nbsp;</div><div>4- Orientamos que se houver algum derramamento de combustível ou óleo no piso, o mesmo NÃO deve ser removido com\r\nutilização de água e sim com materiais absorventes,para posterior destinação como resíduo sólido. Se o derramamento for\r\nem grande quantidade, deve-se reter o mesmo nas caixas separadoras de água e óleo (CSAO), seguido de limpeza e\r\ndestinação para o adequado tratamento;\r\n5- Controlar para que concentrações de detergente sejam bem diluídas, pois as caixas separadoras de água e óleo (CSAO)\r\nNÃO são projetadas para tratamento destas substâncias, podendo comprometer diretamente o resultado das análises\r\nlaboratoriais;&nbsp;</div><div>6- Manter limpa as caixas separadoras de água e óleo (CSAO), realizando sua limpeza semanalmente ou sempre que\r\nnecessário;&nbsp;</div><div>7- os efluentes líquidos provenientes de lavagens de veículos e das atividades nas áreas de abastecimentos, devem passar\r\npor um tratamento, bem como atender os parâmetros de lançamentos estabelecidos pela resolução SEDEST n° 003/2020,\r\nsob pena de reclusão de um a cinco anos (Art. 54, § 2°, V. da Lei de Crimes Ambientais, n°. 9605/1998) e multa\r\nadministrativa.&nbsp;</div><div>Além de incorrer na mesma multa quem deixar de atender as condicionantes da Licença Ambiental, conforme\r\nArt. 66, § ú, IIda Lei de Crime Ambientais.</div>\r\n			\r\n			\r\n			\r\n			\r\n			\r\n			\r\n			\r\n			\r\n			\r\n			\r\n			\r\n			\r\n			\r\n			\r\n			\r\n			\r\n			\r\n			\r\n			\r\n			\r\n			\r\n			\r\n			\r\n			\r\n			\r\n			\r\n			\r\n			\r\n			\r\n			\r\n			\r\n			\r\n			\r\n			\r\n			\r\n			\r\n			\r\n			\r\n			','\r\n				\r\n				\r\n				\r\n				\r\n				\r\n				\r\n				\r\n				\r\n				\r\n				\r\n				\r\n				\r\n				\r\n				\r\n				\r\n				\r\n				\r\n				\r\n				\r\n				\r\n				\r\n				\r\n				\r\n				\r\n				\r\n				\r\n				\r\n				\r\n				\r\n				\r\n				\r\n				\r\n				\r\n				\r\n				\r\n				\r\n				\r\n				\r\n				\r\n				Atender o disposto na Resolução SEDEST no. 003/2020, Art. 11, Inciso XI e Art. 26, Incisos I, II, III, IV, V, VI e VIII.\r\nArt. 11.&nbsp;<div>O requerimento para obtenção da RENOVAÇÃO DA LICENÇA DE OPERAÇÃO - RLO deverá ser realizado através\r\ndo SGA, instruído na forma prevista abaixo:\r\nXI - Relatório Técnico de Vistoria, elaborado pelo responsável técnico do empreendimento, acompanhado da respectiva\r\nART, conforme Art. 26 da presente Resolução;\r\nArt. 26.&nbsp;</div><div>O Relatório de Vistoria Técnica deverá ser apresentado ao órgão ambiental, a cada período não superior a 01 (um)\r\nano pelo responsável técnico do empreendimento, acompanhado da respectiva ART, em meio físico, devendo atender os\r\nseguintes requisitos mínimos:</div><div>&nbsp;I - memorial descritivo e propostas de melhoria das instalações e infraestrutura do empreendimento.</div><div>&nbsp;II - conjunto de imagens fotográficas da situação das instalações e infraestruturas do empreendimento de todos os itens\r\ndescritos na Ficha de Vistoria da Infraestrutura do Empreendimento, conforme modelo do Anexo VIII.</div><div>&nbsp;III - cópia das Autorizações Ambientais da empresa responsável, e/ou contratada pela Destinação de Resíduos, dos\r\nManifestos de Transporte de Resíduos e dos Certificados de Aprovação de Destinação Final, conforme Portaria IAP no. 212,\r\nde 12 de setembro de 2019, ou outra que venha a suceder-la.</div><div>&nbsp;IV - cópia dos relatórios dos ensaios fisico-químico e biológicos de amostras retiradas dos pontos de lançamento dos\r\nreferidos sistemas de tratamento do empreendimento.</div><div>&nbsp;V - cópia dos relatórios dos ensaios do monitoramento anual da qualidade de água de poço tubular profundo ou poço\r\ncacimba, conforme Art. 36 desta Resolução.</div><div>&nbsp;VI - análise dos resultados dos laudos analíticos dos efluentes líquidos, bem como da eficiência do sistema de tratamento,\r\nconforme os padrões estabelecidos no Art. 34 deste Resolução.</div><div>&nbsp;VIII - Ficha de Vistoria da Infraestrutura do Empreendimento, conforme modelo do ANEXO VIII.</div><div>&nbsp;Este Relatório de Vistoria Técnica foi elaborado pela AAPSA – Gestão de Licenciamento Ambiental Ltda, com observância\r\ndas normas técnicas e legislação em vigor (Resolução SEDEST 003/2020, Art. 26). Assim, a mesma se isenta de qualquer\r\nresponsabilidade perante o cliente ou terceiros pela utilização deste trabalho, ainda que parcialmente, fora do escopo para o\r\nqual foi preparado.</div><div>&nbsp;Este relatório é confidencial, de uso exclusivo do cliente, sendo que a AAPSA não se responsabiliza pela utilização do\r\nmesmo, ainda que em parte, por terceiros que dele venham a ter conhecimento.</div>\r\n			\r\n			\r\n			\r\n			\r\n			\r\n			\r\n			\r\n			\r\n			\r\n			\r\n			\r\n			\r\n			\r\n			\r\n			\r\n			\r\n			\r\n			\r\n			\r\n			\r\n			\r\n			\r\n			\r\n			\r\n			\r\n			\r\n			\r\n			\r\n			\r\n			\r\n			\r\n			\r\n			\r\n			\r\n			\r\n			\r\n			\r\n			\r\n			\r\n			','2022-02-17 12:06:28',11,0,15,NULL,NULL),(21,5,0,'14/03/2022',NULL,NULL,NULL,'\r\n				\r\n				\r\n				\r\n				\r\n				\r\n				\r\n				\r\n				\r\n				\r\n				\r\n				\r\n				\r\n				\r\n				\r\n				\r\n				\r\n				\r\n				\r\n				\r\n				\r\n				\r\n				\r\n				\r\n				\r\n				\r\n				\r\n				\r\n				\r\n				\r\n				\r\n				\r\n				\r\n				\r\n				\r\n				\r\n				\r\n				\r\n				\r\n				\r\n				\r\n				\r\n				\r\n				\r\n				\r\n				\r\n				\r\n				\r\n				\r\n				1- Corrigir trincas, rachaduras e desgastes dos pisos das áreas de abastecimento, descargas de combustíveis, troca de óleo\r\ne lavador de veículos sempre que necessário;<div>2- Manter todas as canaletas limpas e em boas condições de uso, realizando todas as atividades dentro do espaço\r\ndelimitado pelas mesmas, a fim de que o efluente siga o fluxo adequado até o sistema de tratamento existente no\r\nempeendimento;</div><div>3- Manter operando o sistema de monitoramento intersticial eletrônico, bem como todos os sensores devidamente instalados\r\nem suas respectivas posições;&nbsp;</div><div>4- Orientamos que se houver algum derramamento de combustível ou óleo no piso, o mesmo NÃO deve ser removido com\r\nutilização de água e sim com materiais absorventes,para posterior destinação como resíduo sólido. Se o derramamento for\r\nem grande quantidade, deve-se reter o mesmo nas caixas separadoras de água e óleo (CSAO), seguido de limpeza e\r\ndestinação para o adequado tratamento;\r\n5- Controlar para que concentrações de detergente sejam bem diluídas, pois as caixas separadoras de água e óleo (CSAO)\r\nNÃO são projetadas para tratamento destas substâncias, podendo comprometer diretamente o resultado das análises\r\nlaboratoriais;&nbsp;</div><div>6- Manter limpa as caixas separadoras de água e óleo (CSAO), realizando sua limpeza semanalmente ou sempre que\r\nnecessário;&nbsp;</div><div>7- os efluentes líquidos provenientes de lavagens de veículos e das atividades nas áreas de abastecimentos, devem passar\r\npor um tratamento, bem como atender os parâmetros de lançamentos estabelecidos pela resolução SEDEST n° 003/2020,\r\nsob pena de reclusão de um a cinco anos (Art. 54, § 2°, V. da Lei de Crimes Ambientais, n°. 9605/1998) e multa\r\nadministrativa.&nbsp;</div><div>Além de incorrer na mesma multa quem deixar de atender as condicionantes da Licença Ambiental, conforme\r\nArt. 66, § ú, IIda Lei de Crime Ambientais.</div>\r\n			\r\n			\r\n			\r\n			\r\n			\r\n			\r\n			\r\n			\r\n			\r\n			\r\n			\r\n			\r\n			\r\n			\r\n			\r\n			\r\n			\r\n			\r\n			\r\n			\r\n			\r\n			\r\n			\r\n			\r\n			\r\n			\r\n			\r\n			\r\n			\r\n			\r\n			\r\n			\r\n			\r\n			\r\n			\r\n			\r\n			\r\n			\r\n			\r\n			\r\n			\r\n			\r\n			\r\n			\r\n			\r\n			\r\n			\r\n			\r\n			','\r\n				\r\n				\r\n				\r\n				\r\n				\r\n				\r\n				\r\n				\r\n				\r\n				\r\n				\r\n				\r\n				\r\n				\r\n				\r\n				\r\n				\r\n				\r\n				\r\n				\r\n				\r\n				\r\n				\r\n				\r\n				\r\n				\r\n				\r\n				\r\n				\r\n				\r\n				\r\n				\r\n				\r\n				\r\n				\r\n				\r\n				\r\n				\r\n				\r\n				\r\n				\r\n				\r\n				\r\n				\r\n				\r\n				\r\n				\r\n				\r\n				\r\n				Atender o disposto na Resolução SEDEST no. 003/2020, Art. 11, Inciso XI e Art. 26, Incisos I, II, III, IV, V, VI e VIII.\r\nArt. 11.&nbsp;<div>O requerimento para obtenção da RENOVAÇÃO DA LICENÇA DE OPERAÇÃO - RLO deverá ser realizado através\r\ndo SGA, instruído na forma prevista abaixo:\r\nXI - Relatório Técnico de Vistoria, elaborado pelo responsável técnico do empreendimento, acompanhado da respectiva\r\nART, conforme Art. 26 da presente Resolução;\r\nArt. 26.&nbsp;</div><div>O Relatório de Vistoria Técnica deverá ser apresentado ao órgão ambiental, a cada período não superior a 01 (um)\r\nano pelo responsável técnico do empreendimento, acompanhado da respectiva ART, em meio físico, devendo atender os\r\nseguintes requisitos mínimos:</div><div>&nbsp;I - memorial descritivo e propostas de melhoria das instalações e infraestrutura do empreendimento.</div><div>&nbsp;II - conjunto de imagens fotográficas da situação das instalações e infraestruturas do empreendimento de todos os itens\r\ndescritos na Ficha de Vistoria da Infraestrutura do Empreendimento, conforme modelo do Anexo VIII.</div><div>&nbsp;III - cópia das Autorizações Ambientais da empresa responsável, e/ou contratada pela Destinação de Resíduos, dos\r\nManifestos de Transporte de Resíduos e dos Certificados de Aprovação de Destinação Final, conforme Portaria IAP no. 212,\r\nde 12 de setembro de 2019, ou outra que venha a suceder-la.</div><div>&nbsp;IV - cópia dos relatórios dos ensaios fisico-químico e biológicos de amostras retiradas dos pontos de lançamento dos\r\nreferidos sistemas de tratamento do empreendimento.</div><div>&nbsp;V - cópia dos relatórios dos ensaios do monitoramento anual da qualidade de água de poço tubular profundo ou poço\r\ncacimba, conforme Art. 36 desta Resolução.</div><div>&nbsp;VI - análise dos resultados dos laudos analíticos dos efluentes líquidos, bem como da eficiência do sistema de tratamento,\r\nconforme os padrões estabelecidos no Art. 34 deste Resolução.</div><div>&nbsp;VIII - Ficha de Vistoria da Infraestrutura do Empreendimento, conforme modelo do ANEXO VIII.</div><div>&nbsp;Este Relatório de Vistoria Técnica foi elaborado pela AAPSA – Gestão de Licenciamento Ambiental Ltda, com observância\r\ndas normas técnicas e legislação em vigor (Resolução SEDEST 003/2020, Art. 26). Assim, a mesma se isenta de qualquer\r\nresponsabilidade perante o cliente ou terceiros pela utilização deste trabalho, ainda que parcialmente, fora do escopo para o\r\nqual foi preparado.</div><div>&nbsp;Este relatório é confidencial, de uso exclusivo do cliente, sendo que a AAPSA não se responsabiliza pela utilização do\r\nmesmo, ainda que em parte, por terceiros que dele venham a ter conhecimento.</div>\r\n			\r\n			\r\n			\r\n			\r\n			\r\n			\r\n			\r\n			\r\n			\r\n			\r\n			\r\n			\r\n			\r\n			\r\n			\r\n			\r\n			\r\n			\r\n			\r\n			\r\n			\r\n			\r\n			\r\n			\r\n			\r\n			\r\n			\r\n			\r\n			\r\n			\r\n			\r\n			\r\n			\r\n			\r\n			\r\n			\r\n			\r\n			\r\n			\r\n			\r\n			\r\n			\r\n			\r\n			\r\n			\r\n			\r\n			\r\n			\r\n			\r\n			','2022-02-17 12:07:30',11,0,15,NULL,NULL),(22,5,0,'17/03/2022',NULL,NULL,NULL,'\r\n				\r\n				\r\n				\r\n				\r\n				\r\n				\r\n				\r\n				\r\n				\r\n				\r\n				\r\n				\r\n				\r\n				\r\n				\r\n				\r\n				\r\n				\r\n				\r\n				\r\n				\r\n				\r\n				\r\n				\r\n				\r\n				\r\n				\r\n				\r\n				\r\n				\r\n				\r\n				\r\n				\r\n				\r\n				\r\n				\r\n				\r\n				\r\n				\r\n				\r\n				\r\n				\r\n				\r\n				\r\n				\r\n				\r\n				\r\n				\r\n				\r\n				\r\n				\r\n				1- Corrigir trincas, rachaduras e desgastes dos pisos das áreas de abastecimento, descargas de combustíveis, troca de óleo\r\ne lavador de veículos sempre que necessário;<div>2- Manter todas as canaletas limpas e em boas condições de uso, realizando todas as atividades dentro do espaço\r\ndelimitado pelas mesmas, a fim de que o efluente siga o fluxo adequado até o sistema de tratamento existente no\r\nempeendimento;</div><div>3- Manter operando o sistema de monitoramento intersticial eletrônico, bem como todos os sensores devidamente instalados\r\nem suas respectivas posições;&nbsp;</div><div>4- Orientamos que se houver algum derramamento de combustível ou óleo no piso, o mesmo NÃO deve ser removido com\r\nutilização de água e sim com materiais absorventes,para posterior destinação como resíduo sólido. Se o derramamento for\r\nem grande quantidade, deve-se reter o mesmo nas caixas separadoras de água e óleo (CSAO), seguido de limpeza e\r\ndestinação para o adequado tratamento;\r\n5- Controlar para que concentrações de detergente sejam bem diluídas, pois as caixas separadoras de água e óleo (CSAO)\r\nNÃO são projetadas para tratamento destas substâncias, podendo comprometer diretamente o resultado das análises\r\nlaboratoriais;&nbsp;</div><div>6- Manter limpa as caixas separadoras de água e óleo (CSAO), realizando sua limpeza semanalmente ou sempre que\r\nnecessário;&nbsp;</div><div>7- os efluentes líquidos provenientes de lavagens de veículos e das atividades nas áreas de abastecimentos, devem passar\r\npor um tratamento, bem como atender os parâmetros de lançamentos estabelecidos pela resolução SEDEST n° 003/2020,\r\nsob pena de reclusão de um a cinco anos (Art. 54, § 2°, V. da Lei de Crimes Ambientais, n°. 9605/1998) e multa\r\nadministrativa.&nbsp;</div><div>Além de incorrer na mesma multa quem deixar de atender as condicionantes da Licença Ambiental, conforme\r\nArt. 66, § ú, IIda Lei de Crime Ambientais.</div>\r\n			\r\n			\r\n			\r\n			\r\n			\r\n			\r\n			\r\n			\r\n			\r\n			\r\n			\r\n			\r\n			\r\n			\r\n			\r\n			\r\n			\r\n			\r\n			\r\n			\r\n			\r\n			\r\n			\r\n			\r\n			\r\n			\r\n			\r\n			\r\n			\r\n			\r\n			\r\n			\r\n			\r\n			\r\n			\r\n			\r\n			\r\n			\r\n			\r\n			\r\n			\r\n			\r\n			\r\n			\r\n			\r\n			\r\n			\r\n			\r\n			\r\n			\r\n			\r\n			','\r\n				\r\n				\r\n				\r\n				\r\n				\r\n				\r\n				\r\n				\r\n				\r\n				\r\n				\r\n				\r\n				\r\n				\r\n				\r\n				\r\n				\r\n				\r\n				\r\n				\r\n				\r\n				\r\n				\r\n				\r\n				\r\n				\r\n				\r\n				\r\n				\r\n				\r\n				\r\n				\r\n				\r\n				\r\n				\r\n				\r\n				\r\n				\r\n				\r\n				\r\n				\r\n				\r\n				\r\n				\r\n				\r\n				\r\n				\r\n				\r\n				\r\n				\r\n				\r\n				\r\n				Atender o disposto na Resolução SEDEST no. 003/2020, Art. 11, Inciso XI e Art. 26, Incisos I, II, III, IV, V, VI e VIII.\r\nArt. 11.&nbsp;<div>O requerimento para obtenção da RENOVAÇÃO DA LICENÇA DE OPERAÇÃO - RLO deverá ser realizado através\r\ndo SGA, instruído na forma prevista abaixo:\r\nXI - Relatório Técnico de Vistoria, elaborado pelo responsável técnico do empreendimento, acompanhado da respectiva\r\nART, conforme Art. 26 da presente Resolução;\r\nArt. 26.&nbsp;</div><div>O Relatório de Vistoria Técnica deverá ser apresentado ao órgão ambiental, a cada período não superior a 01 (um)\r\nano pelo responsável técnico do empreendimento, acompanhado da respectiva ART, em meio físico, devendo atender os\r\nseguintes requisitos mínimos:</div><div>&nbsp;I - memorial descritivo e propostas de melhoria das instalações e infraestrutura do empreendimento.</div><div>&nbsp;II - conjunto de imagens fotográficas da situação das instalações e infraestruturas do empreendimento de todos os itens\r\ndescritos na Ficha de Vistoria da Infraestrutura do Empreendimento, conforme modelo do Anexo VIII.</div><div>&nbsp;III - cópia das Autorizações Ambientais da empresa responsável, e/ou contratada pela Destinação de Resíduos, dos\r\nManifestos de Transporte de Resíduos e dos Certificados de Aprovação de Destinação Final, conforme Portaria IAP no. 212,\r\nde 12 de setembro de 2019, ou outra que venha a suceder-la.</div><div>&nbsp;IV - cópia dos relatórios dos ensaios fisico-químico e biológicos de amostras retiradas dos pontos de lançamento dos\r\nreferidos sistemas de tratamento do empreendimento.</div><div>&nbsp;V - cópia dos relatórios dos ensaios do monitoramento anual da qualidade de água de poço tubular profundo ou poço\r\ncacimba, conforme Art. 36 desta Resolução.</div><div>&nbsp;VI - análise dos resultados dos laudos analíticos dos efluentes líquidos, bem como da eficiência do sistema de tratamento,\r\nconforme os padrões estabelecidos no Art. 34 deste Resolução.</div><div>&nbsp;VIII - Ficha de Vistoria da Infraestrutura do Empreendimento, conforme modelo do ANEXO VIII.</div><div>&nbsp;Este Relatório de Vistoria Técnica foi elaborado pela AAPSA – Gestão de Licenciamento Ambiental Ltda, com observância\r\ndas normas técnicas e legislação em vigor (Resolução SEDEST 003/2020, Art. 26). Assim, a mesma se isenta de qualquer\r\nresponsabilidade perante o cliente ou terceiros pela utilização deste trabalho, ainda que parcialmente, fora do escopo para o\r\nqual foi preparado.</div><div>&nbsp;Este relatório é confidencial, de uso exclusivo do cliente, sendo que a AAPSA não se responsabiliza pela utilização do\r\nmesmo, ainda que em parte, por terceiros que dele venham a ter conhecimento.</div>\r\n			\r\n			\r\n			\r\n			\r\n			\r\n			\r\n			\r\n			\r\n			\r\n			\r\n			\r\n			\r\n			\r\n			\r\n			\r\n			\r\n			\r\n			\r\n			\r\n			\r\n			\r\n			\r\n			\r\n			\r\n			\r\n			\r\n			\r\n			\r\n			\r\n			\r\n			\r\n			\r\n			\r\n			\r\n			\r\n			\r\n			\r\n			\r\n			\r\n			\r\n			\r\n			\r\n			\r\n			\r\n			\r\n			\r\n			\r\n			\r\n			\r\n			\r\n			\r\n			\r\n			','2022-03-02 13:51:16',11,0,15,NULL,NULL),(23,5,NULL,'10/03/2022',NULL,NULL,NULL,'\r\n				\r\n				\r\n				\r\n				\r\n				\r\n				\r\n				\r\n				\r\n				\r\n				\r\n				\r\n				\r\n				\r\n				\r\n				\r\n				\r\n				\r\n				\r\n				\r\n				\r\n				\r\n				\r\n				\r\n				\r\n				\r\n				\r\n				\r\n				\r\n				\r\n				\r\n				\r\n				\r\n				\r\n				\r\n				\r\n				\r\n				\r\n				\r\n				\r\n				\r\n				\r\n				\r\n				\r\n				\r\n				\r\n				\r\n				\r\n				\r\n				\r\n				\r\n				\r\n				1- Corrigir trincas, rachaduras e desgastes dos pisos das áreas de abastecimento, descargas de combustíveis, troca de óleo\r\ne lavador de veículos sempre que necessário;<div>2- Manter todas as canaletas limpas e em boas condições de uso, realizando todas as atividades dentro do espaço\r\ndelimitado pelas mesmas, a fim de que o efluente siga o fluxo adequado até o sistema de tratamento existente no\r\nempeendimento;</div><div>3- Manter operando o sistema de monitoramento intersticial eletrônico, bem como todos os sensores devidamente instalados\r\nem suas respectivas posições;&nbsp;</div><div>4- Orientamos que se houver algum derramamento de combustível ou óleo no piso, o mesmo NÃO deve ser removido com\r\nutilização de água e sim com materiais absorventes,para posterior destinação como resíduo sólido. Se o derramamento for\r\nem grande quantidade, deve-se reter o mesmo nas caixas separadoras de água e óleo (CSAO), seguido de limpeza e\r\ndestinação para o adequado tratamento;\r\n5- Controlar para que concentrações de detergente sejam bem diluídas, pois as caixas separadoras de água e óleo (CSAO)\r\nNÃO são projetadas para tratamento destas substâncias, podendo comprometer diretamente o resultado das análises\r\nlaboratoriais;&nbsp;</div><div>6- Manter limpa as caixas separadoras de água e óleo (CSAO), realizando sua limpeza semanalmente ou sempre que\r\nnecessário;&nbsp;</div><div>7- os efluentes líquidos provenientes de lavagens de veículos e das atividades nas áreas de abastecimentos, devem passar\r\npor um tratamento, bem como atender os parâmetros de lançamentos estabelecidos pela resolução SEDEST n° 003/2020,\r\nsob pena de reclusão de um a cinco anos (Art. 54, § 2°, V. da Lei de Crimes Ambientais, n°. 9605/1998) e multa\r\nadministrativa.&nbsp;</div><div>Além de incorrer na mesma multa quem deixar de atender as condicionantes da Licença Ambiental, conforme\r\nArt. 66, § ú, IIda Lei de Crime Ambientais.</div>\r\n			\r\n			\r\n			\r\n			\r\n			\r\n			\r\n			\r\n			\r\n			\r\n			\r\n			\r\n			\r\n			\r\n			\r\n			\r\n			\r\n			\r\n			\r\n			\r\n			\r\n			\r\n			\r\n			\r\n			\r\n			\r\n			\r\n			\r\n			\r\n			\r\n			\r\n			\r\n			\r\n			\r\n			\r\n			\r\n			\r\n			\r\n			\r\n			\r\n			\r\n			\r\n			\r\n			\r\n			\r\n			\r\n			\r\n			\r\n			\r\n			\r\n			\r\n			\r\n			','\r\n				\r\n				\r\n				\r\n				\r\n				\r\n				\r\n				\r\n				\r\n				\r\n				\r\n				\r\n				\r\n				\r\n				\r\n				\r\n				\r\n				\r\n				\r\n				\r\n				\r\n				\r\n				\r\n				\r\n				\r\n				\r\n				\r\n				\r\n				\r\n				\r\n				\r\n				\r\n				\r\n				\r\n				\r\n				\r\n				\r\n				\r\n				\r\n				\r\n				\r\n				\r\n				\r\n				\r\n				\r\n				\r\n				\r\n				\r\n				\r\n				\r\n				\r\n				\r\n				\r\n				Atender o disposto na Resolução SEDEST no. 003/2020, Art. 11, Inciso XI e Art. 26, Incisos I, II, III, IV, V, VI e VIII.\r\nArt. 11.&nbsp;<div>O requerimento para obtenção da RENOVAÇÃO DA LICENÇA DE OPERAÇÃO - RLO deverá ser realizado através\r\ndo SGA, instruído na forma prevista abaixo:\r\nXI - Relatório Técnico de Vistoria, elaborado pelo responsável técnico do empreendimento, acompanhado da respectiva\r\nART, conforme Art. 26 da presente Resolução;\r\nArt. 26.&nbsp;</div><div>O Relatório de Vistoria Técnica deverá ser apresentado ao órgão ambiental, a cada período não superior a 01 (um)\r\nano pelo responsável técnico do empreendimento, acompanhado da respectiva ART, em meio físico, devendo atender os\r\nseguintes requisitos mínimos:</div><div>&nbsp;I - memorial descritivo e propostas de melhoria das instalações e infraestrutura do empreendimento.</div><div>&nbsp;II - conjunto de imagens fotográficas da situação das instalações e infraestruturas do empreendimento de todos os itens\r\ndescritos na Ficha de Vistoria da Infraestrutura do Empreendimento, conforme modelo do Anexo VIII.</div><div>&nbsp;III - cópia das Autorizações Ambientais da empresa responsável, e/ou contratada pela Destinação de Resíduos, dos\r\nManifestos de Transporte de Resíduos e dos Certificados de Aprovação de Destinação Final, conforme Portaria IAP no. 212,\r\nde 12 de setembro de 2019, ou outra que venha a suceder-la.</div><div>&nbsp;IV - cópia dos relatórios dos ensaios fisico-químico e biológicos de amostras retiradas dos pontos de lançamento dos\r\nreferidos sistemas de tratamento do empreendimento.</div><div>&nbsp;V - cópia dos relatórios dos ensaios do monitoramento anual da qualidade de água de poço tubular profundo ou poço\r\ncacimba, conforme Art. 36 desta Resolução.</div><div>&nbsp;VI - análise dos resultados dos laudos analíticos dos efluentes líquidos, bem como da eficiência do sistema de tratamento,\r\nconforme os padrões estabelecidos no Art. 34 deste Resolução.</div><div>&nbsp;VIII - Ficha de Vistoria da Infraestrutura do Empreendimento, conforme modelo do ANEXO VIII.</div><div>&nbsp;Este Relatório de Vistoria Técnica foi elaborado pela AAPSA – Gestão de Licenciamento Ambiental Ltda, com observância\r\ndas normas técnicas e legislação em vigor (Resolução SEDEST 003/2020, Art. 26). Assim, a mesma se isenta de qualquer\r\nresponsabilidade perante o cliente ou terceiros pela utilização deste trabalho, ainda que parcialmente, fora do escopo para o\r\nqual foi preparado.</div><div>&nbsp;Este relatório é confidencial, de uso exclusivo do cliente, sendo que a AAPSA não se responsabiliza pela utilização do\r\nmesmo, ainda que em parte, por terceiros que dele venham a ter conhecimento.</div>\r\n			\r\n			\r\n			\r\n			\r\n			\r\n			\r\n			\r\n			\r\n			\r\n			\r\n			\r\n			\r\n			\r\n			\r\n			\r\n			\r\n			\r\n			\r\n			\r\n			\r\n			\r\n			\r\n			\r\n			\r\n			\r\n			\r\n			\r\n			\r\n			\r\n			\r\n			\r\n			\r\n			\r\n			\r\n			\r\n			\r\n			\r\n			\r\n			\r\n			\r\n			\r\n			\r\n			\r\n			\r\n			\r\n			\r\n			\r\n			\r\n			\r\n			\r\n			\r\n			\r\n			','2022-02-22 12:15:26',11,0,15,NULL,NULL);
/*!40000 ALTER TABLE `vistoria` ENABLE KEYS */;
UNLOCK TABLES;
/*!50003 SET @saved_cs_client      = @@character_set_client */ ;
/*!50003 SET @saved_cs_results     = @@character_set_results */ ;
/*!50003 SET @saved_col_connection = @@collation_connection */ ;
/*!50003 SET character_set_client  = utf8mb4 */ ;
/*!50003 SET character_set_results = utf8mb4 */ ;
/*!50003 SET collation_connection  = utf8mb4_general_ci */ ;
/*!50003 SET @saved_sql_mode       = @@sql_mode */ ;
/*!50003 SET sql_mode              = '' */ ;
DELIMITER ;;
/*!50003 CREATE*/ /*!50017 */ /*!50003 TRIGGER `vistoria_BEFORE_UPDATE` BEFORE UPDATE ON `vistoria` FOR EACH ROW



BEGIN



       IF NEW.finalizado = 1 AND OLD.finalizado != 1 THEN



           SET new.dataFinalizacao = DATE_FORMAT(NOW(), '%d/%m/%Y');



       ELSEIF NEW.finalizado = 0 AND OLD.finalizado != 0 THEN



          SET new.dataFinalizacao = null;



       END IF;



END */;;
DELIMITER ;
/*!50003 SET sql_mode              = @saved_sql_mode */ ;
/*!50003 SET character_set_client  = @saved_cs_client */ ;
/*!50003 SET character_set_results = @saved_cs_results */ ;
/*!50003 SET collation_connection  = @saved_col_connection */ ;

--
-- Table structure for table `vistoriachecklist`
--

DROP TABLE IF EXISTS `vistoriachecklist`;
/*!40101 SET @saved_cs_client     = @@character_set_client */;
/*!40101 SET character_set_client = utf8 */;
CREATE TABLE `vistoriachecklist` (
  `id` int(10) unsigned NOT NULL AUTO_INCREMENT,
  `nome` varchar(255) DEFAULT NULL,
  `modificacaoData` timestamp NOT NULL DEFAULT CURRENT_TIMESTAMP ON UPDATE CURRENT_TIMESTAMP,
  `modificacaoUsuario` int(10) DEFAULT NULL,
  PRIMARY KEY (`id`)
) ENGINE=InnoDB AUTO_INCREMENT=12 DEFAULT CHARSET=latin1;
/*!40101 SET character_set_client = @saved_cs_client */;

--
-- Dumping data for table `vistoriachecklist`
--

LOCK TABLES `vistoriachecklist` WRITE;
/*!40000 ALTER TABLE `vistoriachecklist` DISABLE KEYS */;
INSERT INTO `vistoriachecklist` VALUES (1,'Indústria têxtil','2020-08-15 11:21:23',1),(2,'Mineração','2020-08-27 11:21:58',1),(3,'Sucateiro SA','2021-03-10 14:28:36',1),(4,'Posto de gasolina','2021-12-17 18:55:01',11),(5,'PCH confluência 1','2021-05-19 13:19:58',1),(6,'PCH confluência 2','2021-05-19 13:20:13',1),(7,'5s - Certificação ISO','2021-12-21 17:19:34',11),(8,'Monitoramento Físico Químico','2021-11-23 19:02:45',1),(9,'SST','2021-12-03 18:15:01',1),(10,'Indústria de Embalagens','2021-12-21 13:44:26',11),(11,'Armazém de agro tóxicos','2022-02-07 20:22:25',11);
/*!40000 ALTER TABLE `vistoriachecklist` ENABLE KEYS */;
UNLOCK TABLES;

--
-- Table structure for table `vistoriachecklistitem`
--

DROP TABLE IF EXISTS `vistoriachecklistitem`;
/*!40101 SET @saved_cs_client     = @@character_set_client */;
/*!40101 SET character_set_client = utf8 */;
CREATE TABLE `vistoriachecklistitem` (
  `id` int(10) unsigned NOT NULL AUTO_INCREMENT,
  `checklistId` int(10) unsigned NOT NULL,
  `itemId` int(10) unsigned NOT NULL,
  PRIMARY KEY (`id`)
) ENGINE=InnoDB AUTO_INCREMENT=64 DEFAULT CHARSET=latin1;
/*!40101 SET character_set_client = @saved_cs_client */;

--
-- Dumping data for table `vistoriachecklistitem`
--

LOCK TABLES `vistoriachecklistitem` WRITE;
/*!40000 ALTER TABLE `vistoriachecklistitem` DISABLE KEYS */;
INSERT INTO `vistoriachecklistitem` VALUES (3,2,1),(4,2,2),(5,2,4),(13,1,2),(14,1,5),(15,1,1),(16,1,4),(17,1,3),(18,3,1),(19,3,2),(20,3,4),(29,5,8),(30,5,2),(31,6,6),(32,6,3),(36,8,13),(37,8,12),(38,8,14),(39,9,15),(40,9,16),(43,10,23),(44,10,26),(45,10,27),(50,7,9),(51,7,10),(52,7,11),(53,7,24),(54,4,17),(55,4,22),(56,4,7),(57,4,25),(58,4,30),(59,4,31),(60,4,32),(61,4,28),(62,11,3),(63,11,1);
/*!40000 ALTER TABLE `vistoriachecklistitem` ENABLE KEYS */;
UNLOCK TABLES;

--
-- Table structure for table `vistoriacontroleambiental`
--

DROP TABLE IF EXISTS `vistoriacontroleambiental`;
/*!40101 SET @saved_cs_client     = @@character_set_client */;
/*!40101 SET character_set_client = utf8 */;
CREATE TABLE `vistoriacontroleambiental` (
  `id` int(10) unsigned NOT NULL AUTO_INCREMENT,
  `nome` varchar(255) NOT NULL,
  `modificacaoUsuario` int(10) unsigned DEFAULT NULL,
  `modificacaoData` timestamp NOT NULL DEFAULT CURRENT_TIMESTAMP ON UPDATE CURRENT_TIMESTAMP,
  PRIMARY KEY (`id`)
) ENGINE=InnoDB AUTO_INCREMENT=33 DEFAULT CHARSET=latin1;
/*!40101 SET character_set_client = @saved_cs_client */;

--
-- Dumping data for table `vistoriacontroleambiental`
--

LOCK TABLES `vistoriacontroleambiental` WRITE;
/*!40000 ALTER TABLE `vistoriacontroleambiental` DISABLE KEYS */;
INSERT INTO `vistoriacontroleambiental` VALUES (1,'Tratamento de efluentes',1,'2020-06-11 11:29:21'),(2,'Tratamento de resíduos ',5,'2020-07-02 11:48:12'),(3,'Análise de água',1,'2020-07-13 20:27:51'),(4,'Área de armazenamento de resíduos está adequada',1,'2020-08-11 15:47:21'),(5,'A caldeira está com manutenção em dia?',1,'2020-08-15 11:19:59'),(6,'Verificar certificados',1,'2021-03-26 16:26:07'),(7,'Limpeza da caixa separadora de água e óleo',1,'2021-03-26 16:26:22'),(8,'Organização e limpeza',1,'2021-04-16 13:53:13'),(9,'Piso quebrado',1,'2021-07-21 17:19:26'),(10,'Coletor identificados',1,'2021-07-21 17:19:36'),(11,'Mesas limpas',11,'2021-12-21 17:37:15'),(12,'DQO - Demanda Química do Oxigênio',11,'2021-12-21 17:34:28'),(13,'DBO - Demanda Bioquímica do Oxigênio',11,'2021-12-21 17:34:45'),(14,'Potencial Hidrogeniônico (PH)',11,'2021-12-21 17:35:43'),(15,'Banheiros de acordo com a NR24',1,'2021-12-03 18:14:19'),(16,'Tamanho dos vestiários',1,'2021-12-03 18:14:35'),(17,'Piso da pista de abastecimento em concreto armado e superfície alisada dotado de sistema de drenagem',11,'2021-12-17 18:28:15'),(18,'Piso da área de descarga em concreto armado e superfície alisada dotado de sistema de drenagem óleos',11,'2021-12-17 18:28:39'),(19,'Descarga selada - NBR 15.138 (Restritor de mangueira (cruzeta)',11,'2021-12-17 18:29:02'),(20,'Filtro de diesel',11,'2021-12-17 18:29:30'),(21,'Número de poços de monitoramento.',11,'2021-12-17 18:30:52'),(22,'Lançamento final drenagem oleosa pista/tanques',11,'2021-12-17 18:31:29'),(23,'As paredes, tetos e forros são revestidos com material impermeável, lavável, na cor clara.',11,'2021-12-21 13:42:14'),(24,'As portas e janelas Possuem telas milimétricas para proteção contra insetos.',11,'2021-12-21 13:42:45'),(25,'As instalações elétricas estão bem conservadas, sem fios aparentes ou descascados. ',11,'2021-12-21 13:39:56'),(26,'Estoque seco: os produtos estão corretos, em prateleiras adequadas, organizados.',11,'2021-12-21 13:43:06'),(27,'As embalagens são sanitizadas corretamente.',11,'2021-12-21 13:41:02'),(28,'Verificar se as edificações/cobertura de bombas foram construídas conforme projeto.',11,'2021-12-21 17:39:14'),(29,'Verificar se o número de respiros é igual ao número de bocas de abastecimento dos tanques do posto.',11,'2021-12-21 17:41:29'),(30,'Verificar se os locais de abastecimento estão com piso impermeabilizado.',11,'2021-12-21 17:41:52'),(31,'Verificar, em caso de haver revenda de GLP no posto de abastecimento, se está em conformidade com pr',11,'2021-12-21 17:41:14'),(32,'Verificar se há sinalização(ões) de proibição do tipo “proibido fumar” na área de abastecimento.',11,'2021-12-21 17:42:19');
/*!40000 ALTER TABLE `vistoriacontroleambiental` ENABLE KEYS */;
UNLOCK TABLES;

--
-- Table structure for table `vistoriafile`
--

DROP TABLE IF EXISTS `vistoriafile`;
/*!40101 SET @saved_cs_client     = @@character_set_client */;
/*!40101 SET character_set_client = utf8 */;
CREATE TABLE `vistoriafile` (
  `id` int(10) unsigned NOT NULL AUTO_INCREMENT,
  `vistoriaId` int(10) unsigned NOT NULL,
  `filename` varchar(255) NOT NULL,
  `path` text NOT NULL,
  `size` int(11) DEFAULT NULL,
  PRIMARY KEY (`id`),
  KEY `fileVistoriaIdFk_idx` (`vistoriaId`),
  CONSTRAINT `fileVistoriaIdFk` FOREIGN KEY (`vistoriaId`) REFERENCES `vistoria` (`id`) ON DELETE CASCADE ON UPDATE CASCADE
) ENGINE=InnoDB AUTO_INCREMENT=7 DEFAULT CHARSET=latin1;
/*!40101 SET character_set_client = @saved_cs_client */;

--
-- Dumping data for table `vistoriafile`
--

LOCK TABLES `vistoriafile` WRITE;
/*!40000 ALTER TABLE `vistoriafile` DISABLE KEYS */;
INSERT INTO `vistoriafile` VALUES (2,3,'Checklist_UX-0207200847180.pdf','uploads/possamai/vistoriafiles/3/Checklist_UX-0207200847180.pdf',149012),(3,7,'startup-em-uma-máquina-de-vendas-5fd034ed0b2b4.pdf','uploads/possamai/vistoriafiles/7/startup-em-uma-máquina-de-vendas-5fd034ed0b2b4.pdf',3583527),(6,9,'startup-em-uma-máquina-de-vendas-5fd03653a9b4b.pdf','uploads/possamai/vistoriafiles/9/startup-em-uma-máquina-de-vendas-5fd03653a9b4b.pdf',3583527);
/*!40000 ALTER TABLE `vistoriafile` ENABLE KEYS */;
UNLOCK TABLES;

--
-- Table structure for table `vistoriafoto`
--

DROP TABLE IF EXISTS `vistoriafoto`;
/*!40101 SET @saved_cs_client     = @@character_set_client */;
/*!40101 SET character_set_client = utf8 */;
CREATE TABLE `vistoriafoto` (
  `id` int(10) unsigned NOT NULL AUTO_INCREMENT,
  `vistoriaId` int(10) unsigned NOT NULL,
  `filename` varchar(255) NOT NULL,
  `path` text NOT NULL,
  `size` int(11) unsigned DEFAULT NULL,
  `thumbPath` text,
  `descricao` text,
  `controleId` int(10) unsigned DEFAULT NULL,
  `arquivoId` int(10) DEFAULT NULL,
  `thumbArquivoId` int(10) DEFAULT NULL,
  PRIMARY KEY (`id`),
  KEY `vistoriafoto_arquivoFK` (`arquivoId`),
  KEY `vistoriafoto_arquivoThumbFK` (`thumbArquivoId`),
  CONSTRAINT `vistoriafoto_arquivoFK` FOREIGN KEY (`arquivoId`) REFERENCES `arquivo` (`id`) ON DELETE SET NULL ON UPDATE SET NULL,
  CONSTRAINT `vistoriafoto_arquivoThumbFK` FOREIGN KEY (`thumbArquivoId`) REFERENCES `arquivo` (`id`) ON DELETE SET NULL ON UPDATE SET NULL
) ENGINE=InnoDB AUTO_INCREMENT=32 DEFAULT CHARSET=latin1;
/*!40101 SET character_set_client = @saved_cs_client */;

--
-- Dumping data for table `vistoriafoto`
--

LOCK TABLES `vistoriafoto` WRITE;
/*!40000 ALTER TABLE `vistoriafoto` DISABLE KEYS */;
INSERT INTO `vistoriafoto` VALUES (2,3,'DIA DO ENGENHEIRO DE SANEAMENTO-0207200848530.jpg','uploads/possamai/vistoriafotos/3/DIA DO ENGENHEIRO DE SANEAMENTO-0207200848530.jpg',139869,'uploads/possamai/vistoriafotos/3/DIA DO ENGENHEIRO DE SANEAMENTO-0207200848530.thumb.jpg','Registro do tratamento de efluentes',1,NULL,NULL),(3,6,'Capture001-5f773ec74b344.png','uploads/possamai/vistoriafotos/6/Capture001-5f773ec74b344.png',126344,'uploads/possamai/vistoriafotos/6/Capture001-5f773ec74b344.thumb.png','',0,NULL,NULL),(4,8,'AWS  PIPELINE-5f89df521a4a6.PNG','uploads/possamai/vistoriafotos/8/AWS  PIPELINE-5f89df521a4a6.PNG',90452,'uploads/possamai/vistoriafotos/8/AWS  PIPELINE-5f89df521a4a6.PNG',NULL,NULL,NULL,NULL),(12,10,'logo-6010622ea0f7c.jpg','uploads/possamai/vistoriafotos/10/logo-6010622ea0f7c.jpg',9958,'uploads/possamai/vistoriafotos/10/logo-6010622ea0f7c.thumb.jpg','Exemplo de imagem',2,NULL,NULL),(14,1,'a-60394ab7745bc.jpg','uploads/possamai/vistoriafotos/1/a-60394ab7745bc.jpg',349774,'uploads/possamai/vistoriafotos/1/a-60394ab7745bc.thumb.jpg','Exemplo de imagem',2,NULL,NULL),(15,1,'b-60394ab77deba.jpg','uploads/possamai/vistoriafotos/1/b-60394ab77deba.jpg',202511,'uploads/possamai/vistoriafotos/1/b-60394ab77deba.thumb.jpg','Exemplo de imagem',2,NULL,NULL),(17,1,'cc-60394fa1a22f3.jpg','uploads/possamai/vistoriafotos/1/cc-60394fa1a22f3.jpg',186646,'uploads/possamai/vistoriafotos/1/cc-60394fa1a22f3.thumb.jpg','Exemplo de imagem',2,NULL,NULL),(18,11,'Drenagem_Postos_Combustivel_ACO_4-60ef1eca6fbc3.jpg','uploads/possamai/vistoriafotos/11/Drenagem_Postos_Combustivel_ACO_4-60ef1eca6fbc3.jpg',173571,'uploads/possamai/vistoriafotos/11/Drenagem_Postos_Combustivel_ACO_4-60ef1eca6fbc3.thumb.jpg','Vista 01',17,NULL,NULL),(19,11,'posto-combustiveis-licenciamento-ambiental-60ef1eca79406.jpg','uploads/possamai/vistoriafotos/11/posto-combustiveis-licenciamento-ambiental-60ef1eca79406.jpg',174346,'uploads/possamai/vistoriafotos/11/posto-combustiveis-licenciamento-ambiental-60ef1eca79406.thumb.jpg','Vista 02',22,NULL,NULL),(20,19,'images-61aa5f41bfbc0.jpg','uploads/possamai/vistoriafotos/19/images-61aa5f41bfbc0.jpg',6265,'uploads/possamai/vistoriafotos/19/images-61aa5f41bfbc0.thumb.jpg','Banheiros',15,NULL,NULL),(22,14,'armazenamento de sucata metálica-61c1c832adefe.png','uploads/possamai/vistoriafotos/14/armazenamento de sucata metálica-61c1c832adefe.png',304233,'uploads/possamai/vistoriafotos/14/armazenamento de sucata metálica-61c1c832adefe.thumb.png','Armazenamento',4,NULL,NULL),(23,14,'manuseio de sucata metálica-61c1c832bf1f7.png','uploads/possamai/vistoriafotos/14/manuseio de sucata metálica-61c1c832bf1f7.png',304402,'uploads/possamai/vistoriafotos/14/manuseio de sucata metálica-61c1c832bf1f7.thumb.png','Manuseio',2,NULL,NULL),(24,14,'sucata metálica compactada-61c1c832d16d1.png','uploads/possamai/vistoriafotos/14/sucata metálica compactada-61c1c832d16d1.png',264832,'uploads/possamai/vistoriafotos/14/sucata metálica compactada-61c1c832d16d1.thumb.png','Armazenamento final',4,NULL,NULL),(25,15,'embalagem-61c1db70885f0.jpg','uploads/possamai/vistoriafotos/15/embalagem-61c1db70885f0.jpg',9283,'uploads/possamai/vistoriafotos/15/embalagem-61c1db70885f0.thumb.jpg','Bobina',0,NULL,NULL),(26,15,'fábrica-61c1db708b35a.jpg','uploads/possamai/vistoriafotos/15/fábrica-61c1db708b35a.jpg',13751,'uploads/possamai/vistoriafotos/15/fábrica-61c1db708b35a.thumb.jpg','Fábrica',0,NULL,NULL),(27,15,'setor embalagens-61c1db708d585.jpg','uploads/possamai/vistoriafotos/15/setor embalagens-61c1db708d585.jpg',10244,'uploads/possamai/vistoriafotos/15/setor embalagens-61c1db708d585.thumb.jpg','Estoque',0,NULL,NULL),(28,11,'posto-bombas-61c2128c786a9.jpg','uploads/possamai/vistoriafotos/11/posto-bombas-61c2128c786a9.jpg',32586,'uploads/possamai/vistoriafotos/11/posto-bombas-61c2128c786a9.thumb.jpg','Vista 03',30,NULL,NULL),(29,12,'posto1-61c2132aeef9d.jpg','uploads/possamai/vistoriafotos/12/posto1-61c2132aeef9d.jpg',14618,'uploads/possamai/vistoriafotos/12/posto1-61c2132aeef9d.thumb.jpg','Piso',0,NULL,NULL),(30,12,'posto2-61c2132af1561.jpg','uploads/possamai/vistoriafotos/12/posto2-61c2132af1561.jpg',11022,'uploads/possamai/vistoriafotos/12/posto2-61c2132af1561.thumb.jpg','Tanque',0,NULL,NULL),(31,12,'posto-bombas-61c2132af35da.jpg','uploads/possamai/vistoriafotos/12/posto-bombas-61c2132af35da.jpg',32586,'uploads/possamai/vistoriafotos/12/posto-bombas-61c2132af35da.thumb.jpg','Bombas',0,NULL,NULL);
/*!40000 ALTER TABLE `vistoriafoto` ENABLE KEYS */;
UNLOCK TABLES;

--
-- Table structure for table `vistoriaitem`
--

DROP TABLE IF EXISTS `vistoriaitem`;
/*!40101 SET @saved_cs_client     = @@character_set_client */;
/*!40101 SET character_set_client = utf8 */;
CREATE TABLE `vistoriaitem` (
  `id` int(10) unsigned NOT NULL AUTO_INCREMENT,
  `vistoriaId` int(10) unsigned NOT NULL,
  `itemId` int(10) unsigned NOT NULL,
  `ehConforme` int(1) DEFAULT NULL,
  `observacao` text,
  PRIMARY KEY (`id`)
) ENGINE=InnoDB AUTO_INCREMENT=2392 DEFAULT CHARSET=latin1;
/*!40101 SET character_set_client = @saved_cs_client */;

--
-- Dumping data for table `vistoriaitem`
--

LOCK TABLES `vistoriaitem` WRITE;
/*!40000 ALTER TABLE `vistoriaitem` DISABLE KEYS */;
INSERT INTO `vistoriaitem` VALUES (57,2,5,0,''),(100,4,2,0,''),(101,4,5,0,''),(102,4,1,0,''),(132,8,2,1,''),(133,8,5,1,''),(134,8,1,0,'Não está conforme pois ....'),(135,8,4,0,''),(136,8,3,0,''),(206,7,1,0,'Tudo OK'),(207,7,2,0,''),(208,7,3,1,''),(209,7,4,1,''),(210,7,5,0,'Faltou um item na inspeção'),(226,9,1,0,''),(227,9,2,0,''),(228,9,3,0,''),(229,9,4,0,''),(230,9,5,0,''),(278,3,1,0,''),(279,3,2,0,''),(280,3,4,0,''),(281,3,3,0,''),(298,10,2,0,'Faltou um item na inspeção'),(299,10,5,1,''),(300,10,1,1,''),(301,10,4,0,'Faltou um item na inspeção'),(302,10,3,1,''),(303,6,2,1,''),(304,6,5,1,''),(305,6,1,1,''),(306,6,4,0,'Faltou um item na inspeção'),(360,13,8,0,''),(361,13,2,0,''),(362,13,7,0,''),(488,16,9,0,'Exitem 3 pisos quebrados'),(489,16,10,1,''),(490,16,11,1,''),(513,17,2,0,''),(514,17,4,0,''),(515,17,1,0,'Acompanhado de relatório fotográfico detalhado'),(566,1,1,1,''),(567,1,2,0,'Faltou um item na inspeção'),(568,1,7,1,''),(569,1,8,1,''),(570,1,6,1,''),(579,18,13,1,''),(580,18,12,1,''),(581,18,14,0,''),(1213,12,1,1,''),(1214,12,2,1,''),(1215,12,7,0,'Necessário a limpeza...'),(1216,12,6,1,''),(1217,12,17,0,''),(1218,12,22,0,''),(1219,12,7,0,''),(1220,12,25,1,''),(1221,12,30,1,''),(1222,12,31,0,''),(1223,12,32,1,''),(1224,12,28,0,''),(1259,19,15,0,'Não está conforme pois ......'),(1260,19,16,1,''),(1888,20,17,0,''),(1889,20,22,0,''),(1890,20,7,0,''),(1891,20,25,0,''),(1892,20,30,0,''),(1893,20,31,0,''),(1894,20,32,0,''),(1895,20,28,0,''),(1896,20,17,0,''),(1897,20,22,0,''),(1898,20,7,0,''),(1899,20,25,0,''),(1900,20,30,0,''),(1901,20,31,0,''),(1902,20,32,0,''),(1903,20,28,0,''),(1904,20,1,0,''),(1905,20,2,0,''),(1906,20,4,0,''),(1907,21,17,0,''),(1908,21,22,0,''),(1909,21,7,0,''),(1910,21,25,0,''),(1911,21,30,0,''),(1912,21,31,0,''),(1913,21,32,0,''),(1914,21,28,0,''),(1915,21,17,0,''),(1916,21,22,0,''),(1917,21,7,0,''),(1918,21,25,0,''),(1919,21,30,0,''),(1920,21,31,0,''),(1921,21,32,0,''),(1922,21,28,0,''),(1923,21,1,0,''),(1924,21,2,0,''),(1925,21,4,0,''),(1926,21,17,0,''),(1927,21,22,0,''),(1928,21,7,0,''),(1929,21,25,0,''),(1930,21,30,0,''),(1931,21,31,0,''),(1932,21,32,0,''),(1933,21,28,0,''),(1934,21,17,0,''),(1935,21,22,0,''),(1936,21,7,0,''),(1937,21,25,0,''),(1938,21,30,0,''),(1939,21,31,0,''),(1940,21,32,0,''),(1941,21,28,0,''),(1942,21,8,0,''),(1943,21,2,0,''),(1944,21,17,0,''),(1945,21,22,0,''),(1946,21,7,0,''),(1947,21,25,0,''),(1948,21,30,0,''),(1949,21,31,0,''),(1950,21,32,0,''),(1951,21,28,0,''),(1952,21,17,0,''),(1953,21,22,0,''),(1954,21,7,0,''),(1955,21,25,0,''),(1956,21,30,0,''),(1957,21,31,0,''),(1958,21,32,0,''),(1959,21,28,0,''),(2167,23,17,0,NULL),(2168,23,22,0,NULL),(2169,23,7,0,NULL),(2170,23,25,0,NULL),(2171,23,30,0,NULL),(2172,23,31,0,NULL),(2173,23,32,0,NULL),(2174,23,28,0,NULL),(2175,23,17,0,NULL),(2176,23,22,0,NULL),(2177,23,7,0,NULL),(2178,23,25,0,NULL),(2179,23,30,0,NULL),(2180,23,31,0,NULL),(2181,23,32,0,NULL),(2182,23,28,0,NULL),(2183,23,1,0,NULL),(2184,23,2,0,NULL),(2185,23,4,0,NULL),(2186,23,17,0,NULL),(2187,23,22,0,NULL),(2188,23,7,0,NULL),(2189,23,25,0,NULL),(2190,23,30,0,NULL),(2191,23,31,0,NULL),(2192,23,32,0,NULL),(2193,23,28,0,NULL),(2194,23,17,0,NULL),(2195,23,22,0,NULL),(2196,23,7,0,NULL),(2197,23,25,0,NULL),(2198,23,30,0,NULL),(2199,23,31,0,NULL),(2200,23,32,0,NULL),(2201,23,28,0,NULL),(2202,23,8,0,NULL),(2203,23,2,0,NULL),(2204,23,17,0,NULL),(2205,23,22,0,NULL),(2206,23,7,0,NULL),(2207,23,25,0,NULL),(2208,23,30,0,NULL),(2209,23,31,0,NULL),(2210,23,32,0,NULL),(2211,23,28,0,NULL),(2212,23,17,0,NULL),(2213,23,22,0,NULL),(2214,23,7,0,NULL),(2215,23,25,0,NULL),(2216,23,30,0,NULL),(2217,23,31,0,NULL),(2218,23,32,0,NULL),(2219,23,28,0,NULL),(2220,23,17,0,NULL),(2221,23,22,0,NULL),(2222,23,7,0,NULL),(2223,23,25,0,NULL),(2224,23,30,0,NULL),(2225,23,31,0,NULL),(2226,23,32,0,NULL),(2227,23,28,0,NULL),(2228,23,17,0,NULL),(2229,23,22,0,NULL),(2230,23,7,0,NULL),(2231,23,25,0,NULL),(2232,23,30,0,NULL),(2233,23,31,0,NULL),(2234,23,32,0,NULL),(2235,23,28,0,NULL),(2236,23,17,0,NULL),(2237,23,22,0,NULL),(2238,23,7,0,NULL),(2239,23,25,0,NULL),(2240,23,30,0,NULL),(2241,23,31,0,NULL),(2242,23,32,0,NULL),(2243,23,28,0,NULL),(2247,11,17,1,'Faltou um item na inspeção'),(2248,11,22,1,'Está conforme pois ....'),(2249,11,7,1,'Necessário a limpeza...'),(2250,11,25,1,''),(2251,11,30,1,''),(2252,11,31,1,''),(2253,11,32,1,''),(2254,11,28,1,''),(2255,11,17,0,''),(2256,11,22,1,''),(2257,11,7,0,''),(2258,11,25,0,''),(2259,11,30,0,''),(2260,11,31,0,''),(2261,11,32,0,''),(2262,11,28,0,''),(2263,14,1,0,''),(2264,14,2,0,''),(2265,14,4,0,''),(2266,15,4,0,''),(2267,15,23,0,''),(2268,15,26,0,''),(2269,15,27,0,''),(2331,22,17,0,''),(2332,22,22,0,''),(2333,22,7,0,''),(2334,22,25,0,''),(2335,22,30,0,''),(2336,22,31,0,''),(2337,22,32,0,''),(2338,22,28,0,''),(2339,22,17,0,''),(2340,22,22,0,''),(2341,22,7,0,''),(2342,22,25,0,''),(2343,22,30,0,''),(2344,22,31,0,''),(2345,22,32,0,''),(2346,22,28,0,''),(2347,22,1,0,''),(2348,22,2,0,''),(2349,22,4,0,''),(2350,22,17,0,''),(2351,22,22,0,''),(2352,22,7,0,''),(2353,22,25,0,''),(2354,22,30,0,''),(2355,22,31,0,''),(2356,22,32,0,''),(2357,22,28,0,''),(2358,22,17,0,''),(2359,22,22,0,''),(2360,22,7,0,''),(2361,22,25,0,''),(2362,22,30,0,''),(2363,22,31,0,''),(2364,22,32,0,''),(2365,22,28,0,''),(2366,22,8,0,''),(2367,22,2,0,''),(2368,22,17,0,''),(2369,22,22,0,''),(2370,22,7,0,''),(2371,22,25,0,''),(2372,22,30,0,''),(2373,22,31,0,''),(2374,22,32,0,''),(2375,22,28,0,''),(2376,22,17,0,''),(2377,22,22,0,''),(2378,22,7,0,''),(2379,22,25,0,''),(2380,22,30,0,''),(2381,22,31,0,''),(2382,22,32,0,''),(2383,22,28,0,''),(2384,22,17,0,''),(2385,22,22,0,''),(2386,22,7,0,''),(2387,22,25,0,''),(2388,22,30,0,''),(2389,22,31,0,''),(2390,22,32,0,''),(2391,22,28,0,'');
/*!40000 ALTER TABLE `vistoriaitem` ENABLE KEYS */;
UNLOCK TABLES;

--
-- Dumping routines for database 'ambisistest'
--
/*!40103 SET TIME_ZONE=@OLD_TIME_ZONE */;

/*!40101 SET SQL_MODE=@OLD_SQL_MODE */;
/*!40014 SET FOREIGN_KEY_CHECKS=@OLD_FOREIGN_KEY_CHECKS */;
/*!40014 SET UNIQUE_CHECKS=@OLD_UNIQUE_CHECKS */;
/*!40101 SET CHARACTER_SET_CLIENT=@OLD_CHARACTER_SET_CLIENT */;
/*!40101 SET CHARACTER_SET_RESULTS=@OLD_CHARACTER_SET_RESULTS */;
/*!40101 SET COLLATION_CONNECTION=@OLD_COLLATION_CONNECTION */;
/*!40111 SET SQL_NOTES=@OLD_SQL_NOTES */;

-- Dump completed on 2022-04-12 15:16:48

-- A599
ALTER TABLE auth_recurso ADD isPublic TINYINT DEFAULT 0 NOT NULL;
update auth_recurso set isPublic = 1 where recursoNome = 'Application/Controller/Novidades';

-- A586
INSERT INTO configuracaoalertapadrao (recursoId,valorAlerta,tipo,`name`,nomeExibicao,subtitulo) VALUES ((SELECT id FROM auth_recurso WHERE recursoNome = 'Application/Controller/Empreendimento'),15,'caso-nulo','alertaDocumentoValidade','Validade','Documento');

-- A597
ALTER TABLE clientefile DROP FOREIGN KEY fk_clientefile_cliente;
ALTER TABLE clientefile ADD CONSTRAINT clientefile_FK FOREIGN KEY (clienteId) REFERENCES cliente(id) ON DELETE CASCADE ON UPDATE CASCADE;
ALTER TABLE clientefile DROP COLUMN `path`;
ALTER TABLE clientefile DROP COLUMN `filename`;
ALTER TABLE clientefile DROP COLUMN `size`;

ALTER TABLE clienteartfile DROP COLUMN `filename`;
ALTER TABLE clienteartfile DROP COLUMN `path`;
ALTER TABLE clienteartfile DROP COLUMN `size`;

DROP TABLE condicionantefile;

ALTER TABLE condicionanteentrega DROP COLUMN comprovanteEntregaNome;
ALTER TABLE condicionanteentrega DROP COLUMN comprovanteEntregaPath;

ALTER TABLE empreendimentoartfile DROP COLUMN `filename`;
ALTER TABLE empreendimentoartfile DROP COLUMN `path`;
ALTER TABLE empreendimentoartfile DROP COLUMN `size`;
ALTER TABLE empreendimentoartfile MODIFY COLUMN empreendimentoId int(10) unsigned NULL;
SET foreign_key_checks = 0;
ALTER TABLE empreendimentoartfile ADD CONSTRAINT empreendimentoartfile_FK FOREIGN KEY (empreendimentoId) REFERENCES empreendimento(id) ON DELETE CASCADE ON UPDATE CASCADE;
SET foreign_key_checks = 1;

ALTER TABLE empreendimentofile DROP COLUMN `filename`;
ALTER TABLE empreendimentofile DROP COLUMN `path`;
ALTER TABLE empreendimentofile DROP COLUMN `size`;

DROP TABLE crfile;

DROP TABLE licencafile;

DROP TABLE manejoflorestalfile;

DROP TABLE mtrfile;

ALTER TABLE oficio DROP COLUMN oficioFilename;
ALTER TABLE oficio DROP COLUMN oficioFilePath;
ALTER TABLE oficio DROP COLUMN oficioFileSize;

DROP TABLE oficiofile;

ALTER TABLE oficiofoto DROP COLUMN `filename`;
ALTER TABLE oficiofoto DROP COLUMN `path`;
ALTER TABLE oficiofoto DROP COLUMN `size`;
ALTER TABLE oficiofoto DROP COLUMN thumbPath;

ALTER TABLE orcamento DROP COLUMN notaFiscalFileName;
ALTER TABLE orcamento DROP COLUMN notaFiscalPath;
ALTER TABLE orcamento DROP COLUMN notaFiscalSize;

ALTER TABLE orcamentopagamento DROP COLUMN confirmacaoPagamentoFilename;
ALTER TABLE orcamentopagamento DROP COLUMN confirmacaoPagamentoPath;

DROP TABLE pedidolicencadocumentofile;

ALTER TABLE pedidolicencadocumentoitem DROP COLUMN `filename`;
ALTER TABLE pedidolicencadocumentoitem DROP COLUMN filePath;
ALTER TABLE pedidolicencadocumentoitem DROP COLUMN fileSize;

DROP TABLE pedidolicencadocumentofileresponsavel;

DROP TABLE pedidolicencafile;

DROP TABLE projetofile;

DROP TABLE protocolofile;

ALTER TABLE vistoria DROP COLUMN sinaleiraFilename;
ALTER TABLE vistoria DROP COLUMN sinaleiraFilePath;
ALTER TABLE vistoria DROP COLUMN sinaleiraFileSize;

DROP TABLE vistoriafile;

ALTER TABLE vistoriafoto DROP COLUMN `filename`;
ALTER TABLE vistoriafoto DROP COLUMN `path`;
ALTER TABLE vistoriafoto DROP COLUMN `size`;
ALTER TABLE vistoriafoto DROP COLUMN thumbPath;


-- Fixes

SET foreign_key_checks = 0;
ALTER TABLE vistoria DROP FOREIGN KEY clienteVistoriaId;
ALTER TABLE vistoria ADD CONSTRAINT clienteVistoriaId FOREIGN KEY (clienteId) REFERENCES cliente(id) ON DELETE CASCADE ON UPDATE CASCADE;

ALTER TABLE mtr DROP FOREIGN KEY clienteidfkkk;
ALTER TABLE mtr ADD CONSTRAINT clienteidfkkk FOREIGN KEY (clienteId) REFERENCES cliente(id) ON DELETE CASCADE ON UPDATE CASCADE;
SET foreign_key_checks = 1;